Date,Adj Close,Close,High,Low,Open,Volume
2021-08-10,36.50199890136719,36.50199890136719,38.5,36.5,36.80099868774414,58570
2021-08-11,36.36199951171875,36.36199951171875,43.70000076293945,36.025001525878906,38.525001525878906,26760
2021-08-12,36.683998107910156,36.683998107910156,37.400001525878906,36.15299987792969,37.0890007019043,105520
2021-08-13,36.9739990234375,36.9739990234375,37.099998474121094,36.683998107910156,36.79999923706055,35570
2021-08-16,37.01599884033203,37.01599884033203,39.20000076293945,36.36000061035156,39.20000076293945,20320
2021-08-17,37.26100158691406,37.26100158691406,37.70000076293945,36.900001525878906,37.099998474121094,32230
2021-08-18,37.77299880981445,37.77299880981445,39.20000076293945,37.099998474121094,39.20000076293945,84450
2021-08-20,38.37300109863281,38.37300109863281,38.499000549316406,37.551998138427734,38.499000549316406,71730
2021-08-23,38.62099838256836,38.62099838256836,43.0,38.400001525878906,39.13999938964844,165230
2021-08-24,38.27299880981445,38.27299880981445,38.595001220703125,38.0989990234375,38.494998931884766,23930
2021-08-25,38.58100128173828,38.58100128173828,38.847999572753906,38.20000076293945,38.599998474121094,36850
2021-08-26,38.96799850463867,38.96799850463867,41.900001525878906,38.0,41.900001525878906,62250
2021-08-27,38.79199981689453,38.79199981689453,38.900001525878906,38.5260009765625,38.900001525878906,26670
2021-08-30,39.21799850463867,39.21799850463867,39.599998474121094,38.709999084472656,39.56800079345703,47230
2021-08-31,39.40399932861328,39.40399932861328,39.88999938964844,39.20000076293945,39.5,131060
2021-09-01,39.757999420166016,39.757999420166016,39.900001525878906,39.066001892089844,39.900001525878906,54410
2021-09-02,40.349998474121094,40.349998474121094,40.64899826049805,39.79999923706055,39.79999923706055,29920
2021-09-03,40.30799865722656,40.30799865722656,40.70000076293945,40.15999984741211,40.400001525878906,47530
2021-09-06,40.30099868774414,40.30099868774414,41.16999816894531,40.290000915527344,41.16999816894531,27490
2021-09-07,40.41899871826172,40.41899871826172,40.99399948120117,40.11800003051758,40.99399948120117,9280
2021-09-08,40.266998291015625,40.266998291015625,41.099998474121094,40.099998474121094,41.099998474121094,9390
2021-09-09,40.54199981689453,40.54199981689453,41.0,40.111000061035156,41.0,17200
2021-09-13,40.68000030517578,40.68000030517578,41.0,40.5,40.599998474121094,22500
2021-09-14,40.62200164794922,40.62200164794922,41.494998931884766,40.505001068115234,41.494998931884766,19800
2021-09-15,40.54899978637695,40.54899978637695,41.900001525878906,40.45000076293945,41.900001525878906,203820
2021-09-16,41.07600021362305,41.07600021362305,41.18000030517578,40.49700164794922,40.49700164794922,71380
2021-09-17,40.96900177001953,40.96900177001953,41.689998626708984,40.69499969482422,41.689998626708984,32150
2021-09-20,41.334999084472656,41.334999084472656,41.63999938964844,40.959999084472656,41.5,26460
2021-09-21,41.595001220703125,41.595001220703125,41.70000076293945,40.362998962402344,41.654998779296875,19090
2021-09-22,41.68000030517578,41.68000030517578,41.75,41.5,41.599998474121094,15070
2021-09-23,41.500999450683594,41.500999450683594,42.20000076293945,41.0,41.79999923706055,65430
2021-09-24,41.16999816894531,41.16999816894531,41.93899917602539,41.099998474121094,41.500999450683594,26550
2021-09-27,40.91999816894531,40.91999816894531,41.9900016784668,40.650001525878906,41.9900016784668,26820
2021-09-28,40.75199890136719,40.75199890136719,41.20000076293945,40.604000091552734,41.099998474121094,26410
2021-09-29,40.4900016784668,40.4900016784668,41.494998931884766,40.33100128173828,41.494998931884766,29090
2021-09-30,40.54899978637695,40.54899978637695,40.900001525878906,40.29999923706055,40.70000076293945,20980
2021-10-01,40.27000045776367,40.27000045776367,40.54899978637695,40.07600021362305,40.54899978637695,28160
2021-10-04,40.520999908447266,40.520999908447266,40.62900161743164,40.25,40.25,22490
2021-10-05,40.487998962402344,40.487998962402344,41.77000045776367,39.62300109863281,41.77000045776367,16500
2021-10-06,40.292999267578125,40.292999267578125,41.099998474121094,40.099998474121094,41.099998474121094,85640
2021-10-07,40.33399963378906,40.33399963378906,40.70000076293945,40.10100173950195,40.400001525878906,7580
2021-10-08,40.04499816894531,40.04499816894531,40.599998474121094,40.005001068115234,40.599998474121094,94520
2021-10-11,40.27899932861328,40.27899932861328,40.31999969482422,39.69499969482422,39.994998931884766,22820
2021-10-12,40.612998962402344,40.612998962402344,41.470001220703125,39.51300048828125,41.470001220703125,55290
2021-10-13,40.95899963378906,40.95899963378906,41.18000030517578,40.70000076293945,40.70000076293945,15500
2021-10-14,41.47200012207031,41.47200012207031,42.369998931884766,40.900001525878906,40.900001525878906,35960
2021-10-18,41.57899856567383,41.57899856567383,41.779998779296875,41.400001525878906,41.50400161743164,22130
2021-10-19,40.3120002746582,40.3120002746582,42.77000045776367,40.28499984741211,42.77000045776367,98850
2021-10-20,39.79399871826172,39.79399871826172,41.0,39.49100112915039,40.70000076293945,84580
2021-10-21,39.45199966430664,39.45199966430664,40.70000076293945,39.26499938964844,40.599998474121094,56730
2021-10-22,38.939998626708984,38.939998626708984,39.994998931884766,38.79100036621094,39.5,91220
2021-10-25,38.58000183105469,38.58000183105469,39.7400016784668,38.25,39.7400016784668,53410
2021-10-26,38.856998443603516,38.856998443603516,39.37900161743164,38.58300018310547,39.37900161743164,37610
2021-10-27,39.0890007019043,39.0890007019043,39.39899826049805,38.900001525878906,38.900001525878906,34640
2021-10-28,38.39799880981445,38.39799880981445,39.5,38.20000076293945,39.20000076293945,149180
2021-10-29,38.361000061035156,38.361000061035156,38.724998474121094,38.0,38.724998474121094,16830
2021-11-01,38.81800079345703,38.81800079345703,39.20000076293945,38.29999923706055,39.20000076293945,31030
2021-11-02,38.72700119018555,38.72700119018555,38.900001525878906,38.56999969482422,38.81800079345703,23070
2021-11-03,38.46099853515625,38.46099853515625,39.1619987487793,38.095001220703125,39.1619987487793,20020
2021-11-04,38.819000244140625,38.819000244140625,39.499000549316406,38.79999923706055,39.499000549316406,23800
2021-11-08,39.06100082397461,39.06100082397461,39.400001525878906,38.4010009765625,39.400001525878906,35240
2021-11-09,39.17900085449219,39.17900085449219,39.189998626708984,39.040000915527344,39.099998474121094,22920
2021-11-10,38.95100021362305,38.95100021362305,39.900001525878906,38.70000076293945,39.900001525878906,19430
2021-11-11,38.6870002746582,38.6870002746582,39.869998931884766,38.494998931884766,39.869998931884766,23350
2021-11-12,39.09700012207031,39.09700012207031,39.1150016784668,38.685001373291016,38.6870002746582,26650
2021-11-15,39.36199951171875,39.36199951171875,39.39400100708008,38.75,39.20000076293945,52790
2021-11-16,39.22600173950195,39.22600173950195,39.499000549316406,39.0,39.400001525878906,56530
2021-11-17,39.183998107910156,39.183998107910156,39.39899826049805,39.0,39.22600173950195,17230
2021-11-18,39.06800079345703,39.06800079345703,39.25,38.81999969482422,39.183998107910156,17180
2021-11-22,38.40999984741211,38.40999984741211,39.09000015258789,38.3120002746582,39.09000015258789,52680
2021-11-23,38.766998291015625,38.766998291015625,38.77000045776367,38.40999984741211,38.59000015258789,19290
2021-11-24,38.375,38.375,39.766998291015625,38.310001373291016,39.766998291015625,23250
2021-11-25,38.39899826049805,38.39899826049805,38.43899917602539,38.05099868774414,38.375,79970
2021-11-26,37.840999603271484,37.840999603271484,38.400001525878906,37.79999923706055,38.400001525878906,47260
2021-11-29,37.43199920654297,37.43199920654297,38.099998474121094,37.040000915527344,37.040000915527344,51390
2021-11-30,37.74700164794922,37.74700164794922,38.185001373291016,37.45100021362305,38.185001373291016,101370
2021-12-01,37.65800094604492,37.65800094604492,38.400001525878906,37.29499816894531,37.61000061035156,19970
2021-12-02,37.902000427246094,37.902000427246094,38.369998931884766,37.61000061035156,38.369998931884766,400700
2021-12-03,37.729000091552734,37.729000091552734,38.290000915527344,37.606998443603516,38.290000915527344,340730
2021-12-06,37.13999938964844,37.13999938964844,38.25,37.0,38.25,48730
2021-12-07,37.28499984741211,37.28499984741211,37.499000549316406,37.000999450683594,37.099998474121094,21590
2021-12-08,37.689998626708984,37.689998626708984,37.79899978637695,37.400001525878906,37.79899978637695,38740
2021-12-09,38.18199920654297,38.18199920654297,38.29999923706055,37.599998474121094,37.999000549316406,97870
2021-12-10,38.29999923706055,38.29999923706055,38.400001525878906,37.80099868774414,37.80099868774414,78520
2021-12-13,37.95100021362305,37.95100021362305,38.599998474121094,37.95000076293945,38.00299835205078,12540
2021-12-14,37.81999969482422,37.81999969482422,38.07899856567383,37.62699890136719,37.95199966430664,5880
2021-12-15,37.479000091552734,37.479000091552734,37.94900131225586,37.439998626708984,37.94900131225586,13110
2021-12-16,37.37699890136719,37.37699890136719,37.89899826049805,37.209999084472656,37.89899826049805,53510
2021-12-17,36.64899826049805,36.64899826049805,37.637001037597656,36.630001068115234,37.040000915527344,65710
2021-12-20,36.18199920654297,36.18199920654297,36.900001525878906,36.0,36.64899826049805,72780
2021-12-21,36.4900016784668,36.4900016784668,36.79800033569336,36.02299880981445,36.02299880981445,16520
2021-12-22,36.638999938964844,36.638999938964844,36.89899826049805,36.5,36.89899826049805,112560
2021-12-23,37.04600143432617,37.04600143432617,37.099998474121094,36.750999450683594,36.79999923706055,16970
2021-12-24,37.060001373291016,37.060001373291016,37.499000549316406,36.95899963378906,37.099998474121094,36190
2021-12-27,37.09299850463867,37.09299850463867,37.39899826049805,36.35499954223633,37.39899826049805,18690
2021-12-28,37.189998626708984,37.189998626708984,37.499000549316406,37.099998474121094,37.499000549316406,27420
2021-12-29,37.165000915527344,37.165000915527344,37.558998107910156,37.099998474121094,37.558998107910156,33970
2021-12-30,37.21799850463867,37.21799850463867,37.29899978637695,37.14099884033203,37.20000076293945,29530
2021-12-31,37.75199890136719,37.75199890136719,37.784000396728516,37.270999908447266,37.400001525878906,18280
2022-01-03,37.78499984741211,37.78499984741211,38.19900131225586,37.0,38.19900131225586,45270
2022-01-04,37.917999267578125,37.917999267578125,38.198001861572266,37.0099983215332,37.78499984741211,42120
2022-01-05,37.92900085449219,37.92900085449219,38.194000244140625,37.75199890136719,38.194000244140625,16080
2022-01-06,37.75199890136719,37.75199890136719,38.19300079345703,37.130001068115234,37.92900085449219,43410
2022-01-07,37.902000427246094,37.902000427246094,38.09000015258789,37.5629997253418,38.09000015258789,12660
2022-01-10,38.08599853515625,38.08599853515625,38.20000076293945,37.900001525878906,38.0,19900
2022-01-11,38.0359992980957,38.0359992980957,38.29899978637695,37.900001525878906,38.29899978637695,20620
2022-01-12,37.965999603271484,37.965999603271484,38.099998474121094,37.507999420166016,38.0359992980957,32340
2022-01-13,38.034000396728516,38.034000396728516,38.20000076293945,37.970001220703125,37.970001220703125,13510
2022-01-14,37.95600128173828,37.95600128173828,38.17499923706055,37.85100173950195,37.970001220703125,17850
2022-01-17,38.12699890136719,38.12699890136719,38.20000076293945,37.494998931884766,37.95600128173828,55390
2022-01-18,37.678001403808594,37.678001403808594,38.597999572753906,37.5,38.12699890136719,40070
2022-01-19,37.34299850463867,37.34299850463867,38.0989990234375,37.29100036621094,37.678001403808594,38540
2022-01-20,36.86000061035156,36.86000061035156,37.89899826049805,36.7599983215332,37.70000076293945,98790
2022-01-21,36.915000915527344,36.915000915527344,37.39099884033203,36.6150016784668,36.86000061035156,67640
2022-01-24,36.34299850463867,36.34299850463867,37.39899826049805,36.14500045776367,37.39899826049805,258310
2022-01-25,36.680999755859375,36.680999755859375,37.20000076293945,35.98099899291992,36.400001525878906,154540
2022-01-27,36.125999450683594,36.125999450683594,36.79999923706055,35.801998138427734,36.5,76440
2022-01-28,36.3489990234375,36.3489990234375,36.70000076293945,36.20000076293945,36.69900131225586,20120
2022-01-31,36.555999755859375,36.555999755859375,36.79999923706055,35.62200164794922,36.3489990234375,58530
2022-02-01,37.26599884033203,37.26599884033203,37.33000183105469,36.720001220703125,37.29899978637695,69700
2022-02-02,37.59199905395508,37.59199905395508,37.89899826049805,37.11000061035156,37.89899826049805,32000
2022-02-03,37.4739990234375,37.4739990234375,37.999000549316406,37.400001525878906,37.70000076293945,14070
2022-02-04,37.551998138427734,37.551998138427734,38.487998962402344,36.400001525878906,37.02000045776367,57900
2022-02-07,36.939998626708984,36.939998626708984,37.99800109863281,36.849998474121094,37.99800109863281,14160
2022-02-08,36.78799819946289,36.78799819946289,37.20000076293945,36.6510009765625,36.939998626708984,289940
2022-02-09,36.986000061035156,36.986000061035156,37.29800033569336,36.85100173950195,37.29800033569336,100120
2022-02-10,37.12200164794922,37.12200164794922,37.25,36.7599983215332,37.04899978637695,99530
2022-02-11,36.82400131225586,36.82400131225586,37.39899826049805,36.724998474121094,37.119998931884766,17450
2022-02-14,36.194000244140625,36.194000244140625,37.099998474121094,36.099998474121094,37.099998474121094,151170
2022-02-15,36.79600143432617,36.79600143432617,36.941001892089844,36.194000244140625,36.698001861572266,26480
2022-02-16,36.81800079345703,36.81800079345703,37.19900131225586,36.553001403808594,37.19900131225586,22130
2022-02-17,36.9119987487793,36.9119987487793,37.29899978637695,36.0,37.29899978637695,16890
2022-02-18,36.83700180053711,36.83700180053711,37.099998474121094,36.72600173950195,36.95000076293945,4730
2022-02-21,36.584999084472656,36.584999084472656,37.29800033569336,36.45100021362305,37.099998474121094,485850
2022-02-22,36.27799987792969,36.27799987792969,36.79899978637695,36.0,36.58000183105469,33710
2022-02-23,36.38600158691406,36.38600158691406,36.70000076293945,36.250999450683594,36.5,6530
2022-02-24,35.55500030517578,35.55500030517578,36.29899978637695,35.20000076293945,36.29899978637695,115270
2022-02-25,35.72600173950195,35.72600173950195,36.25,35.5,36.25,45720
2022-02-28,35.81999969482422,35.81999969482422,35.959999084472656,35.11000061035156,35.71500015258789,46460
2022-03-02,35.75699996948242,35.75699996948242,35.959999084472656,35.45100021362305,35.79999923706055,17640
2022-03-03,35.46699905395508,35.46699905395508,36.0,35.441001892089844,36.0,23550
2022-03-04,35.130001068115234,35.130001068115234,35.779998779296875,34.70000076293945,35.69900131225586,153410
2022-03-07,34.04199981689453,34.04199981689453,35.29899978637695,33.95899963378906,35.29899978637695,71540
2022-03-08,34.224998474121094,34.224998474121094,35.0,33.79999923706055,35.0,46730
2022-03-09,34.84199905395508,34.84199905395508,35.290000915527344,34.270999908447266,34.5989990234375,71800
2022-03-10,35.81100082397461,35.81100082397461,35.900001525878906,35.0,35.79800033569336,55050
2022-03-11,36.05099868774414,36.05099868774414,36.29899978637695,35.6879997253418,36.29899978637695,11240
2022-03-14,36.000999450683594,36.000999450683594,36.29399871826172,35.060001373291016,35.060001373291016,141190
2022-03-15,35.95800018310547,35.95800018310547,36.29999923706055,35.79999923706055,36.29999923706055,10730
2022-03-16,36.63199996948242,36.63199996948242,36.73500061035156,36.05099868774414,36.18000030517578,20540
2022-03-17,37.02199935913086,37.02199935913086,37.18000030517578,36.275001525878906,36.529998779296875,29650
2022-03-21,36.60300064086914,36.60300064086914,37.5,36.53099822998047,37.5,21560
2022-03-22,36.26900100708008,36.26900100708008,36.88999938964844,35.82500076293945,36.88999938964844,100190
2022-03-23,36.32400131225586,36.32400131225586,37.08000183105469,36.005001068115234,36.28499984741211,65050
2022-03-24,36.15999984741211,36.15999984741211,36.95000076293945,35.9010009765625,36.95000076293945,144040
2022-03-25,35.90800094604492,35.90800094604492,37.279998779296875,35.79999923706055,36.099998474121094,159860
2022-03-28,35.974998474121094,35.974998474121094,36.597999572753906,35.70000076293945,36.597999572753906,33430
2022-03-29,36.189998626708984,36.189998626708984,36.698001861572266,35.5099983215332,36.698001861572266,157080
2022-03-30,36.26300048828125,36.26300048828125,36.79800033569336,35.5,36.79800033569336,34990
2022-03-31,36.70500183105469,36.70500183105469,36.77899932861328,36.26300048828125,36.26300048828125,142370
2022-04-01,36.97600173950195,36.97600173950195,37.189998626708984,36.40999984741211,36.630001068115234,97930
2022-04-04,37.566001892089844,37.566001892089844,37.6349983215332,36.45500183105469,37.49800109863281,96460
2022-04-05,38.005001068115234,38.005001068115234,38.099998474121094,34.0099983215332,38.099998474121094,298570
2022-04-06,37.930999755859375,37.930999755859375,38.099998474121094,37.5,37.95000076293945,64260
2022-04-07,37.84299850463867,37.84299850463867,38.290000915527344,37.625,37.93000030517578,144410
2022-04-08,38.56100082397461,38.56100082397461,38.599998474121094,37.84299850463867,38.189998626708984,170790
2022-04-11,38.65299987792969,38.65299987792969,38.99800109863281,38.35100173950195,38.599998474121094,162840
2022-04-12,38.305999755859375,38.305999755859375,38.65299987792969,38.26599884033203,38.65299987792969,124200
2022-04-13,38.53499984741211,38.53499984741211,38.900001525878906,38.29999923706055,38.305999755859375,30740
2022-04-18,38.64899826049805,38.64899826049805,38.89899826049805,38.11600112915039,38.89899826049805,46580
2022-04-19,38.3120002746582,38.3120002746582,39.06999969482422,38.20100021362305,38.779998779296875,35470
2022-04-20,38.189998626708984,38.189998626708984,38.597999572753906,38.025001525878906,38.597999572753906,30080
2022-04-21,38.356998443603516,38.356998443603516,38.599998474121094,37.702999114990234,38.099998474121094,21690
2022-04-22,38.290000915527344,38.290000915527344,38.5989990234375,38.130001068115234,38.21099853515625,11680
2022-04-25,37.7400016784668,37.7400016784668,38.09000015258789,37.415000915527344,38.09000015258789,44450
2022-04-26,38.229000091552734,38.229000091552734,38.400001525878906,37.79999923706055,38.400001525878906,17560
2022-04-27,38.05099868774414,38.05099868774414,38.29899978637695,37.720001220703125,38.23500061035156,29320
2022-04-28,38.840999603271484,38.840999603271484,38.95500183105469,38.20000076293945,38.249000549316406,41750
2022-04-29,38.856998443603516,38.856998443603516,39.19900131225586,38.29999923706055,38.5,43270
2022-05-02,38.69900131225586,38.69900131225586,38.900001525878906,38.20899963378906,38.70000076293945,30040
2022-05-04,38.444000244140625,38.444000244140625,38.79999923706055,38.32699966430664,38.69900131225586,30730
2022-05-05,38.047000885009766,38.047000885009766,38.698001861572266,37.915000915527344,38.650001525878906,20830
2022-05-06,37.87699890136719,37.87699890136719,38.49800109863281,37.400001525878906,38.29999923706055,1091280
2022-05-09,37.358001708984375,37.358001708984375,38.29800033569336,37.119998931884766,38.29800033569336,272110
2022-05-10,37.749000549316406,37.749000549316406,37.79999923706055,37.20100021362305,37.5,16380
2022-05-11,37.21799850463867,37.21799850463867,38.29800033569336,36.72999954223633,38.29800033569336,31450
2022-05-12,36.68299865722656,36.68299865722656,37.698001861572266,36.22999954223633,37.698001861572266,52330
2022-05-13,37.46500015258789,37.46500015258789,37.900001525878906,36.900001525878906,37.198001861572266,147210
2022-05-16,37.619998931884766,37.619998931884766,37.79999923706055,37.13199996948242,37.70000076293945,13430
2022-05-17,37.553001403808594,37.553001403808594,38.0,37.30099868774414,37.79999923706055,236000
2022-05-18,37.89799880981445,37.89799880981445,38.097999572753906,37.417999267578125,37.553001403808594,23600
2022-05-19,37.930999755859375,37.930999755859375,38.29999923706055,37.189998626708984,37.189998626708984,32310
2022-05-20,38.74700164794922,38.74700164794922,38.90999984741211,37.75,38.0,389790
2022-05-23,38.95199966430664,38.95199966430664,39.20000076293945,38.599998474121094,38.74700164794922,49460
2022-05-24,38.527000427246094,38.527000427246094,38.88999938964844,38.40599822998047,38.88999938964844,17660
2022-05-25,38.40299987792969,38.40299987792969,38.79999923706055,38.04999923706055,38.79999923706055,16020
2022-05-26,38.625,38.625,38.70000076293945,38.10100173950195,38.599998474121094,8400
2022-05-27,39.1870002746582,39.1870002746582,39.198001861572266,38.630001068115234,39.198001861572266,68080
2022-05-30,39.354000091552734,39.354000091552734,39.5,38.810001373291016,39.4900016784668,15560
2022-05-31,39.26499938964844,39.26499938964844,39.79800033569336,38.93000030517578,39.439998626708984,42720
2022-06-01,39.26499938964844,39.26499938964844,39.5,38.9010009765625,39.26499938964844,34750
2022-06-02,39.02799987792969,39.02799987792969,42.61000061035156,38.599998474121094,42.61000061035156,33890
2022-06-03,39.150001525878906,39.150001525878906,39.599998474121094,38.935001373291016,39.599998474121094,45120
2022-06-06,38.715999603271484,38.715999603271484,40.20000076293945,38.6349983215332,40.20000076293945,46730
2022-06-07,38.395999908447266,38.395999908447266,38.900001525878906,38.275001525878906,38.715999603271484,14940
2022-06-08,38.24599838256836,38.24599838256836,38.689998626708984,38.0,38.599998474121094,37260
2022-06-09,38.04800033569336,38.04800033569336,38.20399856567383,37.900001525878906,38.099998474121094,14070
2022-06-10,38.111000061035156,38.111000061035156,38.17900085449219,37.79999923706055,37.79999923706055,18030
2022-06-13,37.823001861572266,37.823001861572266,37.97100067138672,37.709999084472656,37.79999923706055,33190
2022-06-14,37.70899963378906,37.70899963378906,38.09000015258789,37.400001525878906,37.5,39590
2022-06-15,37.59600067138672,37.59600067138672,37.900001525878906,37.5,37.900001525878906,8780
2022-06-16,37.433998107910156,37.433998107910156,38.0,37.400001525878906,37.70000076293945,95750
2022-06-17,37.31800079345703,37.31800079345703,37.70000076293945,37.0,37.70000076293945,15510
2022-06-20,37.698001861572266,37.698001861572266,37.808998107910156,37.0,37.0,14920
2022-06-21,38.29499816894531,38.29499816894531,38.29899978637695,37.650001525878906,37.650001525878906,32400
2022-06-22,37.792999267578125,37.792999267578125,38.29999923706055,37.72700119018555,38.290000915527344,9310
2022-06-23,38.047000885009766,38.047000885009766,38.39799880981445,37.970001220703125,38.39799880981445,3790
2022-06-24,38.48899841308594,38.48899841308594,38.69900131225586,38.099998474121094,38.400001525878906,20320
2022-06-27,39.01499938964844,39.01499938964844,42.369998931884766,38.6510009765625,39.0,42700
2022-06-28,38.827999114990234,38.827999114990234,38.9739990234375,38.42499923706055,38.5,175870
2022-06-29,38.409000396728516,38.409000396728516,38.70000076293945,38.21900177001953,38.70000076293945,19810
2022-06-30,38.46200180053711,38.46200180053711,38.70000076293945,38.209999084472656,38.70000076293945,7010
2022-07-01,39.40999984741211,39.40999984741211,39.599998474121094,38.0,38.0,42050
2022-07-04,40.64400100708008,40.64400100708008,42.29999923706055,38.29999923706055,38.29999923706055,1044840
2022-07-05,40.472999572753906,40.472999572753906,41.20000076293945,40.41600036621094,40.70000076293945,128960
2022-07-06,41.45800018310547,41.45800018310547,41.689998626708984,40.599998474121094,40.70000076293945,241830
2022-07-07,41.61199951171875,41.61199951171875,41.99800109863281,41.35100173950195,41.79999923706055,253780
2022-07-08,41.59600067138672,41.59600067138672,42.08399963378906,41.50199890136719,41.599998474121094,111400
2022-07-11,42.00400161743164,42.00400161743164,42.099998474121094,41.1510009765625,41.59600067138672,72040
2022-07-12,41.45600128173828,41.45600128173828,42.2400016784668,41.3129997253418,42.0,108850
2022-07-13,41.92100143432617,41.92100143432617,42.0,41.507999420166016,41.507999420166016,66490
2022-07-14,41.76900100708008,41.76900100708008,42.49800109863281,41.507999420166016,42.49800109863281,65630
2022-07-15,42.029998779296875,42.029998779296875,42.2400016784668,41.900001525878906,42.2400016784668,369900
2022-07-18,42.27799987792969,42.27799987792969,42.79999923706055,41.900001525878906,42.79999923706055,128980
2022-07-19,42.20199966430664,42.20199966430664,42.57099914550781,42.0,42.27799987792969,82670
2022-07-20,42.707000732421875,42.707000732421875,42.79999923706055,42.29999923706055,42.57099914550781,88040
2022-07-21,43.07500076293945,43.07500076293945,43.099998474121094,42.707000732421875,42.707000732421875,150090
2022-07-22,43.290000915527344,43.290000915527344,43.435001373291016,43.0,43.07500076293945,146270
2022-07-25,43.255001068115234,43.255001068115234,43.4900016784668,43.0,43.290000915527344,101710
2022-07-26,42.63800048828125,42.63800048828125,43.167999267578125,42.553001403808594,43.0,33520
2022-07-27,42.7859992980957,42.7859992980957,42.930999755859375,42.45199966430664,42.900001525878906,54580
2022-07-28,43.08599853515625,43.08599853515625,43.20000076293945,42.689998626708984,42.900001525878906,524040
2022-07-29,43.1510009765625,43.1510009765625,43.5,42.92300033569336,43.20000076293945,54090
2022-08-01,43.32699966430664,43.32699966430664,43.698001861572266,42.90399932861328,43.29999923706055,41020
2022-08-02,43.60499954223633,43.60499954223633,44.0,43.400001525878906,43.5,98100
2022-08-03,43.358001708984375,43.358001708984375,43.79999923706055,43.10499954223633,43.599998474121094,129280
2022-08-04,43.625,43.625,43.66999816894531,43.29100036621094,43.459999084472656,28730
2022-08-05,43.83300018310547,43.83300018310547,44.0,43.20199966430664,43.79999923706055,39360
2022-08-08,43.83300018310547,43.83300018310547,44.19599914550781,43.40299987792969,43.40299987792969,24780
2022-08-10,43.67599868774414,43.67599868774414,44.097999572753906,43.520999908447266,43.83300018310547,103160
2022-08-11,43.37699890136719,43.37699890136719,44.194000244140625,43.29999923706055,44.194000244140625,22830
2022-08-12,43.2859992980957,43.2859992980957,43.970001220703125,42.96200180053711,43.970001220703125,169770
2022-08-16,43.73400115966797,43.73400115966797,44.013999938964844,43.2859992980957,43.970001220703125,100750
2022-08-17,44.0359992980957,44.0359992980957,44.39799880981445,43.869998931884766,44.39799880981445,114130
2022-08-18,44.3849983215332,44.3849983215332,44.54999923706055,43.650001525878906,44.0359992980957,36450
2022-08-19,43.87099838256836,43.87099838256836,44.698001861572266,43.70000076293945,44.48500061035156,64220
2022-08-22,43.797000885009766,43.797000885009766,44.0989990234375,43.654998779296875,44.0989990234375,27100
2022-08-23,43.7140007019043,43.7140007019043,43.95000076293945,43.310001373291016,43.5,17650
2022-08-24,43.73099899291992,43.73099899291992,43.96500015258789,43.58599853515625,43.86000061035156,88020
2022-08-25,43.749000549316406,43.749000549316406,44.11899948120117,43.58000183105469,43.79999923706055,53070
2022-08-26,43.53099822998047,43.53099822998047,44.099998474121094,43.5099983215332,43.60300064086914,24310
2022-08-29,43.724998474121094,43.724998474121094,43.79899978637695,42.900001525878906,43.20000076293945,120740
2022-08-30,44.61000061035156,44.61000061035156,44.66600036621094,43.70000076293945,44.097999572753906,35400
2022-09-01,44.27299880981445,44.27299880981445,44.69900131225586,44.0890007019043,44.69900131225586,48310
2022-09-02,44.60900115966797,44.60900115966797,44.75,44.27299880981445,44.27299880981445,31090
2022-09-05,44.582000732421875,44.582000732421875,44.87699890136719,44.486000061035156,44.87699890136719,34880
2022-09-06,44.49599838256836,44.49599838256836,44.77000045776367,44.31999969482422,44.57500076293945,33890
2022-09-07,44.55400085449219,44.55400085449219,44.599998474121094,44.400001525878906,44.400001525878906,10770
2022-09-08,44.558998107910156,44.558998107910156,44.900001525878906,44.45000076293945,44.900001525878906,23880
2022-09-09,44.77299880981445,44.77299880981445,45.19900131225586,44.505001068115234,44.505001068115234,49800
2022-09-12,44.722999572753906,44.722999572753906,44.999000549316406,44.68299865722656,44.979000091552734,67990
2022-09-13,45.09400177001953,45.09400177001953,45.20000076293945,44.80099868774414,45.0,29980
2022-09-14,45.15700149536133,45.15700149536133,45.29999923706055,44.49700164794922,44.79899978637695,147010
2022-09-15,44.959999084472656,44.959999084472656,45.39899826049805,44.900001525878906,45.39899826049805,14790
2022-09-16,44.0369987487793,44.0369987487793,45.0989990234375,43.9109992980957,45.0989990234375,216350
2022-09-19,44.435001373291016,44.435001373291016,44.59000015258789,43.70000076293945,44.20000076293945,105130
2022-09-20,44.874000549316406,44.874000549316406,45.16400146484375,44.452999114990234,44.452999114990234,47540
2022-09-21,45.31399917602539,45.31399917602539,45.45899963378906,44.79999923706055,44.874000549316406,49870
2022-09-22,46.0,46.0,46.16899871826172,44.80400085449219,45.55500030517578,59310
2022-09-23,45.814998626708984,45.814998626708984,46.560001373291016,45.689998626708984,46.000999450683594,195380
2022-09-26,44.762001037597656,44.762001037597656,45.99700164794922,44.69900131225586,45.79999923706055,93800
2022-09-27,45.12200164794922,45.12200164794922,45.4010009765625,44.76300048828125,45.0989990234375,99050
2022-09-28,44.82600021362305,44.82600021362305,45.297000885009766,44.60900115966797,45.125,62100
2022-09-29,45.31100082397461,45.31100082397461,45.457000732421875,44.89400100708008,45.297000885009766,79020
2022-09-30,45.332000732421875,45.332000732421875,45.49800109863281,44.803001403808594,45.49800109863281,24090
2022-10-03,44.42399978637695,44.42399978637695,45.79800033569336,44.250999450683594,45.79800033569336,69470
2022-10-04,45.16400146484375,45.16400146484375,45.49800109863281,44.70100021362305,45.49800109863281,20290
2022-10-06,44.987998962402344,44.987998962402344,45.696998596191406,44.926998138427734,45.696998596191406,1043850
2022-10-07,44.696998596191406,44.696998596191406,45.196998596191406,44.3129997253418,45.196998596191406,41310
2022-10-10,44.095001220703125,44.095001220703125,44.595001220703125,43.79100036621094,44.595001220703125,68100
2022-10-11,43.45899963378906,43.45899963378906,44.095001220703125,43.30099868774414,44.095001220703125,20400
2022-10-12,43.99599838256836,43.99599838256836,44.11899948120117,43.45100021362305,43.87699890136719,35190
2022-10-13,43.96799850463867,43.96799850463867,44.19900131225586,43.93000030517578,44.19900131225586,11600
2022-10-14,44.060001373291016,44.060001373291016,44.749000549316406,43.85100173950195,44.749000549316406,1150670
2022-10-17,44.042999267578125,44.042999267578125,44.20000076293945,43.83599853515625,44.0989990234375,47940
2022-10-18,44.5989990234375,44.5989990234375,44.75899887084961,44.20000076293945,44.49599838256836,13040
2022-10-19,44.676998138427734,44.676998138427734,44.89899826049805,44.5,44.75,43860
2022-10-20,45.08300018310547,45.08300018310547,45.249000549316406,44.691001892089844,44.972999572753906,17640
2022-10-21,45.060001373291016,45.060001373291016,45.51900100708008,44.887001037597656,45.08399963378906,28930
2022-10-24,45.01599884033203,45.01599884033203,45.5,45.0,45.494998931884766,27300
2022-10-25,44.57600021362305,44.57600021362305,45.486000061035156,44.512001037597656,45.486000061035156,68940
2022-10-27,44.67900085449219,44.67900085449219,44.99700164794922,44.426998138427734,44.99700164794922,172580
2022-10-28,44.720001220703125,44.720001220703125,45.19900131225586,44.63100051879883,44.68000030517578,43540
2022-10-31,45.10100173950195,45.10100173950195,45.35900115966797,44.720001220703125,44.99399948120117,81250
2022-11-01,45.417999267578125,45.417999267578125,45.5,45.10100173950195,45.400001525878906,54400
2022-11-02,45.382999420166016,45.382999420166016,45.79600143432617,45.10300064086914,45.79600143432617,46710
2022-11-03,45.571998596191406,45.571998596191406,45.779998779296875,45.26599884033203,45.595001220703125,25200
2022-11-04,45.582000732421875,45.582000732421875,45.79600143432617,45.30699920654297,45.79600143432617,29200
2022-11-07,45.617000579833984,45.617000579833984,46.0,45.349998474121094,45.983001708984375,24940
2022-11-09,45.922000885009766,45.922000885009766,46.119998931884766,45.617000579833984,45.617000579833984,84940
2022-11-10,45.52399826049805,45.52399826049805,45.91899871826172,45.45000076293945,45.61800003051758,16670
2022-11-11,45.42399978637695,45.42399978637695,45.979000091552734,45.38800048828125,45.979000091552734,51170
2022-11-14,44.83399963378906,44.83399963378906,46.12799835205078,44.744998931884766,46.12799835205078,169910
2022-11-15,44.80799865722656,44.80799865722656,45.06700134277344,44.3849983215332,44.83399963378906,57010
2022-11-16,45.02199935913086,45.02199935913086,45.025001525878906,44.617000579833984,44.84199905395508,2427480
2022-11-17,44.78099822998047,44.78099822998047,45.06800079345703,44.61800003051758,45.06700134277344,12440
2022-11-18,44.8129997253418,44.8129997253418,45.09700012207031,44.500999450683594,45.09700012207031,14040
2022-11-21,44.678001403808594,44.678001403808594,44.99599838256836,44.500999450683594,44.99599838256836,14970
2022-11-22,44.715999603271484,44.715999603271484,44.84299850463867,44.5,44.500999450683594,39010
2022-11-23,44.8129997253418,44.8129997253418,44.91899871826172,44.60499954223633,44.60499954223633,21810
2022-11-24,45.22200012207031,45.22200012207031,45.29499816894531,44.60499954223633,45.0099983215332,333560
2022-11-25,45.082000732421875,45.082000732421875,45.52399826049805,44.85100173950195,45.44900131225586,25760
2022-11-28,45.10200119018555,45.10200119018555,45.23899841308594,42.099998474121094,44.630001068115234,23920
2022-11-29,45.992000579833984,45.992000579833984,46.18899917602539,45.29399871826172,45.297000885009766,144410
2022-11-30,46.37900161743164,46.37900161743164,46.69499969482422,46.07899856567383,46.07899856567383,54070
2022-12-01,46.270999908447266,46.270999908447266,46.79999923706055,46.14099884033203,46.599998474121094,40970
2022-12-02,46.1870002746582,46.1870002746582,46.2859992980957,45.23099899291992,46.270999908447266,32360
2022-12-05,46.207000732421875,46.207000732421875,46.303001403808594,45.808998107910156,46.303001403808594,24110
2022-12-06,46.194000244140625,46.194000244140625,46.303001403808594,46.00600051879883,46.303001403808594,20430
2022-12-07,46.645999908447266,46.645999908447266,46.8489990234375,46.00400161743164,46.30400085449219,99350
2022-12-08,46.790000915527344,46.790000915527344,50.0,46.305999755859375,50.0,37370
2022-12-09,47.13800048828125,47.13800048828125,47.39799880981445,46.85100173950195,47.39799880981445,66890
2022-12-12,47.20600128173828,47.20600128173828,47.39400100708008,47.05099868774414,47.099998474121094,84540
2022-12-13,47.207000732421875,47.207000732421875,47.27899932861328,46.805999755859375,47.20199966430664,39340
2022-12-14,46.83100128173828,46.83100128173828,47.39699935913086,46.400001525878906,47.39699935913086,207540
2022-12-15,46.608001708984375,46.608001708984375,47.07600021362305,46.45000076293945,47.07600021362305,19090
2022-12-16,46.263999938964844,46.263999938964844,46.8489990234375,46.191001892089844,46.8489990234375,46280
2022-12-19,46.94200134277344,46.94200134277344,47.04999923706055,46.3120002746582,46.59700012207031,141360
2022-12-20,46.763999938964844,46.763999938964844,47.29499816894531,46.45000076293945,47.29499816894531,20490
2022-12-21,46.314998626708984,46.314998626708984,47.18600082397461,46.17599868774414,46.79800033569336,42940
2022-12-22,45.89799880981445,45.89799880981445,46.79499816894531,45.630001068115234,46.79499816894531,56050
2022-12-23,45.393001556396484,45.393001556396484,45.89500045776367,45.31999969482422,45.89500045776367,100810
2022-12-26,45.79199981689453,45.79199981689453,45.891998291015625,44.85499954223633,45.691001892089844,88380
2022-12-27,45.452999114990234,45.452999114990234,46.5,45.402000427246094,46.5,44100
2022-12-28,45.573001861572266,45.573001861572266,45.79499816894531,45.5,45.71900177001953,9490
2022-12-29,45.45399856567383,45.45399856567383,46.198001861572266,45.0,46.198001861572266,45820
2022-12-30,45.22200012207031,45.22200012207031,46.198001861572266,45.0,46.198001861572266,34460
2023-01-02,45.191001892089844,45.191001892089844,45.777000427246094,45.00600051879883,45.777000427246094,47530
2023-01-03,45.0369987487793,45.0369987487793,45.255001068115234,44.974998474121094,45.24100112915039,121130
2023-01-04,44.77199935913086,44.77199935913086,45.49599838256836,44.70000076293945,45.04999923706055,37660
2023-01-05,45.42300033569336,45.42300033569336,45.499000549316406,44.709999084472656,45.49800109863281,133530
2023-01-06,45.237998962402344,45.237998962402344,45.887001037597656,45.231998443603516,45.88600158691406,173520
2023-01-09,45.71200180053711,45.71200180053711,45.935001373291016,45.323001861572266,45.595001220703125,50640
2023-01-10,45.630001068115234,45.630001068115234,45.99399948120117,45.5,45.99399948120117,12890
2023-01-11,45.125,45.125,45.99300003051758,45.06999969482422,45.99300003051758,61430
2023-01-12,44.94200134277344,44.94200134277344,46.42499923706055,44.650001525878906,46.42499923706055,49420
2023-01-13,44.972999572753906,44.972999572753906,45.696998596191406,44.810001373291016,45.696998596191406,27670
2023-01-16,45.05500030517578,45.05500030517578,45.49800109863281,44.65599822998047,45.49800109863281,53690
2023-01-17,45.345001220703125,45.345001220703125,45.60900115966797,45.000999450683594,45.49800109863281,104040
2023-01-18,45.58100128173828,45.58100128173828,45.79899978637695,45.29999923706055,45.69599914550781,30170
2023-01-19,45.21900177001953,45.21900177001953,45.79899978637695,45.14899826049805,45.79899978637695,22490
2023-01-20,44.7599983215332,44.7599983215332,45.39799880981445,44.7239990234375,45.18600082397461,74990
2023-01-23,45.178001403808594,45.178001403808594,45.29899978637695,45.0,45.18600082397461,38140
2023-01-24,45.185001373291016,45.185001373291016,45.499000549316406,45.11899948120117,45.499000549316406,30010
2023-01-25,45.244998931884766,45.244998931884766,45.49800109863281,45.000999450683594,45.49800109863281,35840
2023-01-27,45.32099914550781,45.32099914550781,45.67499923706055,44.90399932861328,45.349998474121094,63320
2023-01-30,45.305999755859375,45.305999755859375,45.79399871826172,44.930999755859375,45.57899856567383,50700
2023-01-31,45.391998291015625,45.391998291015625,45.59299850463867,44.75,45.04999923706055,40930
2023-02-01,45.849998474121094,45.849998474121094,46.5,44.90999984741211,45.89400100708008,149460
2023-02-02,46.994998931884766,46.994998931884766,47.13100051879883,45.512001037597656,46.29399871826172,147080
2023-02-03,46.9640007019043,46.9640007019043,47.099998474121094,46.599998474121094,47.099998474121094,66250
2023-02-06,47.222999572753906,47.222999572753906,47.400001525878906,47.0,47.099998474121094,77200
2023-02-07,46.7869987487793,46.7869987487793,47.40299987792969,46.44900131225586,47.25,419350
2023-02-08,46.808998107910156,46.808998107910156,46.987998962402344,46.612998962402344,46.80099868774414,56080
2023-02-09,46.76499938964844,46.76499938964844,47.0989990234375,46.691001892089844,46.808998107910156,81910
2023-02-10,46.42900085449219,46.42900085449219,46.76599884033203,46.250999450683594,46.76499938964844,22370
2023-02-13,46.51300048828125,46.51300048828125,46.79899978637695,46.349998474121094,46.42900085449219,16950
2023-02-14,46.87200164794922,46.87200164794922,47.06999969482422,46.54199981689453,46.72700119018555,222360
2023-02-15,46.95600128173828,46.95600128173828,47.17300033569336,46.59199905395508,46.981998443603516,36860
2023-02-16,47.03099822998047,47.03099822998047,47.597999572753906,46.40999984741211,47.597999572753906,16850
2023-02-17,46.90399932861328,46.90399932861328,47.49800109863281,46.79999923706055,47.49800109863281,19870
2023-02-20,46.69200134277344,46.69200134277344,47.47100067138672,46.507999420166016,46.507999420166016,31130
2023-02-21,46.85300064086914,46.85300064086914,47.297000885009766,46.0,46.0,7650
2023-02-22,46.768001556396484,46.768001556396484,46.81999969482422,46.599998474121094,46.72999954223633,35890
2023-02-23,46.63600158691406,46.63600158691406,47.233001708984375,46.5,46.82099914550781,97520
2023-02-24,46.52899932861328,46.52899932861328,46.98899841308594,46.37300109863281,46.98899841308594,64850
2023-02-27,46.207000732421875,46.207000732421875,46.60900115966797,46.0,46.49300003051758,35530
2023-02-28,46.15299987792969,46.15299987792969,46.608001708984375,45.79999923706055,46.20800018310547,28530
2023-03-01,46.37900161743164,46.37900161743164,46.698001861572266,46.15399932861328,46.698001861572266,10520
2023-03-02,46.143001556396484,46.143001556396484,46.89799880981445,46.0,46.89799880981445,26310
2023-03-03,46.52899932861328,46.52899932861328,46.75,46.31100082397461,46.38999938964844,50160
2023-03-06,46.86199951171875,46.86199951171875,47.26100158691406,46.650001525878906,46.974998474121094,107670
2023-03-08,46.88399887084961,46.88399887084961,47.24399948120117,46.65800094604492,47.24300003051758,90160
2023-03-09,46.57500076293945,46.57500076293945,47.24599838256836,46.500999450683594,47.24599838256836,17560
2023-03-10,46.62200164794922,46.62200164794922,46.888999938964844,46.10599899291992,46.888999938964844,43600
2023-03-13,46.24599838256836,46.24599838256836,46.79899978637695,46.04999923706055,46.696998596191406,23000
2023-03-14,45.95500183105469,45.95500183105469,46.689998626708984,45.900001525878906,46.689998626708984,73540
2023-03-15,45.61600112915039,45.61600112915039,46.49399948120117,45.57600021362305,46.000999450683594,54710
2023-03-16,46.222999572753906,46.222999572753906,46.25,45.53200149536133,46.1879997253418,91080
2023-03-17,46.05400085449219,46.05400085449219,46.400001525878906,45.8120002746582,46.400001525878906,19480
2023-03-20,46.50600051879883,46.50600051879883,46.53900146484375,45.70199966430664,46.479000091552734,85800
2023-03-21,46.05500030517578,46.05500030517578,46.900001525878906,46.0,46.900001525878906,35400
2023-03-22,46.250999450683594,46.250999450683594,46.483001708984375,46.10200119018555,46.268001556396484,7850
2023-03-23,46.4379997253418,46.4379997253418,46.597999572753906,46.2239990234375,46.4109992980957,14250
2023-03-24,46.37799835205078,46.37799835205078,46.89899826049805,46.01100158691406,46.89899826049805,20290
2023-03-27,46.51300048828125,46.51300048828125,46.95000076293945,46.05400085449219,46.95000076293945,37740
2023-03-28,46.29499816894531,46.29499816894531,46.823001861572266,46.20600128173828,46.25699996948242,24000
2023-03-29,46.5620002746582,46.5620002746582,46.81999969482422,46.19300079345703,46.30099868774414,53940
2023-03-31,47.02799987792969,47.02799987792969,47.0989990234375,46.01599884033203,46.99700164794922,173860
2023-04-03,46.87099838256836,46.87099838256836,47.49300003051758,46.78499984741211,47.49300003051758,33030
2023-04-05,47.529998779296875,47.529998779296875,47.66899871826172,47.00400161743164,47.29199981689453,63460
2023-04-06,47.332000732421875,47.332000732421875,47.5369987487793,47.01900100708008,47.01900100708008,24600
2023-04-10,47.209999084472656,47.209999084472656,47.369998931884766,47.150001525878906,47.33300018310547,30790
2023-04-11,47.45600128173828,47.45600128173828,47.5,46.808998107910156,46.808998107910156,19610
2023-04-12,47.3650016784668,47.3650016784668,47.79899978637695,47.250999450683594,47.79899978637695,19750
2023-04-13,47.53300094604492,47.53300094604492,47.79999923706055,47.430999755859375,47.433998107910156,22480
2023-04-17,48.020999908447266,48.020999908447266,48.14699935913086,47.400001525878906,47.400001525878906,52050
2023-04-18,47.882999420166016,47.882999420166016,48.042999267578125,47.79999923706055,48.020999908447266,18600
2023-04-19,47.73500061035156,47.73500061035156,48.39799880981445,47.619998931884766,48.39799880981445,14130
2023-04-20,47.652000427246094,47.652000427246094,48.24800109863281,47.5,48.24800109863281,18880
2023-04-21,48.02299880981445,48.02299880981445,48.090999603271484,47.6510009765625,47.73099899291992,24420
2023-04-24,48.34199905395508,48.34199905395508,48.597999572753906,47.79999923706055,48.597999572753906,56070
2023-04-25,48.38600158691406,48.38600158691406,48.55799865722656,48.150001525878906,48.55799865722656,26810
2023-04-26,48.70100021362305,48.70100021362305,48.86000061035156,48.292999267578125,48.67900085449219,20820
2023-04-27,48.715999603271484,48.715999603271484,49.29800033569336,48.650001525878906,49.29800033569336,52350
2023-04-28,49.01900100708008,49.01900100708008,49.3849983215332,48.459999084472656,48.81999969482422,88050
2023-05-02,49.11800003051758,49.11800003051758,49.597999572753906,48.97100067138672,49.49399948120117,107040
2023-05-03,49.441001892089844,49.441001892089844,49.643001556396484,48.9630012512207,49.49300003051758,139640
2023-05-04,49.43600082397461,49.43600082397461,49.70100021362305,49.25,49.70000076293945,53490
2023-05-05,49.60900115966797,49.60900115966797,49.694000244140625,49.400001525878906,49.4370002746582,16360
2023-05-08,49.959999084472656,49.959999084472656,50.09400177001953,49.61000061035156,49.61000061035156,81390
2023-05-09,49.814998626708984,49.814998626708984,50.479000091552734,49.6510009765625,50.448001861572266,72180
2023-05-10,50.066001892089844,50.066001892089844,50.069000244140625,49.650001525878906,49.994998931884766,24390
2023-05-11,50.2760009765625,50.2760009765625,50.54800033569336,49.94499969482422,50.54800033569336,33620
2023-05-12,50.39899826049805,50.39899826049805,50.79800033569336,50.07699966430664,50.79800033569336,63120
2023-05-15,50.9900016784668,50.9900016784668,51.16400146484375,50.38600158691406,50.78799819946289,53910
2023-05-16,50.83000183105469,50.83000183105469,51.46799850463867,50.70100021362305,51.000999450683594,67480
2023-05-17,50.90700149536133,50.90700149536133,50.999000549316406,50.59000015258789,50.70000076293945,32170
2023-05-18,50.29499816894531,50.29499816894531,51.2599983215332,50.20100021362305,51.24300003051758,25240
2023-05-19,50.37200164794922,50.37200164794922,50.404998779296875,49.810001373291016,50.30099868774414,26700
2023-05-22,50.53099822998047,50.53099822998047,50.89799880981445,50.2239990234375,50.77899932861328,30270
2023-05-23,50.65299987792969,50.65299987792969,50.79999923706055,50.400001525878906,50.472999572753906,51860
2023-05-24,50.85300064086914,50.85300064086914,51.1150016784668,50.617000579833984,50.71799850463867,22190
2023-05-25,51.08399963378906,51.08399963378906,51.35100173950195,50.78900146484375,50.78900146484375,44550
2023-05-26,51.82600021362305,51.82600021362305,51.926998138427734,51.08399963378906,51.099998474121094,44420
2023-05-29,52.198001861572266,52.198001861572266,52.400001525878906,51.82600021362305,51.82600021362305,56420
2023-05-30,52.507999420166016,52.507999420166016,52.58100128173828,52.198001861572266,52.198001861572266,56060
2023-05-31,52.55699920654297,52.55699920654297,52.88199996948242,52.10100173950195,52.88199996948242,74640
2023-06-01,52.512001037597656,52.512001037597656,52.93600082397461,52.43000030517578,52.81800079345703,75900
2023-06-02,52.86000061035156,52.86000061035156,52.97800064086914,52.69900131225586,52.97800064086914,49860
2023-06-05,52.63999938964844,52.63999938964844,53.49800109863281,52.59299850463867,53.49800109863281,82350
2023-06-06,52.512001037597656,52.512001037597656,53.29800033569336,52.27000045776367,53.29800033569336,53330
2023-06-07,53.047000885009766,53.047000885009766,53.189998626708984,52.51300048828125,52.51300048828125,77380
2023-06-08,52.527000427246094,52.527000427246094,53.47800064086914,52.34299850463867,53.47800064086914,63750
2023-06-09,52.25,52.25,52.900001525878906,52.07500076293945,52.78300094604492,53140
2023-06-12,52.30799865722656,52.30799865722656,52.68600082397461,52.099998474121094,52.68600082397461,35550
2023-06-13,52.88100051879883,52.88100051879883,53.1150016784668,52.54999923706055,52.54999923706055,83930
2023-06-14,53.1879997253418,53.1879997253418,53.39699935913086,52.85100173950195,52.85100173950195,77980
2023-06-15,53.66999816894531,53.66999816894531,53.790000915527344,53.20000076293945,53.20000076293945,63700
2023-06-16,53.935001373291016,53.935001373291016,54.60100173950195,53.582000732421875,54.167999267578125,80140
2023-06-19,53.70899963378906,53.70899963378906,54.27899932861328,53.625,54.27899932861328,58470
2023-06-20,53.7140007019043,53.7140007019043,53.91999816894531,53.47700119018555,53.91999816894531,63760
2023-06-21,53.494998931884766,53.494998931884766,54.08599853515625,53.43600082397461,54.08599853515625,103260
2023-06-22,53.257999420166016,53.257999420166016,53.683998107910156,53.16999816894531,53.439998626708984,99990
2023-06-23,52.834999084472656,52.834999084472656,53.667999267578125,52.637001037597656,53.667999267578125,101920
2023-06-26,53.34400177001953,53.34400177001953,53.534000396728516,52.834999084472656,53.49800109863281,51520
2023-06-27,53.255001068115234,53.255001068115234,53.415000915527344,53.02000045776367,53.415000915527344,16040
2023-06-28,53.402000427246094,53.402000427246094,53.474998474121094,53.20000076293945,53.255001068115234,28860
2023-06-30,53.87099838256836,53.87099838256836,53.939998626708984,53.395999908447266,53.39899826049805,116510
2023-07-03,54.31999969482422,54.31999969482422,54.5,52.255001068115234,52.255001068115234,71730
2023-07-04,54.327999114990234,54.327999114990234,55.4900016784668,54.0880012512207,54.99800109863281,42970
2023-07-05,55.374000549316406,55.374000549316406,55.45100021362305,54.05699920654297,54.99800109863281,63120
2023-07-06,55.48899841308594,55.48899841308594,55.97200012207031,55.152000427246094,55.97200012207031,110580
2023-07-07,54.62900161743164,54.62900161743164,55.48899841308594,54.499000549316406,55.4010009765625,94150
2023-07-10,54.24700164794922,54.24700164794922,55.297000885009766,54.152000427246094,54.229000091552734,65070
2023-07-11,54.88199996948242,54.88199996948242,54.97999954223633,54.37900161743164,54.500999450683594,43290
2023-07-12,54.875999450683594,54.875999450683594,54.979000091552734,54.68000030517578,54.88100051879883,50400
2023-07-13,54.5880012512207,54.5880012512207,55.47999954223633,54.529998779296875,55.479000091552734,70560
2023-07-14,55.095001220703125,55.095001220703125,55.244998931884766,54.20800018310547,54.5880012512207,37100
2023-07-17,55.16899871826172,55.16899871826172,55.520999908447266,55.03099822998047,55.48500061035156,108300
2023-07-18,54.96799850463867,54.96799850463867,55.49800109863281,54.79999923706055,55.48699951171875,50810
2023-07-19,55.12099838256836,55.12099838256836,55.33000183105469,53.86899948120117,54.79999923706055,101170
2023-07-20,55.92900085449219,55.92900085449219,56.005001068115234,54.96200180053711,55.487998962402344,113110
2023-07-21,55.345001220703125,55.345001220703125,56.194000244140625,55.0880012512207,55.92900085449219,75680
2023-07-24,54.5260009765625,54.5260009765625,55.98400115966797,54.400001525878906,55.34600067138672,280760
2023-07-25,54.040000915527344,54.040000915527344,54.81700134277344,53.6510009765625,54.5260009765625,319100
2023-07-26,54.59400177001953,54.59400177001953,54.680999755859375,54.005001068115234,54.400001525878906,103560
2023-07-27,54.19599914550781,54.19599914550781,54.68600082397461,53.98099899291992,54.64899826049805,171620
2023-07-28,54.64099884033203,54.64099884033203,54.89699935913086,54.01599884033203,54.89699935913086,40130
2023-07-31,54.4010009765625,54.4010009765625,54.73400115966797,54.0,54.63999938964844,151420
2023-08-01,54.23099899291992,54.23099899291992,54.89899826049805,54.178001403808594,54.89899826049805,117340
2023-08-02,53.99399948120117,53.99399948120117,54.78099822998047,53.5359992980957,54.78099822998047,144670
2023-08-03,53.62099838256836,53.62099838256836,54.08000183105469,53.50600051879883,54.0,69710
2023-08-04,53.762001037597656,53.762001037597656,54.37200164794922,53.55099868774414,54.29800033569336,127580
2023-08-07,53.625,53.625,54.18299865722656,53.35499954223633,54.18299865722656,65660
2023-08-08,53.59700012207031,53.59700012207031,53.810001373291016,53.40999984741211,53.625999450683594,59260
2023-08-09,53.79999923706055,53.79999923706055,54.297000885009766,53.310001373291016,54.297000885009766,68500
2023-08-10,53.38100051879883,53.38100051879883,54.027000427246094,53.29999923706055,54.027000427246094,55530
2023-08-11,53.02799987792969,53.02799987792969,53.40700149536133,52.606998443603516,53.40700149536133,176510
2023-08-14,53.310001373291016,53.310001373291016,53.48699951171875,52.53099822998047,53.48699951171875,106020
2023-08-16,53.448001861572266,53.448001861572266,53.78499984741211,52.810001373291016,53.78499984741211,47940
2023-08-17,53.01100158691406,53.01100158691406,55.04999923706055,52.90999984741211,55.04999923706055,47540
2023-08-18,53.108001708984375,53.108001708984375,53.48699951171875,52.8120002746582,53.48699951171875,39830
2023-08-21,53.439998626708984,53.439998626708984,53.51499938964844,52.900001525878906,53.18899917602539,31700
2023-08-22,53.65599822998047,53.65599822998047,53.99700164794922,52.99399948120117,53.99700164794922,34210
2023-08-23,53.55099868774414,53.55099868774414,53.999000549316406,53.31999969482422,53.31999969482422,23830
2023-08-24,53.70800018310547,53.70800018310547,53.900001525878906,53.5,53.630001068115234,31830
2023-08-25,53.20899963378906,53.20899963378906,53.749000549316406,53.05099868774414,53.70800018310547,34500
2023-08-28,53.073001861572266,53.073001861572266,53.7760009765625,52.900001525878906,53.7760009765625,65770
2023-08-29,52.88999938964844,52.88999938964844,53.130001068115234,52.7599983215332,53.073001861572266,68330
2023-08-30,53.18600082397461,53.18600082397461,53.47100067138672,52.849998474121094,53.47100067138672,41030
2023-08-31,52.67100143432617,52.67100143432617,53.48899841308594,52.59000015258789,53.4010009765625,119930
2023-09-01,52.895999908447266,52.895999908447266,53.0,52.70000076293945,53.0,63660
2023-09-04,52.832000732421875,52.832000732421875,53.29999923706055,52.402000427246094,52.70000076293945,123910
2023-09-05,53.20000076293945,53.20000076293945,53.5,52.83300018310547,53.0989990234375,92700
2023-09-06,53.638999938964844,53.638999938964844,53.79999923706055,52.9010009765625,53.499000549316406,136130
2023-09-07,53.49700164794922,53.49700164794922,53.987998962402344,53.32500076293945,53.987998962402344,67000
2023-09-08,53.44900131225586,53.44900131225586,53.79899978637695,53.24300003051758,53.79899978637695,60090
2023-09-11,53.75699996948242,53.75699996948242,53.79999923706055,53.45000076293945,53.79899978637695,85580
2023-09-12,53.73099899291992,53.73099899291992,53.88100051879883,52.14500045776367,52.400001525878906,89150
2023-09-13,53.71500015258789,53.71500015258789,53.87699890136719,53.46099853515625,53.46099853515625,85340
2023-09-14,53.784000396728516,53.784000396728516,54.099998474121094,53.54999923706055,53.79999923706055,169130
2023-09-15,53.57400131225586,53.57400131225586,53.79999923706055,53.5,53.784000396728516,91380
2023-09-18,53.85200119018555,53.85200119018555,53.900001525878906,51.96500015258789,53.56999969482422,53760
2023-09-20,53.6150016784668,53.6150016784668,53.79899978637695,53.262001037597656,53.79899978637695,45140
2023-09-21,53.31800079345703,53.31800079345703,54.141998291015625,53.000999450683594,53.58100128173828,99600
2023-09-22,53.25899887084961,53.25899887084961,53.599998474121094,52.84400177001953,53.599998474121094,96220
2023-09-25,53.28099822998047,53.28099822998047,53.5989990234375,52.81800079345703,52.81800079345703,59820
2023-09-26,53.518001556396484,53.518001556396484,53.560001373291016,53.22600173950195,53.47100067138672,18750
2023-09-27,53.95399856567383,53.95399856567383,54.06100082397461,53.250999450683594,53.516998291015625,98670
2023-09-28,53.01100158691406,53.01100158691406,53.99800109863281,52.9010009765625,53.51100158691406,86130
2023-09-29,53.2400016784668,53.2400016784668,55.01100158691406,52.80400085449219,53.05099868774414,191280
2023-10-03,52.95800018310547,52.95800018310547,53.39899826049805,52.56999969482422,53.39899826049805,78620
2023-10-04,53.03900146484375,53.03900146484375,53.28900146484375,52.74100112915039,53.28900146484375,37110
2023-10-05,53.00699996948242,53.00699996948242,53.29899978637695,52.70100021362305,52.70100021362305,44810
2023-10-06,53.150001525878906,53.150001525878906,53.409000396728516,53.007999420166016,53.409000396728516,31240
2023-10-09,53.104000091552734,53.104000091552734,53.18899917602539,52.60599899291992,53.099998474121094,14820
2023-10-10,53.46200180053711,53.46200180053711,53.492000579833984,52.51499938964844,53.150001525878906,38900
2023-10-11,53.926998138427734,53.926998138427734,54.0,52.39500045776367,52.400001525878906,60370
2023-10-12,53.9370002746582,53.9370002746582,54.19900131225586,53.698001861572266,54.19900131225586,32770
2023-10-13,54.069000244140625,54.069000244140625,54.38600158691406,53.69900131225586,53.99100112915039,327100
2023-10-16,54.06800079345703,54.06800079345703,55.1510009765625,53.90999984741211,55.1510009765625,62630
2023-10-17,54.189998626708984,54.189998626708984,54.64799880981445,54.069000244140625,54.625,112130
2023-10-18,54.04899978637695,54.04899978637695,54.499000549316406,53.95800018310547,54.499000549316406,45250
2023-10-19,54.17399978637695,54.17399978637695,54.21900177001953,53.74700164794922,53.999000549316406,39710
2023-10-20,53.4010009765625,53.4010009765625,55.79999923706055,53.30099868774414,55.5,103870
2023-10-23,52.9640007019043,52.9640007019043,53.79399871826172,52.400001525878906,53.792999267578125,103370
2023-10-25,52.8129997253418,52.8129997253418,53.47200012207031,52.4900016784668,53.47200012207031,70050
2023-10-26,52.452999114990234,52.452999114990234,52.999000549316406,51.9640007019043,52.999000549316406,435200
2023-10-27,53.07600021362305,53.07600021362305,53.130001068115234,52.452999114990234,52.452999114990234,67940
2023-10-30,52.83100128173828,52.83100128173828,53.47200012207031,52.577999114990234,53.47200012207031,22590
2023-10-31,52.75600051879883,52.75600051879883,53.28900146484375,52.66899871826172,53.28900146484375,49120
2023-11-01,52.57400131225586,52.57400131225586,53.099998474121094,52.48899841308594,52.999000549316406,81670
2023-11-02,53.172000885009766,53.172000885009766,53.39799880981445,52.83100128173828,53.279998779296875,132570
2023-11-03,53.49700164794922,53.49700164794922,53.680999755859375,53.17300033569336,53.680999755859375,32610
2023-11-06,53.81800079345703,53.81800079345703,54.56999969482422,53.500999450683594,54.56999969482422,54600
2023-11-07,53.77799987792969,53.77799987792969,54.125,53.58100128173828,54.124000549316406,15370
2023-11-08,54.1619987487793,54.1619987487793,54.220001220703125,53.599998474121094,53.599998474121094,20750
2023-11-09,53.80500030517578,53.80500030517578,54.52899932861328,53.74100112915039,54.52899932861328,25240
2023-11-10,53.805999755859375,53.805999755859375,54.1870002746582,53.35100173950195,54.1870002746582,21480
2023-11-13,53.68600082397461,53.68600082397461,54.9900016784668,53.56700134277344,54.9900016784668,27440
2023-11-15,54.016998291015625,54.016998291015625,54.39799880981445,53.71500015258789,54.39799880981445,216250
2023-11-16,54.13199996948242,54.13199996948242,54.349998474121094,52.9370002746582,52.9370002746582,81700
2023-11-17,54.446998596191406,54.446998596191406,54.5,54.03900146484375,54.3489990234375,68890
2023-11-20,54.358001708984375,54.358001708984375,55.41699981689453,54.20500183105469,55.41699981689453,68620
2023-11-21,54.18600082397461,54.18600082397461,54.99800109863281,54.0880012512207,54.99800109863281,32120
2023-11-22,54.37900161743164,54.37900161743164,55.0,54.066001892089844,55.0,63400
2023-11-23,54.53099822998047,54.53099822998047,54.70000076293945,54.00600051879883,54.00600051879883,46830
2023-11-24,54.395999908447266,54.395999908447266,54.79999923706055,54.34199905395508,54.53099822998047,30370
2023-11-28,54.23899841308594,54.23899841308594,54.79899978637695,54.18000030517578,54.79899978637695,49230
2023-11-29,54.446998596191406,54.446998596191406,54.5989990234375,54.20000076293945,54.5989990234375,35270
2023-11-30,54.76900100708008,54.76900100708008,54.94599914550781,54.34700012207031,54.34700012207031,230950
2023-12-01,55.650001525878906,55.650001525878906,55.78499984741211,54.78799819946289,54.96900177001953,363190
2023-12-04,56.10100173950195,56.10100173950195,56.486000061035156,55.14500045776367,55.96900177001953,459140
2023-12-05,55.891998291015625,55.891998291015625,56.499000549316406,55.779998779296875,56.499000549316406,147870
2023-12-06,56.46099853515625,56.46099853515625,56.599998474121094,56.00699996948242,56.29899978637695,67880
2023-12-07,56.06999969482422,56.06999969482422,56.7869987487793,55.9010009765625,56.7869987487793,51600
2023-12-08,55.516998291015625,55.516998291015625,56.4119987487793,55.400001525878906,56.35900115966797,345680
2023-12-11,55.744998931884766,55.744998931884766,56.70199966430664,55.500999450683594,56.70199966430664,56220
2023-12-12,55.5890007019043,55.5890007019043,56.17900085449219,55.474998474121094,56.17900085449219,42960
2023-12-13,55.9739990234375,55.9739990234375,56.0,55.525001525878906,55.87900161743164,47670
2023-12-14,56.117000579833984,56.117000579833984,56.599998474121094,55.9010009765625,56.599998474121094,488980
2023-12-15,55.933998107910156,55.933998107910156,56.27000045776367,55.766998291015625,55.82400131225586,254550
2023-12-18,56.12200164794922,56.12200164794922,56.45000076293945,55.70100021362305,56.229000091552734,132230
2023-12-19,56.71099853515625,56.71099853515625,57.80500030517578,55.84199905395508,57.80500030517578,254260
2023-12-20,56.43199920654297,56.43199920654297,57.400001525878906,55.79999923706055,56.71099853515625,488690
2023-12-21,56.68899917602539,56.68899917602539,56.73899841308594,55.676998138427734,56.696998596191406,105530
2023-12-22,57.025001525878906,57.025001525878906,57.14899826049805,56.417999267578125,56.68899917602539,100190
2023-12-26,57.24399948120117,57.24399948120117,57.29999923706055,56.6150016784668,57.0989990234375,104430
2023-12-27,57.49100112915039,57.49100112915039,57.58399963378906,57.26900100708008,57.499000549316406,49260
2023-12-28,58.345001220703125,58.345001220703125,58.48400115966797,57.400001525878906,57.79999923706055,131650
2023-12-29,58.83000183105469,58.83000183105469,59.75699996948242,58.29999923706055,58.599998474121094,306500
2024-01-01,59.27799987792969,59.27799987792969,59.49800109863281,58.81399917602539,59.49800109863281,55940
2024-01-02,59.07699966430664,59.07699966430664,60.757999420166016,58.56700134277344,59.277000427246094,179000
2024-01-03,59.270999908447266,59.270999908447266,59.5,58.78300094604492,59.099998474121094,71940
2024-01-04,59.696998596191406,59.696998596191406,59.96699905395508,59.4010009765625,59.599998474121094,56320
2024-01-05,59.569000244140625,59.569000244140625,60.3849983215332,59.500999450683594,59.9900016784668,53280
2024-01-08,58.67300033569336,58.67300033569336,59.959999084472656,58.599998474121094,59.959999084472656,163620
2024-01-09,58.500999450683594,58.500999450683594,59.20899963378906,58.4640007019043,59.20899963378906,108150
2024-01-10,58.21799850463867,58.21799850463867,58.82899856567383,57.92100143432617,58.82899856567383,207720
2024-01-11,58.15999984741211,58.15999984741211,59.702999114990234,58.05099868774414,59.702999114990234,84800
2024-01-12,58.439998626708984,58.439998626708984,58.659000396728516,57.92499923706055,58.659000396728516,96900
2024-01-15,58.606998443603516,58.606998443603516,58.93899917602539,58.1150016784668,58.93899917602539,470530
2024-01-16,58.619998931884766,58.619998931884766,59.198001861572266,58.29999923706055,59.198001861572266,77850
2024-01-17,58.202999114990234,58.202999114990234,58.992000579833984,58.12699890136719,58.5,57100
2024-01-18,57.71200180053711,57.71200180053711,58.19900131225586,57.14500045776367,58.19900131225586,247320
2024-01-19,58.483001708984375,58.483001708984375,58.62900161743164,57.51499938964844,57.70000076293945,29540
2024-01-23,56.90599822998047,56.90599822998047,58.499000549316406,56.70000076293945,57.95100021362305,381920
2024-01-24,57.6619987487793,57.6619987487793,57.869998931884766,55.98400115966797,57.20899963378906,438620
2024-01-25,57.016998291015625,57.016998291015625,57.89899826049805,56.90999984741211,57.70000076293945,151860
2024-01-29,57.040000915527344,57.040000915527344,57.698001861572266,56.91999816894531,57.698001861572266,82650
2024-01-30,56.48899841308594,56.48899841308594,57.487998962402344,56.40399932861328,57.400001525878906,372570
2024-01-31,56.99800109863281,56.99800109863281,57.099998474121094,56.10100173950195,57.099998474121094,185060
2024-02-01,57.1349983215332,57.1349983215332,57.62099838256836,56.96799850463867,57.479000091552734,388140
2024-02-02,57.047000885009766,57.047000885009766,57.7869987487793,56.801998138427734,57.5989990234375,205900
2024-02-05,56.61800003051758,56.61800003051758,57.5099983215332,56.500999450683594,57.38399887084961,174550
2024-02-06,56.512001037597656,56.512001037597656,57.02000045776367,56.17300033569336,57.01900100708008,496820
2024-02-07,56.599998474121094,56.599998474121094,57.0,56.4010009765625,56.999000549316406,139160
2024-02-08,55.80699920654297,55.80699920654297,57.05699920654297,55.444000244140625,56.70000076293945,394470
2024-02-09,55.98699951171875,55.98699951171875,56.20899963378906,55.249000549316406,55.25,132000
2024-02-12,55.43600082397461,55.43600082397461,56.597999572753906,55.349998474121094,56.499000549316406,116290
2024-02-13,55.569000244140625,55.569000244140625,55.99700164794922,55.35499954223633,55.99700164794922,123200
2024-02-14,55.87699890136719,55.87699890136719,56.099998474121094,55.231998443603516,55.499000549316406,147530
2024-02-15,55.47700119018555,55.47700119018555,56.483001708984375,55.400001525878906,55.50600051879883,328710
2024-02-16,55.64799880981445,55.64799880981445,55.9900016784668,55.30699920654297,55.590999603271484,161480
2024-02-19,56.117000579833984,56.117000579833984,56.24800109863281,55.6510009765625,56.058998107910156,264150
2024-02-20,55.97100067138672,55.97100067138672,56.400001525878906,55.652000427246094,56.29899978637695,242590
2024-02-21,56.04399871826172,56.04399871826172,56.400001525878906,55.779998779296875,56.29899978637695,233290
2024-02-22,56.47200012207031,56.47200012207031,56.499000549316406,55.70600128173828,56.39899826049805,113170
2024-02-23,56.5099983215332,56.5099983215332,56.68600082397461,56.380001068115234,56.50899887084961,95220
2024-02-26,56.481998443603516,56.481998443603516,56.5620002746582,56.01599884033203,56.5099983215332,180320
2024-02-27,56.349998474121094,56.349998474121094,56.987998962402344,56.13999938964844,56.79899978637695,73800
2024-02-28,55.895999908447266,55.895999908447266,56.79999923706055,55.82099914550781,56.1510009765625,104820
2024-02-29,56.12300109863281,56.12300109863281,56.39699935913086,55.52799987792969,56.39699935913086,58960
2024-03-01,56.349998474121094,56.349998474121094,56.696998596191406,56.0,56.125999450683594,105080
2024-03-04,56.32500076293945,56.32500076293945,56.900001525878906,56.012001037597656,56.470001220703125,94930
2024-03-05,55.80400085449219,55.80400085449219,56.39799880981445,55.650001525878906,56.32500076293945,191090
2024-03-06,55.94200134277344,55.94200134277344,56.099998474121094,55.26100158691406,56.0989990234375,264130
2024-03-07,56.486000061035156,56.486000061035156,56.66400146484375,55.79999923706055,55.94300079345703,409170
2024-03-11,56.25400161743164,56.25400161743164,56.79999923706055,56.10100173950195,56.79899978637695,192070
2024-03-12,55.659000396728516,55.659000396728516,56.89799880981445,55.54999923706055,56.255001068115234,231950
2024-03-13,55.766998291015625,55.766998291015625,56.814998626708984,55.5,56.20899963378906,2322380
2024-03-14,56.19599914550781,56.19599914550781,56.29899978637695,55.47700119018555,55.766998291015625,90470
2024-03-15,56.301998138427734,56.301998138427734,56.64699935913086,55.9119987487793,56.19599914550781,352560
2024-03-18,56.02899932861328,56.02899932861328,56.6870002746582,55.637001037597656,56.301998138427734,67900
2024-03-19,54.89400100708008,54.89400100708008,56.029998779296875,54.74100112915039,56.02899932861328,357900
2024-03-20,55.130001068115234,55.130001068115234,55.49700164794922,54.500999450683594,55.49700164794922,185030
2024-03-21,55.49100112915039,55.49100112915039,55.5369987487793,55.04999923706055,55.17599868774414,1209520
2024-03-22,55.90700149536133,55.90700149536133,56.0,55.45000076293945,55.500999450683594,138450
2024-03-26,55.654998779296875,55.654998779296875,56.14699935913086,55.5,55.90700149536133,264360
2024-03-27,55.66699981689453,55.66699981689453,55.89899826049805,55.55500030517578,55.65599822998047,65740
2024-03-28,56.18299865722656,56.18299865722656,56.29899978637695,55.51599884033203,55.82899856567383,151000
2024-04-01,56.04999923706055,56.04999923706055,56.599998474121094,55.74100112915039,56.18299865722656,137580
2024-04-02,56.255001068115234,56.255001068115234,56.39899826049805,55.90299987792969,56.05099868774414,84490
2024-04-03,56.02399826049805,56.02399826049805,56.255001068115234,55.61000061035156,56.255001068115234,192910
2024-04-04,55.77799987792969,55.77799987792969,56.29999923706055,55.68000030517578,56.04499816894531,389210
2024-04-05,56.042999267578125,56.042999267578125,56.25400161743164,55.54100036621094,55.77799987792969,219830
2024-04-08,56.130001068115234,56.130001068115234,56.28900146484375,55.72999954223633,56.10100173950195,139420
2024-04-09,55.85100173950195,55.85100173950195,56.29399871826172,55.70100021362305,55.91400146484375,245060
2024-04-10,56.32500076293945,56.32500076293945,56.569000244140625,55.75600051879883,55.85200119018555,305450
2024-04-12,55.9370002746582,55.9370002746582,56.57699966430664,55.900001525878906,56.20100021362305,147670
2024-04-15,55.29999923706055,55.29999923706055,56.1870002746582,55.012001037597656,55.731998443603516,366520
2024-04-16,55.45600128173828,55.45600128173828,55.595001220703125,55.0,55.10200119018555,133570
2024-04-18,55.055999755859375,55.055999755859375,55.98699951171875,54.86899948120117,55.986000061035156,320210
2024-04-19,55.16600036621094,55.16600036621094,55.28300094604492,54.0,55.0,144050
2024-04-22,55.441001892089844,55.441001892089844,55.70000076293945,55.16999816894531,55.52899932861328,408770
2024-04-23,56.05799865722656,56.05799865722656,56.1609992980957,55.51599884033203,55.69900131225586,226500
2024-04-24,55.9900016784668,55.9900016784668,56.16299819946289,55.67100143432617,56.058998107910156,105680
2024-04-25,56.29100036621094,56.29100036621094,56.5,55.724998474121094,55.9900016784668,163360
2024-04-26,56.448001861572266,56.448001861572266,56.6879997253418,56.00299835205078,56.00299835205078,443190
2024-04-29,56.35900115966797,56.35900115966797,56.70000076293945,56.2239990234375,56.45399856567383,119940
2024-04-30,56.37699890136719,56.37699890136719,56.810001373291016,56.01100158691406,56.400001525878906,141940
2024-05-02,56.659000396728516,56.659000396728516,56.895999908447266,56.117000579833984,56.37699890136719,265130
2024-05-03,56.44499969482422,56.44499969482422,56.87799835205078,56.119998931884766,56.69900131225586,548110
2024-05-06,56.77299880981445,56.77299880981445,56.89099884033203,56.263999938964844,56.599998474121094,143940
2024-05-07,57.90399932861328,57.90399932861328,58.25,56.6879997253418,56.89899826049805,1019940
2024-05-08,58.11600112915039,58.11600112915039,58.37300109863281,57.766998291015625,57.90299987792969,622070
2024-05-09,56.8129997253418,56.8129997253418,58.43899917602539,56.57099914550781,58.29899978637695,417390
2024-05-10,57.630001068115234,57.630001068115234,60.75,56.79999923706055,56.79999923706055,203523
2024-05-13,57.459999084472656,57.459999084472656,58.75,56.9900016784668,58.439998626708984,411320
2024-05-14,57.22999954223633,57.22999954223633,58.470001220703125,57.099998474121094,58.470001220703125,234966
2024-05-15,56.790000915527344,56.790000915527344,58.95000076293945,56.650001525878906,58.95000076293945,200153
2024-05-16,56.970001220703125,56.970001220703125,57.20000076293945,56.29999923706055,56.790000915527344,247854
2024-05-17,57.279998779296875,57.279998779296875,57.470001220703125,56.900001525878906,57.04999923706055,116141
2024-05-21,57.18000030517578,57.18000030517578,58.95000076293945,56.90999984741211,58.34000015258789,264701
2024-05-22,57.97999954223633,57.97999954223633,58.08000183105469,57.209999084472656,57.43000030517578,548329
2024-05-23,57.9900016784668,57.9900016784668,58.290000915527344,57.65999984741211,58.290000915527344,197362
2024-05-24,57.869998931884766,57.869998931884766,58.5,57.630001068115234,57.97999954223633,255978
2024-05-27,57.52000045776367,57.52000045776367,58.349998474121094,57.45000076293945,58.349998474121094,356309
2024-05-28,57.45000076293945,57.45000076293945,57.83000183105469,57.349998474121094,57.599998474121094,182551
2024-05-29,57.220001220703125,57.220001220703125,57.79999923706055,57.099998474121094,57.36000061035156,368212
2024-05-30,56.470001220703125,56.470001220703125,57.75,56.31999969482422,57.189998626708984,256009
2024-05-31,56.310001373291016,56.310001373291016,58.150001525878906,56.150001525878906,58.150001525878906,178539
2024-06-03,56.58000183105469,56.58000183105469,57.689998626708984,56.40999984741211,56.93000030517578,279987
2024-06-04,57.810001373291016,57.810001373291016,58.77000045776367,55.90999984741211,58.29999923706055,1023057
2024-06-05,60.45000076293945,60.45000076293945,67.94999694824219,57.959999084472656,57.959999084472656,4434184
2024-06-06,59.790000915527344,59.790000915527344,61.220001220703125,58.90999984741211,61.0,1657682
2024-06-07,60.720001220703125,60.720001220703125,60.849998474121094,59.95000076293945,60.470001220703125,9980594
2024-06-10,60.58000183105469,60.58000183105469,61.380001068115234,60.209999084472656,60.720001220703125,4340205
2024-06-11,60.439998626708984,60.439998626708984,61.27000045776367,60.29999923706055,60.93000030517578,2131690
2024-06-12,60.11000061035156,60.11000061035156,60.58000183105469,60.060001373291016,60.58000183105469,3029323
2024-06-13,59.77000045776367,59.77000045776367,60.7400016784668,59.70000076293945,60.150001525878906,1189951
2024-06-14,59.790000915527344,59.790000915527344,60.380001068115234,59.27000045776367,59.77000045776367,678320
2024-06-18,59.97999954223633,59.97999954223633,60.95000076293945,59.810001373291016,60.939998626708984,616026
2024-06-19,59.38999938964844,59.38999938964844,60.34000015258789,59.2599983215332,60.0099983215332,610764
2024-06-20,59.470001220703125,59.470001220703125,59.84000015258789,59.08000183105469,59.599998474121094,454859
2024-06-21,58.7599983215332,58.7599983215332,59.779998779296875,58.5,59.77000045776367,954002
2024-06-24,59.08000183105469,59.08000183105469,59.11000061035156,58.5,58.7599983215332,318678
2024-06-25,58.970001220703125,58.970001220703125,59.47999954223633,58.75,59.47999954223633,313227
2024-06-26,59.18000030517578,59.18000030517578,59.31999969482422,58.599998474121094,58.97999954223633,362832
2024-06-27,59.2400016784668,59.2400016784668,59.5,58.95000076293945,59.20000076293945,338174
2024-06-28,59.56999969482422,59.56999969482422,59.79999923706055,59.0,59.0,966869
2024-07-01,59.81999969482422,59.81999969482422,59.93000030517578,59.2599983215332,59.599998474121094,367338
2024-07-02,59.70000076293945,59.70000076293945,60.33000183105469,59.20000076293945,60.099998474121094,423913
2024-07-03,59.779998779296875,59.779998779296875,59.970001220703125,59.33000183105469,59.970001220703125,303485
2024-07-04,59.83000183105469,59.83000183105469,61.54999923706055,59.709999084472656,61.54999923706055,522412
2024-07-05,60.310001373291016,60.310001373291016,60.4900016784668,59.810001373291016,59.84000015258789,670522
2024-07-08,61.439998626708984,61.439998626708984,61.59000015258789,60.5,60.66999816894531,3099867
2024-07-09,62.040000915527344,62.040000915527344,62.290000915527344,61.45000076293945,61.5,1571034
2024-07-10,62.209999084472656,62.209999084472656,62.470001220703125,61.27000045776367,62.2599983215332,1367526
2024-07-11,62.31999969482422,62.31999969482422,62.45000076293945,61.720001220703125,62.290000915527344,784955
2024-07-12,62.560001373291016,62.560001373291016,62.650001525878906,62.130001068115234,62.31999969482422,1070071
2024-07-15,62.959999084472656,62.959999084472656,63.0099983215332,62.470001220703125,62.90999984741211,706655
2024-07-16,63.47999954223633,63.47999954223633,63.790000915527344,62.90999984741211,63.09000015258789,915233
2024-07-18,64.06999969482422,64.06999969482422,64.18000030517578,63.189998626708984,63.599998474121094,1046524
2024-07-19,63.88999938964844,63.88999938964844,64.5999984741211,63.27000045776367,64.55999755859375,1148294
2024-07-22,63.790000915527344,63.790000915527344,64.4000015258789,62.0,63.880001068115234,932966
2024-07-23,65.45999908447266,65.45999908447266,66.0,63.7599983215332,64.29000091552734,1629373
2024-07-24,65.19999694824219,65.19999694824219,66.97000122070312,64.80999755859375,66.0,1123644
2024-07-25,65.0199966430664,65.0199966430664,65.9800033569336,64.41000366210938,65.20999908447266,612380
2024-07-26,65.62999725341797,65.62999725341797,65.81999969482422,64.7699966430664,65.30000305175781,532089
2024-07-29,65.4000015258789,65.4000015258789,66.30000305175781,65.20999908447266,65.69999694824219,646121
2024-07-30,64.86000061035156,64.86000061035156,66.05999755859375,64.7699966430664,66.05999755859375,498232
2024-07-31,65.0,65.0,65.37000274658203,64.80000305175781,64.87000274658203,279406
2024-08-01,65.22000122070312,65.22000122070312,66.0,64.88999938964844,66.0,328811
2024-08-02,64.7300033569336,64.7300033569336,67.19999694824219,64.51000213623047,67.19999694824219,328938
2024-08-05,64.51000213623047,64.51000213623047,65.16000366210938,62.95000076293945,62.95000076293945,816301
2024-08-06,64.44999694824219,64.44999694824219,65.37999725341797,64.33000183105469,64.51000213623047,520855
2024-08-07,65.41000366210938,65.41000366210938,65.5,64.55000305175781,65.20999908447266,384933
2024-08-08,65.25,65.25,65.8499984741211,64.9000015258789,65.83999633789062,395973
2024-08-09,65.16999816894531,65.16999816894531,65.80000305175781,65.0,65.30000305175781,486925
2024-08-12,64.69999694824219,64.69999694824219,65.75,64.5999984741211,65.75,504818
2024-08-13,64.5,64.5,65.69999694824219,64.31999969482422,65.69999694824219,314783
2024-08-14,64.36000061035156,64.36000061035156,64.87999725341797,64.0,64.81999969482422,346960
2024-08-16,65.12000274658203,65.12000274658203,65.6500015258789,64.30000305175781,65.36000061035156,278973
2024-08-19,65.2300033569336,65.2300033569336,65.77999877929688,64.58999633789062,65.66000366210938,495090
2024-08-20,65.27999877929688,65.27999877929688,66.55000305175781,64.97000122070312,66.55000305175781,343164
2024-08-21,66.19000244140625,66.19000244140625,66.26000213623047,65.27999877929688,65.27999877929688,370300
2024-08-22,66.56999969482422,66.56999969482422,66.68000030517578,66.11000061035156,66.2300033569336,415568
2024-08-23,66.5,66.5,67.12000274658203,66.20999908447266,67.12000274658203,432207
2024-08-26,66.72000122070312,66.72000122070312,66.94000244140625,66.3499984741211,66.55999755859375,315184
2024-08-28,65.83000183105469,65.83000183105469,66.6500015258789,65.66000366210938,66.1500015258789,1020054
2024-08-29,66.16999816894531,66.16999816894531,66.83000183105469,65.30999755859375,65.5,228098
2024-08-30,66.12999725341797,66.12999725341797,66.5999984741211,65.91999816894531,66.58999633789062,738184
2024-09-02,66.72000122070312,66.72000122070312,67.4000015258789,65.9000015258789,67.4000015258789,902204
2024-09-03,66.61000061035156,66.61000061035156,67.0999984741211,66.4800033569336,66.75,306819
2024-09-04,66.72000122070312,66.72000122070312,67.01000213623047,66.0,66.30000305175781,592856
2024-09-05,66.80999755859375,66.80999755859375,67.12000274658203,66.5199966430664,67.0999984741211,216145
2024-09-06,66.16999816894531,66.16999816894531,66.98999786376953,65.91000366210938,66.80999755859375,409078
2024-09-09,67.5999984741211,67.5999984741211,67.70999908447266,65.91999816894531,66.18000030517578,487373
2024-09-10,67.7300033569336,67.7300033569336,68.0,67.20999908447266,67.7300033569336,470493
2024-09-11,67.95999908447266,67.95999908447266,68.52999877929688,67.44000244140625,68.30000305175781,709324
2024-09-12,68.58000183105469,68.58000183105469,68.62999725341797,67.73999786376953,68.54000091552734,1707053
2024-09-13,68.30999755859375,68.30999755859375,69.11000061035156,68.13999938964844,69.11000061035156,688134
2024-09-16,67.87000274658203,67.87000274658203,68.75,67.5,68.37999725341797,758783
2024-09-17,67.9000015258789,67.9000015258789,68.38999938964844,67.69999694824219,67.86000061035156,594535
2024-09-18,67.79000091552734,67.79000091552734,68.30000305175781,67.4000015258789,67.88999938964844,499205
2024-09-19,68.06999969482422,68.06999969482422,68.5999984741211,67.87999725341797,68.01000213623047,1638040
2024-09-20,69.12000274658203,69.12000274658203,69.20999908447266,68.18000030517578,68.62999725341797,889703
2024-09-23,69.62000274658203,69.62000274658203,71.19999694824219,68.87999725341797,71.19999694824219,420722
2024-09-24,69.08000183105469,69.08000183105469,69.63999938964844,68.94999694824219,69.62000274658203,533027
2024-09-25,68.69000244140625,68.69000244140625,69.31999969482422,68.19999694824219,69.08000183105469,570799
2024-09-26,69.19000244140625,69.19000244140625,69.37000274658203,68.58000183105469,68.87999725341797,610289
2024-09-27,69.16000366210938,69.16000366210938,69.70999908447266,68.30000305175781,69.23999786376953,611693
2024-09-30,68.79000091552734,68.79000091552734,69.66999816894531,68.5999984741211,69.1500015258789,409610
2024-10-01,68.73999786376953,68.73999786376953,69.66999816894531,68.27999877929688,68.80000305175781,428687
2024-10-03,67.87000274658203,67.87000274658203,68.76000213623047,67.5999984741211,68.73999786376953,555070
2024-10-04,66.93000030517578,66.93000030517578,68.68000030517578,66.43000030517578,68.68000030517578,966670
2024-10-07,65.9800033569336,65.9800033569336,68.9000015258789,65.69999694824219,68.9000015258789,696398
2024-10-08,66.45999908447266,66.45999908447266,66.98999786376953,65.79000091552734,66.9800033569336,236781
2024-10-09,65.48999786376953,65.48999786376953,66.77999877929688,65.30000305175781,66.37999725341797,1321404
2024-10-10,65.13999938964844,65.13999938964844,66.05999755859375,64.9000015258789,66.05999755859375,1153704
2024-10-11,65.16999816894531,65.16999816894531,65.62999725341797,64.9000015258789,65.19999694824219,641517
2024-10-14,65.45999908447266,65.45999908447266,65.66000366210938,64.91999816894531,65.29000091552734,626983
2024-10-15,65.69999694824219,65.69999694824219,65.76000213623047,65.16000366210938,65.52999877929688,426211
2024-10-16,65.43000030517578,65.43000030517578,65.88999938964844,65.1500015258789,65.73999786376953,544700
2024-10-17,64.86000061035156,64.86000061035156,65.5999984741211,64.30000305175781,65.5999984741211,486713
2024-10-18,64.12999725341797,64.12999725341797,64.69000244140625,63.41999816894531,64.55999755859375,832495
2024-10-21,63.25,63.25,65.12000274658203,62.70000076293945,64.25,2155033
2024-10-22,63.15999984741211,63.15999984741211,63.77000045776367,62.83000183105469,63.2599983215332,580352
2024-10-23,62.9900016784668,62.9900016784668,63.79999923706055,62.7599983215332,63.79999923706055,559444
2024-10-24,61.2400016784668,61.2400016784668,63.18000030517578,61.0099983215332,63.0099983215332,2123387
2024-10-25,61.83000183105469,61.83000183105469,62.2400016784668,61.349998474121094,62.2400016784668,641438
2024-10-28,62.16999816894531,62.16999816894531,62.47999954223633,61.0099983215332,62.0,667675
2024-10-29,62.15999984741211,62.15999984741211,62.38999938964844,61.54999923706055,62.220001220703125,328676
2024-10-31,62.18000030517578,62.18000030517578,62.720001220703125,61.93000030517578,62.720001220703125,1463515
2024-11-01,62.95000076293945,62.95000076293945,64.05000305175781,62.5099983215332,64.05000305175781,151321
2024-11-04,61.70000076293945,61.70000076293945,62.95000076293945,61.15999984741211,62.95000076293945,960461
2024-11-06,61.709999084472656,61.709999084472656,61.900001525878906,61.400001525878906,61.41999816894531,811798
2024-11-07,61.18000030517578,61.18000030517578,61.970001220703125,61.0,61.720001220703125,559288
2024-11-08,61.380001068115234,61.380001068115234,61.709999084472656,60.86000061035156,61.709999084472656,341385
2024-11-11,60.880001068115234,60.880001068115234,61.59000015258789,60.61000061035156,61.540000915527344,386150
2024-11-12,59.93000030517578,59.93000030517578,60.880001068115234,59.599998474121094,60.880001068115234,758488
2024-11-13,59.599998474121094,59.599998474121094,60.93000030517578,59.43000030517578,60.93000030517578,523764
2024-11-14,58.77000045776367,58.77000045776367,59.779998779296875,58.70000076293945,59.650001525878906,2016299
2024-11-18,59.11000061035156,59.11000061035156,59.29999923706055,58.400001525878906,59.06999969482422,730322
2024-11-19,59.09000015258789,59.09000015258789,60.0099983215332,59.0099983215332,59.0099983215332,801847
2024-11-21,58.790000915527344,58.790000915527344,59.33000183105469,58.40999984741211,59.33000183105469,526967
2024-11-22,59.900001525878906,59.900001525878906,60.099998474121094,58.439998626708984,58.790000915527344,353757
2024-11-25,60.45000076293945,60.45000076293945,60.97999954223633,60.13999938964844,60.150001525878906,651862
2024-11-26,60.810001373291016,60.810001373291016,61.16999816894531,60.40999984741211,60.900001525878906,280990
2024-11-27,60.9900016784668,60.9900016784668,61.34000015258789,60.439998626708984,61.34000015258789,364299
2024-11-28,60.72999954223633,60.72999954223633,61.720001220703125,60.5,61.310001373291016,423864
2024-11-29,60.97999954223633,60.97999954223633,61.130001068115234,60.540000915527344,60.7400016784668,310849
2024-12-02,60.970001220703125,60.970001220703125,61.970001220703125,60.5099983215332,61.970001220703125,308075
2024-12-03,60.720001220703125,60.720001220703125,60.970001220703125,60.04999923706055,60.970001220703125,2844682
2024-12-04,60.290000915527344,60.290000915527344,60.970001220703125,60.18000030517578,60.970001220703125,771422
2024-12-05,60.630001068115234,60.630001068115234,60.77000045776367,59.86000061035156,60.70000076293945,805515
2024-12-06,60.779998779296875,60.779998779296875,60.939998626708984,60.63999938964844,60.70000076293945,447168
2024-12-09,59.40999984741211,59.40999984741211,61.9900016784668,59.25,61.380001068115234,6103686
2024-12-10,59.4900016784668,59.4900016784668,59.66999816894531,59.31999969482422,59.54999923706055,1146354
2024-12-11,59.720001220703125,59.720001220703125,59.849998474121094,59.400001525878906,59.5,1263810
2024-12-12,59.08000183105469,59.08000183105469,59.90999984741211,58.959999084472656,59.900001525878906,2076216
2024-12-13,59.81999969482422,59.81999969482422,59.88999938964844,58.38999938964844,59.66999816894531,1782778
2024-12-16,59.599998474121094,59.599998474121094,60.13999938964844,59.400001525878906,59.81999969482422,1396147
2024-12-17,59.400001525878906,59.400001525878906,59.790000915527344,59.150001525878906,59.7599983215332,960069
2024-12-18,59.369998931884766,59.369998931884766,59.68000030517578,59.20000076293945,59.65999984741211,702128
2024-12-19,59.060001373291016,59.060001373291016,59.369998931884766,58.93000030517578,59.29999923706055,964481
2024-12-20,58.47999954223633,58.47999954223633,59.400001525878906,58.25,59.060001373291016,1219964
2024-12-23,59.02000045776367,59.02000045776367,59.209999084472656,58.529998779296875,59.0,879754
2024-12-24,59.369998931884766,59.369998931884766,59.540000915527344,58.869998931884766,59.209999084472656,510121
2024-12-26,59.20000076293945,59.20000076293945,60.34000015258789,59.060001373291016,59.380001068115234,431633
2024-12-27,59.369998931884766,59.369998931884766,59.779998779296875,59.04999923706055,59.779998779296875,306574
2024-12-30,59.439998626708984,59.439998626708984,60.349998474121094,59.0099983215332,60.349998474121094,696243
2024-12-31,59.560001373291016,59.560001373291016,59.97999954223633,59.119998931884766,59.97999954223633,2269357
2025-01-01,59.810001373291016,59.810001373291016,59.95000076293945,59.54999923706055,59.59000015258789,484100
2025-01-02,60.47999954223633,60.47999954223633,60.54999923706055,59.68000030517578,60.36000061035156,922616
2025-01-03,60.650001525878906,60.650001525878906,60.900001525878906,60.20000076293945,60.630001068115234,901081
2025-01-06,59.540000915527344,59.540000915527344,61.0,59.36000061035156,60.59000015258789,682125
2025-01-07,59.650001525878906,59.650001525878906,60.09000015258789,59.599998474121094,59.900001525878906,493276
2025-01-08,59.93000030517578,59.93000030517578,60.150001525878906,59.08000183105469,60.150001525878906,687973
2025-01-09,60.540000915527344,60.540000915527344,61.099998474121094,59.689998626708984,60.41999816894531,921048
2025-01-10,59.970001220703125,59.970001220703125,60.9900016784668,59.83000183105469,60.9900016784668,993179
2025-01-13,59.20000076293945,59.20000076293945,60.0,59.099998474121094,60.0,840502
2025-01-14,58.529998779296875,58.529998779296875,59.65999984741211,58.45000076293945,59.65999984741211,1428689
2025-01-15,58.43000030517578,58.43000030517578,59.290000915527344,58.040000915527344,58.720001220703125,1093491
2025-01-16,58.130001068115234,58.130001068115234,59.959999084472656,57.79999923706055,59.959999084472656,1252837
2025-01-17,58.7400016784668,58.7400016784668,58.939998626708984,58.0,58.400001525878906,720325
2025-01-20,58.650001525878906,58.650001525878906,60.33000183105469,58.36000061035156,60.33000183105469,685187
2025-01-21,58.529998779296875,58.529998779296875,59.650001525878906,58.45000076293945,59.220001220703125,614055
2025-01-22,58.560001373291016,58.560001373291016,59.290000915527344,58.31999969482422,59.290000915527344,652781
2025-01-23,58.720001220703125,58.720001220703125,58.77000045776367,57.61000061035156,58.7400016784668,745557
2025-01-24,59.0099983215332,59.0099983215332,59.279998779296875,57.7599983215332,57.7599983215332,832989
2025-01-27,58.5099983215332,58.5099983215332,59.400001525878906,58.25,59.290000915527344,618226
2025-01-28,58.34000015258789,58.34000015258789,58.970001220703125,58.11000061035156,58.970001220703125,592327
2025-01-29,57.91999816894531,57.91999816894531,59.20000076293945,57.63999938964844,59.20000076293945,1414141
2025-01-30,58.380001068115234,58.380001068115234,58.5,57.369998931884766,57.5,525950
2025-01-31,59.41999816894531,59.41999816894531,59.650001525878906,56.650001525878906,56.650001525878906,2827003
2025-02-01,61.29999923706055,61.29999923706055,62.18000030517578,58.90999984741211,59.43000030517578,0
2025-02-03,60.439998626708984,60.439998626708984,61.869998931884766,60.11000061035156,61.5,2619912
2025-02-04,60.220001220703125,60.220001220703125,60.95000076293945,59.5,60.95000076293945,2233557
2025-02-05,59.349998474121094,59.349998474121094,60.349998474121094,59.290000915527344,60.22999954223633,1830194
2025-02-06,58.79999923706055,58.79999923706055,60.959999084472656,58.59000015258789,60.09000015258789,1159628
2025-02-07,58.02000045776367,58.02000045776367,59.20000076293945,57.81999969482422,59.189998626708984,2751937
2025-02-10,57.7599983215332,57.7599983215332,58.66999816894531,57.54999923706055,58.58000183105469,729294
2025-02-11,56.650001525878906,56.650001525878906,58.900001525878906,56.25,58.900001525878906,1920289
2025-02-12,56.7599983215332,56.7599983215332,57.11000061035156,56.189998626708984,57.0,834531
2025-02-13,56.40999984741211,56.40999984741211,57.189998626708984,56.36000061035156,57.189998626708984,731459
2025-02-14,56.25,56.25,57.029998779296875,56.06999969482422,56.88999938964844,1056541
2025-02-17,56.029998779296875,56.029998779296875,56.97999954223633,55.709999084472656,56.97999954223633,707582
2025-02-18,55.52000045776367,55.52000045776367,56.18000030517578,55.36000061035156,56.029998779296875,1001144
2025-02-19,55.36000061035156,55.36000061035156,55.939998626708984,55.130001068115234,55.91999816894531,1070823
2025-02-20,55.38999938964844,55.38999938964844,55.439998626708984,54.93000030517578,55.369998931884766,816942
2025-02-21,55.0099983215332,55.0099983215332,55.599998474121094,54.95000076293945,55.599998474121094,1145967
2025-02-24,55.34000015258789,55.34000015258789,55.38999938964844,54.79999923706055,55.0,689826
2025-02-25,55.43000030517578,55.43000030517578,55.790000915527344,55.119998931884766,55.790000915527344,849997
2025-02-27,55.09000015258789,55.09000015258789,56.900001525878906,54.619998931884766,56.900001525878906,728634
2025-02-28,53.68000030517578,53.68000030517578,56.75,53.529998779296875,56.75,2788215
2025-03-03,53.75,53.75,54.470001220703125,53.119998931884766,54.2400016784668,1008320
2025-03-04,53.459999084472656,53.459999084472656,54.11000061035156,53.13999938964844,54.11000061035156,798420
2025-03-05,54.29999923706055,54.29999923706055,55.900001525878906,53.439998626708984,53.959999084472656,1690616
2025-03-06,54.790000915527344,54.790000915527344,54.97999954223633,54.04999923706055,54.790000915527344,842855
2025-03-07,54.88999938964844,54.88999938964844,55.459999084472656,54.5099983215332,54.79999923706055,585410
2025-03-10,54.880001068115234,54.880001068115234,55.47999954223633,54.560001373291016,54.849998474121094,1126198
2025-03-11,54.95000076293945,54.95000076293945,55.11000061035156,54.0099983215332,54.880001068115234,1129737
2025-03-12,54.88999938964844,54.88999938964844,55.2400016784668,54.65999984741211,55.2400016784668,632014
2025-03-13,54.7400016784668,54.7400016784668,55.2400016784668,54.70000076293945,55.22999954223633,1548675
2025-03-17,54.61000061035156,54.61000061035156,55.939998626708984,54.400001525878906,55.83000183105469,1132934
2025-03-18,55.34000015258789,55.34000015258789,55.54999923706055,54.52000045776367,54.61000061035156,1973435
2025-03-19,55.22999954223633,55.22999954223633,55.720001220703125,55.189998626708984,55.5,1505586
2025-03-20,55.83000183105469,55.83000183105469,56.0099983215332,55.22999954223633,55.59000015258789,644380
2025-03-21,55.900001525878906,55.900001525878906,56.099998474121094,55.650001525878906,56.04999923706055,880825
2025-03-24,56.189998626708984,56.189998626708984,56.310001373291016,55.90999984741211,56.209999084472656,916284
2025-03-25,56.02000045776367,56.02000045776367,56.56999969482422,55.91999816894531,56.470001220703125,2073686
2025-03-26,55.88999938964844,55.88999938964844,56.540000915527344,55.79999923706055,56.540000915527344,740100
2025-03-27,56.25,56.25,56.38999938964844,55.599998474121094,56.38999938964844,893271
2025-03-28,56.470001220703125,56.470001220703125,56.97999954223633,56.25,56.25,1189400
2025-04-01,55.9900016784668,55.9900016784668,56.97999954223633,55.83000183105469,56.63999938964844,1122892
2025-04-02,56.61000061035156,56.61000061035156,56.68000030517578,55.779998779296875,56.619998931884766,503142
2025-04-03,56.75,56.75,58.279998779296875,54.900001525878906,56.880001068115234,879726
2025-04-04,56.72999954223633,56.72999954223633,57.150001525878906,56.209999084472656,56.68000030517578,1113985
2025-04-07,55.91999816894531,55.91999816894531,56.25,54.470001220703125,56.0,1084784
2025-04-08,57.29999923706055,57.29999923706055,57.619998931884766,56.459999084472656,56.4900016784668,1553494
2025-04-09,58.27000045776367,58.27000045776367,58.41999816894531,57.29999923706055,57.29999923706055,1592953
2025-04-11,58.7599983215332,58.7599983215332,58.88999938964844,58.22999954223633,58.4900016784668,1148766
2025-04-15,58.91999816894531,58.91999816894531,59.36000061035156,58.56999969482422,59.0,905274
2025-04-16,59.369998931884766,59.369998931884766,59.47999954223633,58.75,59.2400016784668,915382
2025-04-17,59.7599983215332,59.7599983215332,59.81999969482422,58.68000030517578,59.65999984741211,988581
2025-04-21,59.349998474121094,59.349998474121094,60.20000076293945,59.25,60.20000076293945,1498222
2025-04-22,60.310001373291016,60.310001373291016,60.400001525878906,59.2599983215332,59.790000915527344,1142508
2025-04-23,60.61000061035156,60.61000061035156,60.68000030517578,60.209999084472656,60.36000061035156,1080367
2025-04-24,60.060001373291016,60.060001373291016,61.18000030517578,60.0,60.81999969482422,1588609
2025-04-25,59.790000915527344,59.790000915527344,60.59000015258789,59.029998779296875,60.59000015258789,1236454
2025-04-28,59.84000015258789,59.84000015258789,59.9900016784668,59.400001525878906,59.97999954223633,703785
2025-04-29,59.61000061035156,59.61000061035156,60.119998931884766,59.459999084472656,60.119998931884766,665703
2025-04-30,59.52000045776367,59.52000045776367,59.9900016784668,59.22999954223633,59.650001525878906,518594
2025-05-02,59.36000061035156,59.36000061035156,59.7599983215332,59.0,59.65999984741211,704970
2025-05-05,60.0099983215332,60.0099983215332,60.130001068115234,59.38999938964844,59.66999816894531,921555
2025-05-06,59.939998626708984,59.939998626708984,60.38999938964844,59.68000030517578,60.38999938964844,946272
2025-05-07,59.63999938964844,59.63999938964844,59.939998626708984,59.11000061035156,59.939998626708984,404783
2025-05-08,59.04999923706055,59.04999923706055,59.84000015258789,58.90999984741211,59.63999938964844,587023
2025-05-09,58.66999816894531,58.66999816894531,58.959999084472656,58.119998931884766,58.95000076293945,627620
2025-05-12,60.209999084472656,60.209999084472656,60.29999923706055,59.02000045776367,59.02000045776367,1037320
2025-05-13,59.59000015258789,59.59000015258789,60.47999954223633,59.459999084472656,60.27000045776367,1345318
2025-05-14,59.61000061035156,59.61000061035156,59.810001373291016,59.290000915527344,59.79999923706055,769421
2025-05-15,59.95000076293945,59.95000076293945,60.099998474121094,59.31999969482422,59.900001525878906,996635
2025-05-16,60.369998931884766,60.369998931884766,60.54999923706055,59.79999923706055,60.22999954223633,881385
2025-05-19,60.22999954223633,60.22999954223633,60.65999984741211,60.06999969482422,60.369998931884766,1682716
2025-05-20,59.439998626708984,59.439998626708984,60.61000061035156,59.34000015258789,60.529998779296875,842095
2025-05-21,59.66999816894531,59.66999816894531,60.0,59.349998474121094,59.720001220703125,497934
2025-05-22,58.81999969482422,58.81999969482422,59.66999816894531,58.5099983215332,59.66999816894531,1976486
2025-05-23,59.63999938964844,59.63999938964844,59.75,58.90999984741211,59.11000061035156,1916759
2025-05-26,60.13999938964844,60.13999938964844,60.20000076293945,59.63999938964844,59.63999938964844,1697865
2025-05-27,59.810001373291016,59.810001373291016,60.380001068115234,59.5,60.220001220703125,1285499
2025-05-28,59.29999923706055,59.29999923706055,59.81999969482422,59.099998474121094,59.81999969482422,1231251
2025-05-29,59.2400016784668,59.2400016784668,59.689998626708984,58.91999816894531,59.689998626708984,1119231
2025-05-30,58.869998931884766,58.869998931884766,59.4900016784668,58.75,59.25,1249732
2025-06-02,59.40999984741211,59.40999984741211,59.779998779296875,58.90999984741211,59.0099983215332,957230
2025-06-03,59.04999923706055,59.04999923706055,60.08000183105469,58.93000030517578,59.0,869798
2025-06-04,59.5,59.5,60.0,58.86000061035156,59.34000015258789,700667
2025-06-05,59.27000045776367,59.27000045776367,59.4900016784668,58.91999816894531,59.47999954223633,1066934
2025-06-06,59.380001068115234,59.380001068115234,59.470001220703125,59.18000030517578,59.470001220703125,932013
2025-06-09,59.66999816894531,59.66999816894531,60.08000183105469,59.310001373291016,60.08000183105469,1210921
2025-06-10,59.84000015258789,59.84000015258789,60.11000061035156,59.349998474121094,60.11000061035156,1400611
2025-06-11,59.45000076293945,59.45000076293945,61.33000183105469,59.400001525878906,61.33000183105469,1574879
2025-06-12,58.70000076293945,58.70000076293945,59.709999084472656,58.59000015258789,59.5099983215332,2378065
2025-06-13,58.11000061035156,58.11000061035156,60.15999984741211,57.959999084472656,60.15999984741211,3481045
2025-06-16,58.439998626708984,58.439998626708984,59.29999923706055,57.9900016784668,59.29999923706055,1494324
2025-06-17,58.209999084472656,58.209999084472656,59.61000061035156,58.04999923706055,59.61000061035156,1344395
2025-06-18,58.0099983215332,58.0099983215332,60.119998931884766,57.81999969482422,59.369998931884766,1186260
2025-06-19,57.81999969482422,57.81999969482422,58.5,57.70000076293945,58.5,930196
2025-06-20,58.220001220703125,58.220001220703125,58.400001525878906,57.779998779296875,57.83000183105469,534342
2025-06-23,57.970001220703125,57.970001220703125,59.66999816894531,57.689998626708984,59.66999816894531,1606153
2025-06-24,58.0,58.0,58.70000076293945,57.95000076293945,58.70000076293945,1265488
2025-06-25,58.2599983215332,58.2599983215332,59.7400016784668,57.959999084472656,59.7400016784668,911808
2025-06-26,58.61000061035156,58.61000061035156,58.650001525878906,58.220001220703125,58.4900016784668,1153205
2025-06-27,58.68000030517578,58.68000030517578,58.90999984741211,58.54999923706055,58.90999984741211,886644
2025-06-30,58.560001373291016,58.560001373291016,60.13999938964844,58.349998474121094,60.13999938964844,1406245
2025-07-01,58.16999816894531,58.16999816894531,58.97999954223633,53.0,58.560001373291016,1449599
2025-07-02,58.08000183105469,58.08000183105469,58.790000915527344,57.939998626708984,58.459999084472656,1255342
2025-07-03,58.15999984741211,58.15999984741211,59.529998779296875,58.0099983215332,59.529998779296875,1103230
2025-07-04,58.40999984741211,58.40999984741211,59.61000061035156,58.16999816894531,59.61000061035156,778255
2025-07-07,59.220001220703125,59.220001220703125,59.33000183105469,56.939998626708984,58.16999816894531,2129228
2025-07-08,59.220001220703125,59.220001220703125,59.4900016784668,58.97999954223633,58.97999954223633,1925023
2025-07-09,59.5099983215332,59.5099983215332,59.599998474121094,59.15999984741211,59.34000015258789,2358588
2025-07-10,59.150001525878906,59.150001525878906,59.790000915527344,59.11000061035156,59.54999923706055,952231
2025-07-11,59.5,59.5,59.900001525878906,59.36000061035156,59.45000076293945,1834045
2025-07-14,59.68000030517578,59.68000030517578,60.47999954223633,59.310001373291016,59.86000061035156,955964
2025-07-15,60.0099983215332,60.0099983215332,60.060001373291016,59.43000030517578,59.720001220703125,1447871
2025-07-16,60.310001373291016,60.310001373291016,60.61000061035156,59.61000061035156,59.68000030517578,931585
2025-07-17,60.45000076293945,60.45000076293945,60.63999938964844,60.29999923706055,60.47999954223633,1473445
2025-07-18,60.2400016784668,60.2400016784668,60.79999923706055,60.0099983215332,60.79999923706055,775576
2025-07-21,59.9900016784668,59.9900016784668,61.7400016784668,59.790000915527344,60.70000076293945,1376846
2025-07-22,59.77000045776367,59.77000045776367,61.7400016784668,59.63999938964844,60.5,679503
2025-07-23,59.45000076293945,59.45000076293945,60.060001373291016,58.27000045776367,59.529998779296875,885563
2025-07-24,58.779998779296875,58.779998779296875,59.810001373291016,58.56999969482422,59.810001373291016,1507796
2025-07-25,58.25,58.25,59.06999969482422,58.150001525878906,59.06999969482422,1433951
2025-07-28,58.38999938964844,58.38999938964844,58.650001525878906,58.02000045776367,58.38999938964844,769067
2025-07-29,58.56999969482422,58.56999969482422,59.04999923706055,58.16999816894531,59.04999923706055,705795
2025-07-30,58.56999969482422,58.56999969482422,58.65999984741211,58.349998474121094,58.56999969482422,715705
2025-07-31,59.45000076293945,59.45000076293945,59.810001373291016,58.0,58.650001525878906,1509419
2025-08-01,59.900001525878906,59.900001525878906,60.7400016784668,59.439998626708984,59.45000076293945,2057392
2025-08-04,59.79999923706055,59.79999923706055,60.349998474121094,59.66999816894531,60.349998474121094,595773
2025-08-05,59.47999954223633,59.47999954223633,60.09000015258789,59.220001220703125,60.09000015258789,1237447
2025-08-06,58.88999938964844,58.88999938964844,59.869998931884766,58.790000915527344,59.869998931884766,707275
2025-08-07,58.9900016784668,58.9900016784668,59.18000030517578,58.619998931884766,59.18000030517578,409274
2025-08-08,58.54999923706055,58.54999923706055,59.34000015258789,57.5099983215332,57.5099983215332,272546
2025-08-11,58.95000076293945,58.95000076293945,59.02000045776367,58.2599983215332,58.560001373291016,725589
2025-08-12,58.650001525878906,58.650001525878906,59.279998779296875,58.61000061035156,59.2400016784668,380962
2025-08-13,58.70000076293945,58.70000076293945,59.06999969482422,58.41999816894531,58.939998626708984,321251
2025-08-14,58.349998474121094,58.349998474121094,59.08000183105469,58.279998779296875,58.70000076293945,558101
2025-08-18,59.119998931884766,59.119998931884766,60.0099983215332,58.349998474121094,59.4900016784668,1322151
2025-08-19,59.70000076293945,59.70000076293945,59.75,58.90999984741211,59.529998779296875,547958
2025-08-20,60.349998474121094,60.349998474121094,60.4900016784668,59.380001068115234,59.70000076293945,1619568
2025-08-21,60.02000045776367,60.02000045776367,61.0,59.90999984741211,60.08000183105469,778922
2025-08-22,59.56999969482422,59.56999969482422,60.33000183105469,59.45000076293945,60.33000183105469,592692
2025-08-25,59.52000045776367,59.52000045776367,59.97999954223633,59.119998931884766,59.97999954223633,678660
2025-08-26,60.040000915527344,60.040000915527344,60.310001373291016,59.290000915527344,59.81999969482422,1052887
2025-08-28,59.27000045776367,59.27000045776367,60.459999084472656,59.189998626708984,60.459999084472656,1063971
2025-08-29,59.9900016784668,59.9900016784668,60.279998779296875,59.22999954223633,59.560001373291016,798966
2025-09-01,59.95000076293945,59.95000076293945,60.40999984741211,59.70000076293945,60.40999984741211,663276
2025-09-02,60.56999969482422,60.56999969482422,60.599998474121094,59.83000183105469,60.349998474121094,1078212
2025-09-03,60.869998931884766,60.869998931884766,62.08000183105469,60.52000045776367,60.849998474121094,1104756
2025-09-04,61.0,61.0,62.29999923706055,60.90999984741211,61.72999954223633,3689405
2025-09-05,60.20000076293945,60.20000076293945,62.150001525878906,59.900001525878906,61.459999084472656,3106057
2025-09-08,60.040000915527344,60.040000915527344,60.630001068115234,60.0,60.22999954223633,822845
2025-09-09,60.369998931884766,60.369998931884766,61.540000915527344,59.959999084472656,61.540000915527344,1282175
2025-09-10,60.56999969482422,60.56999969482422,61.72999954223633,60.20000076293945,60.88999938964844,1121144
2025-09-11,60.70000076293945,60.70000076293945,60.88999938964844,59.04999923706055,59.04999923706055,1021144
2025-09-12,60.36000061035156,60.36000061035156,61.11000061035156,60.25,61.11000061035156,912923
2025-09-15,60.400001525878906,60.400001525878906,60.72999954223633,60.2400016784668,60.369998931884766,1078282
2025-09-16,60.29999923706055,60.29999923706055,60.779998779296875,60.15999984741211,60.779998779296875,1579692
2025-09-17,60.130001068115234,60.130001068115234,60.68000030517578,60.0099983215332,60.68000030517578,1442120
2025-09-18,60.43000030517578,60.43000030517578,60.66999816894531,60.04999923706055,60.66999816894531,1289754
2025-09-19,60.119998931884766,60.119998931884766,60.59000015258789,60.04999923706055,60.439998626708984,1096626
2025-09-22,59.79999923706055,59.79999923706055,60.38999938964844,59.68000030517578,60.209999084472656,1055927
2025-09-23,59.040000915527344,59.040000915527344,60.09000015258789,58.849998474121094,60.0099983215332,2458206
2025-09-24,59.08000183105469,59.08000183105469,59.400001525878906,58.86000061035156,59.060001373291016,1097887
2025-09-25,58.880001068115234,58.880001068115234,59.400001525878906,58.79999923706055,59.38999938964844,642914
2025-09-26,58.5,58.5,59.18000030517578,58.40999984741211,58.86000061035156,1464884
2025-09-29,58.72999954223633,58.72999954223633,58.900001525878906,58.099998474121094,58.900001525878906,1800216
2025-09-30,58.40999984741211,58.40999984741211,58.939998626708984,58.27000045776367,58.869998931884766,737443
2025-10-01,58.84000015258789,58.84000015258789,58.90999984741211,58.150001525878906,58.7599983215332,597786
2025-10-03,58.93000030517578,58.93000030517578,59.099998474121094,58.439998626708984,59.099998474121094,957390
2025-10-06,58.810001373291016,58.810001373291016,59.119998931884766,58.56999969482422,59.11000061035156,475167
2025-10-07,58.540000915527344,58.540000915527344,59.060001373291016,58.459999084472656,58.810001373291016,1339617
2025-10-08,58.22999954223633,58.22999954223633,58.619998931884766,58.099998474121094,58.41999816894531,1001469
2025-10-09,58.459999084472656,58.459999084472656,58.52000045776367,58.09000015258789,58.2599983215332,725269
2025-10-10,58.72999954223633,58.72999954223633,58.790000915527344,58.31999969482422,58.459999084472656,944705
2025-10-13,58.209999084472656,58.209999084472656,58.7400016784668,58.099998474121094,58.72999954223633,1752049
2025-10-14,57.93000030517578,57.93000030517578,58.540000915527344,57.849998474121094,58.5,1543754
2025-10-15,58.380001068115234,58.380001068115234,58.5,57.95000076293945,57.959999084472656,823384
2025-10-16,59.5099983215332,59.5099983215332,59.599998474121094,58.36000061035156,58.66999816894531,2174242
2025-10-17,60.290000915527344,60.290000915527344,60.529998779296875,59.5099983215332,59.5099983215332,3061146
2025-10-20,60.29999923706055,60.29999923706055,60.720001220703125,60.22999954223633,60.59000015258789,1099540
2025-10-21,60.33000183105469,60.33000183105469,60.70000076293945,59.869998931884766,60.599998474121094,358722
2025-10-23,60.5,60.5,61.189998626708984,60.349998474121094,60.689998626708984,2491003
2025-10-24,60.060001373291016,60.060001373291016,60.83000183105469,59.630001068115234,60.83000183105469,1174107
2025-10-27,60.16999816894531,60.16999816894531,60.38999938964844,59.959999084472656,60.060001373291016,1168419
2025-10-28,59.83000183105469,59.83000183105469,60.470001220703125,59.619998931884766,60.16999816894531,668672
2025-10-29,60.29999923706055,60.29999923706055,60.349998474121094,59.84000015258789,59.95000076293945,848432
2025-10-30,60.060001373291016,60.060001373291016,60.400001525878906,59.7599983215332,60.310001373291016,469208
2025-10-31,59.88999938964844,59.88999938964844,60.45000076293945,59.849998474121094,60.150001525878906,584461
2025-11-03,59.970001220703125,59.970001220703125,60.18000030517578,59.43000030517578,60.18000030517578,835618
2025-11-04,59.650001525878906,59.650001525878906,59.970001220703125,59.529998779296875,59.970001220703125,988204
2025-11-06,59.40999984741211,59.40999984741211,60.04999923706055,59.349998474121094,59.81999969482422,504435
2025-11-07,59.22999954223633,59.22999954223633,59.66999816894531,59.09000015258789,59.40999984741211,422829
2025-11-10,59.16999816894531,59.16999816894531,59.59000015258789,58.95000076293945,59.59000015258789,283102
2025-11-11,59.43000030517578,59.43000030517578,59.4900016784668,58.90999984741211,59.38999938964844,549719
2025-11-12,59.40999984741211,59.40999984741211,59.63999938964844,59.2400016784668,59.4900016784668,749138
2025-11-13,59.189998626708984,59.189998626708984,59.56999969482422,59.119998931884766,59.400001525878906,824287
2025-11-14,59.400001525878906,59.400001525878906,59.4900016784668,58.810001373291016,59.209999084472656,768398
2025-11-17,59.47999954223633,59.47999954223633,59.81999969482422,59.40999984741211,59.689998626708984,717522
2025-11-18,59.130001068115234,59.130001068115234,59.970001220703125,59.02000045776367,59.7400016784668,556028
2025-11-19,59.20000076293945,59.20000076293945,59.41999816894531,59.060001373291016,59.41999816894531,448021
2025-11-20,59.2599983215332,59.2599983215332,59.650001525878906,59.16999816894531,59.25,624319
2025-11-21,59.310001373291016,59.310001373291016,59.900001525878906,59.099998474121094,59.900001525878906,469147
2025-11-24,59.02000045776367,59.02000045776367,59.650001525878906,58.939998626708984,59.310001373291016,786510
2025-11-25,58.849998474121094,58.849998474121094,59.27000045776367,58.59000015258789,59.27000045776367,3726348
2025-11-26,59.22999954223633,59.22999954223633,59.29999923706055,58.81999969482422,58.9900016784668,418159
2025-11-27,59.33000183105469,59.33000183105469,59.45000076293945,59.099998474121094,59.38999938964844,676806
2025-11-28,59.380001068115234,59.380001068115234,59.4900016784668,59.15999984741211,59.4900016784668,385543
2025-12-01,59.290000915527344,59.290000915527344,59.58000183105469,59.02000045776367,59.43000030517578,690144
2025-12-02,59.16999816894531,59.16999816894531,59.56999969482422,59.04999923706055,59.560001373291016,699059
2025-12-03,58.810001373291016,58.810001373291016,59.529998779296875,58.58000183105469,59.060001373291016,680341
2025-12-04,59.08000183105469,59.08000183105469,59.150001525878906,58.54999923706055,58.7599983215332,542418
2025-12-05,59.029998779296875,59.029998779296875,59.43000030517578,58.279998779296875,59.41999816894531,1318833
2025-12-08,58.38999938964844,58.38999938964844,59.4900016784668,58.220001220703125,59.369998931884766,876535
2025-12-09,58.36000061035156,58.36000061035156,59.0,57.95000076293945,59.0,1014284
2025-12-10,58.209999084472656,58.209999084472656,58.709999084472656,56.900001525878906,56.900001525878906,650369
2025-12-11,58.33000183105469,58.33000183105469,58.54999923706055,57.959999084472656,58.54999923706055,537211
2025-12-12,58.599998474121094,58.599998474121094,59.4900016784668,58.0099983215332,58.58000183105469,1193175
2025-12-15,58.720001220703125,58.720001220703125,59.060001373291016,58.099998474121094,58.599998474121094,679893
2025-12-16,58.7400016784668,58.7400016784668,59.20000076293945,58.52000045776367,58.790000915527344,1463384
2025-12-17,58.43000030517578,58.43000030517578,58.88999938964844,58.310001373291016,58.88999938964844,538206
2025-12-18,58.34000015258789,58.34000015258789,58.4900016784668,58.130001068115234,58.400001525878906,450833
2025-12-19,58.599998474121094,58.599998474121094,58.68000030517578,58.25,58.34000015258789,349114
2025-12-22,58.86000061035156,58.86000061035156,58.939998626708984,58.650001525878906,58.779998779296875,418542
2025-12-23,59.25,59.25,59.31999969482422,58.70000076293945,59.279998779296875,1037121
2025-12-24,58.97999954223633,58.97999954223633,59.290000915527344,58.900001525878906,59.2400016784668,1611726
2025-12-26,58.970001220703125,58.970001220703125,59.08000183105469,58.18000030517578,58.900001525878906,712791
2025-12-29,58.88999938964844,58.88999938964844,59.18000030517578,58.7599983215332,58.97999954223633,657501
2025-12-30,58.779998779296875,58.779998779296875,59.09000015258789,58.65999984741211,58.88999938964844,590807
2025-12-31,59.220001220703125,59.220001220703125,59.27000045776367,58.720001220703125,59.119998931884766,1175070
2026-01-01,57.5099983215332,57.5099983215332,59.470001220703125,57.2599983215332,59.470001220703125,5939971
2026-01-02,56.849998474121094,56.849998474121094,58.939998626708984,56.599998474121094,58.939998626708984,7126081
2026-01-05,57.220001220703125,57.220001220703125,57.33000183105469,55.41999816894531,56.52000045776367,4787583
2026-01-06,57.31999969482422,57.31999969482422,57.4900016784668,56.88999938964844,57.4900016784668,5314766
2026-01-07,57.279998779296875,57.279998779296875,57.97999954223633,57.099998474121094,57.97999954223633,5598708
2026-01-08,56.75,56.75,57.33000183105469,56.630001068115234,57.290000915527344,3875893
2026-01-09,56.13999938964844,56.13999938964844,57.08000183105469,56.040000915527344,57.08000183105469,2636036
2026-01-12,56.459999084472656,56.459999084472656,57.540000915527344,55.959999084472656,57.540000915527344,1773764
2026-01-13,56.29999923706055,56.29999923706055,56.72999954223633,56.02000045776367,56.5099983215332,3715369
2026-01-14,55.77000045776367,55.77000045776367,57.70000076293945,55.75,57.70000076293945,12400620
2026-01-16,55.7400016784668,55.7400016784668,56.369998931884766,55.66999816894531,56.369998931884766,3181339
2026-01-19,56.130001068115234,56.130001068115234,56.290000915527344,55.65999984741211,55.77000045776367,1361714
2026-01-20,55.400001525878906,55.400001525878906,56.470001220703125,55.2400016784668,56.459999084472656,1415824
2026-01-21,55.0099983215332,55.0099983215332,56.0,54.81999969482422,56.0,1760545
2026-01-22,55.630001068115234,55.630001068115234,55.75,55.20000076293945,55.209999084472656,1069193
2026-01-23,55.06999969482422,55.06999969482422,55.95000076293945,54.0,55.63999938964844,2279259
2026-01-27,54.90999984741211,54.90999984741211,56.470001220703125,54.650001525878906,56.470001220703125,1759383
2026-01-28,54.58000183105469,54.58000183105469,55.36000061035156,54.06999969482422,55.34000015258789,3500951
2026-01-29,54.060001373291016,54.060001373291016,54.68000030517578,53.599998474121094,54.68000030517578,3701673
2026-01-30,54.779998779296875,54.779998779296875,54.88999938964844,53.900001525878906,54.060001373291016,2585562
2026-02-02,54.060001373291016,54.060001373291016,54.5,52.709999084472656,54.5,2922600
2026-02-03,54.41999816894531,54.41999816894531,55.209999084472656,54.04999923706055,54.599998474121094,2389797
2026-02-04,54.529998779296875,54.529998779296875,54.79999923706055,54.29999923706055,54.41999816894531,1494670
2026-02-05,54.25,54.25,55.029998779296875,53.93000030517578,55.0,2644590
2026-02-06,55.61000061035156,55.61000061035156,55.689998626708984,53.95000076293945,54.2599983215332,3245530
2026-02-09,55.689998626708984,55.689998626708984,56.0,55.20000076293945,55.779998779296875,2726673
2026-02-10,55.849998474121094,55.849998474121094,57.08000183105469,55.56999969482422,57.08000183105469,1024475
2026-02-11,55.900001525878906,55.900001525878906,56.099998474121094,55.630001068115234,55.849998474121094,2074507
2026-02-12,55.599998474121094,55.599998474121094,56.29999923706055,55.25,56.150001525878906,1660554
2026-02-13,54.540000915527344,54.540000915527344,55.459999084472656,54.470001220703125,55.400001525878906,2046909
2026-02-16,54.790000915527344,54.790000915527344,55.900001525878906,54.43000030517578,55.900001525878906,1279910
2026-02-17,55.43000030517578,55.43000030517578,55.5099983215332,54.7599983215332,54.880001068115234,1421890
2026-02-18,55.95000076293945,55.95000076293945,55.97999954223633,55.209999084472656,55.209999084472656,1159284
2026-02-19,55.08000183105469,55.08000183105469,57.34000015258789,54.900001525878906,57.34000015258789,1717707
2026-02-20,55.40999984741211,55.40999984741211,55.599998474121094,53.70000076293945,53.70000076293945,758588
2026-02-23,55.650001525878906,55.650001525878906,55.869998931884766,55.31999969482422,55.869998931884766,1621124
2026-02-24,55.779998779296875,55.779998779296875,55.90999984741211,55.34000015258789,55.650001525878906,1182239
2026-02-25,55.63999938964844,55.63999938964844,56.099998474121094,54.29999923706055,54.29999923706055,1216644
2026-02-26,55.540000915527344,55.540000915527344,56.099998474121094,55.29999923706055,56.099998474121094,599467
2026-02-27,54.790000915527344,54.790000915527344,56.25,54.70000076293945,56.25,1182794
2026-03-02,54.36000061035156,54.36000061035156,56.150001525878906,53.5099983215332,56.150001525878906,1700001
2026-03-04,53.220001220703125,53.220001220703125,54.34000015258789,53.119998931884766,54.29999923706055,6665943
2026-03-05,53.439998626708984,53.439998626708984,53.709999084472656,52.86000061035156,53.25,1902851
2026-03-06,53.38999938964844,53.38999938964844,53.63999938964844,53.099998474121094,53.439998626708984,921209
2026-03-09,52.63999938964844,52.63999938964844,53.2400016784668,52.20000076293945,53.099998474121094,1455693
2026-03-10,52.97999954223633,52.97999954223633,53.29999923706055,52.72999954223633,53.099998474121094,2647824
2026-03-11,52.470001220703125,52.470001220703125,53.189998626708984,52.25,52.7400016784668,1787316
2026-03-12,51.43000030517578,51.43000030517578,52.470001220703125,51.279998779296875,52.43000030517578,5252888
2026-03-13,51.29999923706055,51.29999923706055,51.95000076293945,51.130001068115234,51.380001068115234,2305947
2026-03-16,51.7400016784668,51.7400016784668,52.58000183105469,51.099998474121094,52.58000183105469,1509623
2026-03-17,51.470001220703125,51.470001220703125,53.290000915527344,51.34000015258789,53.290000915527344,1046508
2026-03-18,51.439998626708984,51.439998626708984,51.849998474121094,51.29999923706055,51.79999923706055,1606045
2026-03-19,50.220001220703125,50.220001220703125,51.29999923706055,49.7599983215332,51.16999816894531,1835128
2026-03-20,50.290000915527344,50.290000915527344,51.02000045776367,50.209999084472656,50.70000076293945,1021841
2026-03-23,48.95000076293945,48.95000076293945,50.130001068115234,48.81999969482422,50.0099983215332,2536740
2026-03-24,49.560001373291016,49.560001373291016,50.0,48.95000076293945,49.91999816894531,1894421
2026-03-25,50.4900016784668,50.4900016784668,50.93000030517578,49.560001373291016,49.560001373291016,1684680
2026-03-27,49.68000030517578,49.68000030517578,50.4900016784668,49.560001373291016,50.4900016784668,2167408
2026-03-30,48.66999816894531,48.66999816894531,49.68000030517578,48.54999923706055,49.68000030517578,3477122
2026-04-01,49.13999938964844,49.13999938964844,49.86000061035156,48.70000076293945,49.25,1477659
2026-04-02,49.52000045776367,49.52000045776367,49.630001068115234,48.56999969482422,48.849998474121094,1599890
2026-04-06,49.900001525878906,49.900001525878906,50.75,49.060001373291016,50.75,1103148
2026-04-07,50.27000045776367,50.27000045776367,50.349998474121094,49.310001373291016,49.90999984741211,949095
2026-04-08,51.119998931884766,51.119998931884766,52.0,50.75,50.75,1764024
2026-04-09,51.0,51.0,51.5099983215332,50.83000183105469,51.5099983215332,976223
2026-04-10,51.65999984741211,51.65999984741211,51.79999923706055,50.779998779296875,50.779998779296875,1650598
2026-04-13,50.97999954223633,50.97999954223633,51.65999984741211,50.630001068115234,51.65999984741211,1098994
2026-04-15,51.709999084472656,51.709999084472656,51.90999984741211,51.29999923706055,51.29999923706055,1150107
2026-04-16,51.81999969482422,51.81999969482422,52.06999969482422,51.529998779296875,52.06999969482422,1276880
2026-04-17,53.209999084472656,53.209999084472656,53.599998474121094,51.79999923706055,52.369998931884766,3050004
2026-04-20,53.150001525878906,53.150001525878906,53.95000076293945,52.880001068115234,53.95000076293945,1935723
2026-04-21,54.400001525878906,54.400001525878906,54.689998626708984,53.04999923706055,53.150001525878906,2655554
2026-04-22,54.709999084472656,54.709999084472656,55.099998474121094,54.400001525878906,54.689998626708984,3264320
2026-04-23,54.58000183105469,54.58000183105469,55.38999938964844,54.22999954223633,55.38999938964844,1115319
2026-04-24,54.380001068115234,54.380001068115234,54.970001220703125,54.0,54.970001220703125,2096833
2026-04-27,54.52000045776367,54.52000045776367,54.900001525878906,53.02000045776367,53.02000045776367,692304
2026-04-28,54.349998474121094,54.349998474121094,55.4900016784668,54.29999923706055,55.4900016784668,716158
2026-04-29,55.279998779296875,55.279998779296875,55.59000015258789,54.34000015258789,55.4900016784668,2174437
2026-04-30,54.66999816894531,54.66999816894531,56.65999984741211,54.18000030517578,56.65999984741211,1030107
2026-05-04,54.75,54.75,55.4900016784668,54.619998931884766,55.220001220703125,933759
2026-05-05,55.150001525878906,55.150001525878906,55.349998474121094,54.560001373291016,55.349998474121094,1126189
2026-05-06,55.11000061035156,55.11000061035156,56.52000045776367,54.83000183105469,56.52000045776367,1317564
2026-05-07,54.709999084472656,54.709999084472656,56.47999954223633,54.650001525878906,56.47999954223633,1259931
2026-05-08,54.79999923706055,54.79999923706055,55.310001373291016,54.369998931884766,55.310001373291016,995077
2026-05-11,54.650001525878906,54.650001525878906,55.380001068115234,54.2599983215332,55.380001068115234,2681452
2026-05-12,53.849998474121094,53.849998474121094,54.91999816894531,53.810001373291016,54.650001525878906,4057934
2026-05-13,54.029998779296875,54.029998779296875,54.41999816894531,53.83000183105469,53.849998474121094,1062592
2026-05-14,54.18000030517578,54.18000030517578,54.54999923706055,53.959999084472656,54.150001525878906,659562
2026-05-15,54.5099983215332,54.5099983215332,55.29999923706055,54.220001220703125,55.29999923706055,890499
2026-05-18,54.560001373291016,54.560001373291016,54.849998474121094,53.77000045776367,54.5099983215332,3131342
2026-05-19,54.41999816894531,54.41999816894531,55.08000183105469,54.25,54.70000076293945,798682
2026-05-20,54.11000061035156,54.11000061035156,54.41999816894531,53.83000183105469,54.41999816894531,631157
2026-05-21,53.83000183105469,53.83000183105469,54.540000915527344,53.7599983215332,54.38999938964844,527188
2026-05-22,53.68000030517578,53.68000030517578,54.060001373291016,53.52000045776367,53.84000015258789,922286
2026-05-25,53.70000076293945,53.70000076293945,54.470001220703125,53.56999969482422,54.470001220703125,495118
2026-05-26,53.70000076293945,53.70000076293945,53.93000030517578,53.58000183105469,53.93000030517578,597802
2026-05-27,53.56999969482422,53.56999969482422,53.900001525878906,53.5099983215332,53.88999938964844,606141
2026-05-29,52.650001525878906,52.650001525878906,53.720001220703125,52.52000045776367,53.720001220703125,3294935
2026-06-01,51.75,51.75,53.11000061035156,51.650001525878906,53.0099983215332,1382694
2026-06-02,52.189998626708984,52.189998626708984,53.040000915527344,51.34000015258789,53.040000915527344,1051287
2026-06-03,51.619998931884766,51.619998931884766,52.5099983215332,51.400001525878906,52.45000076293945,985405
2026-06-04,51.720001220703125,51.720001220703125,52.060001373291016,51.33000183105469,51.619998931884766,1647677
2026-06-05,51.77000045776367,51.77000045776367,52.9900016784668,51.5099983215332,52.9900016784668,872272
2026-06-08,51.470001220703125,51.470001220703125,52.810001373291016,50.90999984741211,51.77000045776367,664588
2026-06-09,51.849998474121094,51.849998474121094,51.9900016784668,51.470001220703125,51.470001220703125,360062
2026-06-10,52.459999084472656,52.459999084472656,52.880001068115234,51.849998474121094,51.86000061035156,1143394
2026-06-11,51.97999954223633,51.97999954223633,53.060001373291016,51.900001525878906,53.060001373291016,522416
2026-06-12,52.349998474121094,52.349998474121094,52.619998931884766,52.099998474121094,52.5099983215332,4217536
2026-06-15,52.650001525878906,52.650001525878906,52.9900016784668,52.349998474121094,52.349998474121094,1515000
2026-06-16,53.119998931884766,53.119998931884766,53.29999923706055,52.439998626708984,53.060001373291016,591982
2026-06-17,53.0,53.0,53.43000030517578,52.900001525878906,53.119998931884766,879068
2026-06-18,53.04999923706055,53.04999923706055,54.31999969482422,52.86000061035156,54.31999969482422,4301765
2026-06-19,52.95000076293945,52.95000076293945,53.08000183105469,52.63999938964844,53.040000915527344,526895
2026-06-22,52.77000045776367,52.77000045776367,54.27000045776367,52.650001525878906,54.27000045776367,603851
2026-06-23,52.529998779296875,52.529998779296875,53.029998779296875,52.4900016784668,52.709999084472656,682215
2026-06-24,52.59000015258789,52.59000015258789,52.84000015258789,52.439998626708984,52.790000915527344,426960
2026-06-25,52.91999816894531,52.91999816894531,53.150001525878906,52.619998931884766,52.630001068115234,802031
2026-06-29,52.599998474121094,52.599998474121094,53.27000045776367,52.540000915527344,52.9900016784668,796602
2026-06-30,52.349998474121094,52.349998474121094,52.97999954223633,52.27000045776367,52.5099983215332,2851525
2026-07-01,53.36000061035156,53.36000061035156,53.45000076293945,52.349998474121094,52.790000915527344,1156802
2026-07-02,53.650001525878906,53.650001525878906,53.72999954223633,53.220001220703125,53.369998931884766,1192898
2026-07-03,53.720001220703125,53.720001220703125,54.59000015258789,53.599998474121094,53.650001525878906,800618
2026-07-06,53.9900016784668,53.9900016784668,54.790000915527344,53.56999969482422,54.790000915527344,1549110
2026-07-07,53.939998626708984,53.939998626708984,54.59000015258789,53.65999984741211,54.59000015258789,1150927
2026-07-08,52.529998779296875,52.529998779296875,54.130001068115234,52.310001373291016,54.130001068115234,2941551
2026-07-09,52.88999938964844,52.88999938964844,53.2400016784668,52.709999084472656,52.72999954223633,543781
2026-07-10,52.81999969482422,52.81999969482422,53.43000030517578,52.75,53.43000030517578,1899488
2026-07-13,52.47999954223633,52.47999954223633,54.13999938964844,52.36000061035156,54.13999938964844,2220983
2026-07-14,52.150001525878906,52.150001525878906,52.75,52.099998474121094,52.47999954223633,1077910
2026-07-15,51.90999984741211,51.90999984741211,52.31999969482422,51.77000045776367,52.15999984741211,1085710
2026-07-16,52.029998779296875,52.029998779296875,52.75,51.91999816894531,52.75,850217
2026-07-17,52.310001373291016,52.310001373291016,52.439998626708984,51.77000045776367,52.130001068115234,603093
2026-07-20,52.619998931884766,52.619998931884766,52.709999084472656,52.18000030517578,52.5,388342
2026-07-21,52.439998626708984,52.439998626708984,53.0,52.25,53.0,470670
2026-07-22,52.81999969482422,52.81999969482422,52.95000076293945,52.150001525878906,52.439998626708984,918960
2026-07-23,52.720001220703125,52.720001220703125,53.369998931884766,52.400001525878906,53.369998931884766,707440
2026-07-24,52.689998626708984,52.689998626708984,52.88999938964844,52.310001373291016,52.5,419687
2026-07-27,53.18000030517578,53.18000030517578,53.400001525878906,52.689998626708984,52.97999954223633,704739
2026-07-28,52.43000030517578,52.43000030517578,53.63999938964844,51.849998474121094,51.849998474121094,2320475
2026-07-29,53.27000045776367,53.27000045776367,53.45000076293945,52.630001068115234,52.689998626708984,1384693
2026-07-30,53.22999954223633,53.22999954223633,54.58000183105469,53.099998474121094,54.099998474121094,1090171
2026-07-31,52.720001220703125,52.720001220703125,53.59000015258789,52.650001525878906,53.0,2087198
2026-08-03,53.029998779296875,53.029998779296875,53.70000076293945,52.43000030517578,53.0099983215332,1740791
2026-08-04,53.25,53.25,54.349998474121094,52.650001525878906,54.349998474121094,1024195
2026-08-05,53.150001525878906,53.150001525878906,53.58000183105469,52.93000030517578,53.349998474121094,1036553
2026-08-06,53.040000915527344,53.040000915527344,53.279998779296875,52.689998626708984,52.93000030517578,820037
2026-08-07,52.9900016784668,52.9900016784668,53.849998474121094,52.880001068115234,53.849998474121094,2963447
2026-08-10,52.97999954223633,52.97999954223633,54.04999923706055,52.900001525878906,54.04999923706055,884652
2026-08-11,52.560001373291016,52.560001373291016,54.4900016784668,52.5099983215332,54.4900016784668,1053546
2026-08-12,52.040000915527344,52.040000915527344,53.439998626708984,51.900001525878906,53.439998626708984,2412908
2026-08-13,52.43000030517578,52.43000030517578,52.459999084472656,52.02000045776367,52.279998779296875,716848
2026-08-14,52.36000061035156,52.36000061035156,52.65999984741211,52.2599983215332,52.65999984741211,2050319
2026-08-17,51.97999954223633,51.97999954223633,52.900001525878906,51.84000015258789,52.900001525878906,1528629
2026-08-18,51.349998474121094,51.349998474121094,52.939998626708984,51.2599983215332,52.939998626708984,3930217
2026-08-19,51.04999923706055,51.04999923706055,51.540000915527344,50.939998626708984,51.47999954223633,1017354
2026-08-20,51.560001373291016,51.560001373291016,52.31999969482422,51.130001068115234,52.31999969482422,1034772
2026-08-21,51.20000076293945,51.20000076293945,51.68000030517578,51.04999923706055,51.560001373291016,1512133
2026-08-24,51.0,51.0,51.439998626708984,50.779998779296875,51.29999923706055,1317821
2026-08-25,51.16999816894531,51.16999816894531,51.400001525878906,49.720001220703125,49.720001220703125,590863
2026-08-26,51.0,51.0,51.68000030517578,50.91999816894531,51.68000030517578,1661553
2026-08-27,50.61000061035156,50.61000061035156,51.29999923706055,50.560001373291016,51.0,1356833
2026-08-28,50.34000015258789,50.34000015258789,50.79999923706055,50.209999084472656,50.79999923706055,1623851
2026-08-31,50.099998474121094,50.099998474121094,50.75,49.959999084472656,50.75,1598727
2026-09-01,49.779998779296875,49.779998779296875,50.5,49.70000076293945,50.25,4747626
2026-09-02,49.7400016784668,49.7400016784668,50.4900016784668,49.38999938964844,49.779998779296875,1609017
2026-09-03,49.459999084472656,49.459999084472656,50.040000915527344,49.310001373291016,49.900001525878906,1316157
2026-09-04,49.470001220703125,49.470001220703125,49.75,49.0,49.0,2400471
2026-09-07,49.16999816894531,49.16999816894531,49.95000076293945,49.08000183105469,49.470001220703125,1486830
2026-09-08,49.310001373291016,49.310001373291016,49.5,48.91999816894531,49.31999969482422,2380827
2026-09-09,48.88999938964844,48.88999938964844,50.540000915527344,48.689998626708984,50.540000915527344,1908992
2026-09-10,48.650001525878906,48.650001525878906,49.38999938964844,48.560001373291016,49.38999938964844,1894394
2026-09-11,48.599998474121094,48.599998474121094,48.779998779296875,48.25,48.650001525878906,1558291
2026-09-15,48.4900016784668,48.4900016784668,49.810001373291016,48.40999984741211,49.810001373291016,1575053
2026-09-16,49.13999938964844,49.13999938964844,49.20000076293945,48.4900016784668,48.5,1672884
2026-09-17,49.119998931884766,49.119998931884766,49.95000076293945,48.75,49.95000076293945,973192
2026-09-18,49.279998779296875,49.279998779296875,49.4900016784668,48.869998931884766,49.4900016784668,1479012
2026-09-21,49.599998474121094,49.599998474121094,49.9900016784668,49.0,49.9900016784668,1172062
2026-09-22,49.189998626708984,49.189998626708984,50.849998474121094,49.099998474121094,50.84000015258789,737924
2026-09-23,49.68000030517578,49.68000030517578,49.75,49.15999984741211,49.20000076293945,437017
