Date,Adj Close,Close,High,Low,Open,Volume
2009-01-02,20.600000381469727,20.600000381469727,20.600000381469727,20.299999237060547,0.0,350
2009-01-05,20.655000686645508,20.655000686645508,20.950000762939453,20.5,0.0,13160
2009-01-06,20.200000762939453,20.200000762939453,20.700000762939453,20.125,0.0,2410
2009-01-07,19.100000381469727,19.100000381469727,20.104999542236328,19.094999313354492,0.0,8900
2009-01-09,18.799999237060547,18.799999237060547,19.200000762939453,18.75,0.0,4220
2009-01-12,18.100000381469727,18.100000381469727,18.899999618530273,17.75,0.0,9040
2009-01-13,18.200000762939453,18.200000762939453,18.299999237060547,17.75,0.0,4250
2009-01-14,18.600000381469727,18.600000381469727,18.600000381469727,18.5,0.0,730
2009-01-15,18.0,18.0,18.0,17.860000610351562,0.0,700
2009-01-16,18.0,18.0,18.0,18.0,0.0,1180
2009-01-19,18.0,18.0,18.010000228881836,18.0,0.0,1560
2009-01-20,17.5,17.5,17.600000381469727,17.5,0.0,3500
2009-01-21,17.25,17.25,17.350000381469727,17.149999618530273,0.0,2600
2009-01-22,17.049999237060547,17.049999237060547,17.299999237060547,17.049999237060547,0.0,7510
2009-01-23,16.399999618530273,16.399999618530273,17.100000381469727,16.399999618530273,0.0,31320
2009-01-27,16.700000762939453,16.700000762939453,17.200000762939453,16.350000381469727,0.0,2550
2009-01-28,16.850000381469727,16.850000381469727,16.899999618530273,16.790000915527344,0.0,750
2009-01-29,16.915000915527344,16.915000915527344,17.200000762939453,16.915000915527344,0.0,1440
2009-01-30,17.5,17.5,17.5,16.700000762939453,0.0,10850
2009-02-02,17.014999389648438,17.014999389648438,17.299999237060547,17.0,0.0,4690
2009-02-03,17.0,17.0,17.0,16.700000762939453,0.0,5310
2009-02-04,16.729999542236328,16.729999542236328,17.100000381469727,16.700000762939453,0.0,104120
2009-02-05,16.700000762939453,16.700000762939453,16.899999618530273,16.700000762939453,0.0,390
2009-02-06,17.0,17.0,17.0,16.9950008392334,0.0,20550
2009-02-09,17.399999618530273,17.399999618530273,17.399999618530273,17.200000762939453,0.0,8270
2009-02-10,17.600000381469727,17.600000381469727,18.100000381469727,17.5,0.0,11150
2009-02-11,17.399999618530273,17.399999618530273,17.399999618530273,17.010000228881836,0.0,34410
2009-02-12,17.30500030517578,17.30500030517578,17.399999618530273,17.100000381469727,0.0,250
2009-02-13,17.30500030517578,17.30500030517578,17.30500030517578,17.30500030517578,0.0,0
2009-02-16,17.399999618530273,17.399999618530273,17.399999618530273,17.399999618530273,0.0,100
2009-02-17,16.399999618530273,16.399999618530273,16.700000762939453,16.399999618530273,0.0,1330
2009-02-18,16.299999237060547,16.299999237060547,16.299999237060547,16.0,0.0,10250
2009-02-19,16.100000381469727,16.100000381469727,16.200000762939453,16.100000381469727,0.0,2750
2009-02-20,15.800000190734863,15.800000190734863,15.800000190734863,15.800000190734863,0.0,6180
2009-02-24,15.319999694824219,15.319999694824219,15.494999885559082,15.0,0.0,28490
2009-02-25,15.300000190734863,15.300000190734863,15.300000190734863,15.300000190734863,0.0,700
2009-02-26,14.800000190734863,14.800000190734863,15.449999809265137,14.800000190734863,0.0,9070
2009-02-27,15.0,15.0,15.199999809265137,15.0,0.0,1000
2009-03-02,14.899999618530273,14.899999618530273,15.0,14.899999618530273,0.0,2760
2009-03-03,14.710000038146973,14.710000038146973,14.899999618530273,14.710000038146973,0.0,4150
2009-03-04,14.399999618530273,14.399999618530273,14.699999809265137,14.399999618530273,0.0,13020
2009-03-05,13.899999618530273,13.899999618530273,17.18000030517578,13.899999618530273,0.0,16400
2009-03-06,14.005000114440918,14.005000114440918,14.300000190734863,13.800000190734863,0.0,5100
2009-03-09,13.5,13.5,13.899999618530273,13.5,0.0,2050
2009-03-12,13.770000457763672,13.770000457763672,13.770000457763672,13.399999618530273,0.0,14840
2009-03-13,14.100000381469727,14.100000381469727,14.100000381469727,13.800000190734863,0.0,5920
2009-03-16,14.229999542236328,14.229999542236328,14.399999618530273,14.229999542236328,0.0,260
2009-03-17,14.300000190734863,14.300000190734863,14.75,14.300000190734863,0.0,3400
2009-03-18,14.199999809265137,14.199999809265137,14.199999809265137,14.100000381469727,0.0,140
2009-03-19,14.600000381469727,14.600000381469727,14.600000381469727,14.600000381469727,0.0,200
2009-03-20,14.600000381469727,14.600000381469727,14.600000381469727,14.600000381469727,0.0,0
2009-03-23,14.699999809265137,14.699999809265137,14.699999809265137,14.300000190734863,0.0,10300
2009-03-24,15.0,15.0,15.600000381469727,14.899999618530273,0.0,11350
2009-03-25,15.0,15.0,15.0,15.0,0.0,0
2009-03-26,15.800000190734863,15.800000190734863,16.0,15.600000381469727,0.0,18230
2009-03-27,16.5,16.5,16.5,15.899999618530273,0.0,20260
2009-03-30,15.3100004196167,15.3100004196167,16.100000381469727,15.300000190734863,0.0,11700
2009-03-31,15.699999809265137,15.699999809265137,15.800000190734863,15.300000190734863,0.0,26040
2009-04-01,15.699999809265137,15.699999809265137,15.699999809265137,15.699999809265137,0.0,250
2009-04-02,16.700000762939453,16.700000762939453,16.700000762939453,16.600000381469727,0.0,17400
2009-04-06,16.725000381469727,16.725000381469727,17.325000762939453,14.510000228881836,0.0,785440
2009-04-08,16.700000762939453,16.700000762939453,16.700000762939453,16.0,0.0,17820
2009-04-09,16.899999618530273,16.899999618530273,17.100000381469727,16.899999618530273,0.0,7300
2009-04-13,17.899999618530273,17.899999618530273,17.899999618530273,17.25,0.0,14340
2009-04-15,18.850000381469727,18.850000381469727,18.950000762939453,17.5,0.0,4870
2009-04-16,19.0,19.0,19.450000762939453,18.799999237060547,0.0,3140
2009-04-17,19.549999237060547,19.549999237060547,19.799999237060547,19.5,0.0,3060
2009-04-20,19.600000381469727,19.600000381469727,19.799999237060547,19.600000381469727,0.0,3560
2009-04-21,19.299999237060547,19.299999237060547,19.299999237060547,18.625,0.0,660
2009-04-22,18.399999618530273,18.399999618530273,19.100000381469727,18.399999618530273,0.0,26810
2009-04-23,18.399999618530273,18.399999618530273,18.399999618530273,18.399999618530273,0.0,900
2009-04-24,19.299999237060547,19.299999237060547,19.299999237060547,19.0,0.0,4400
2009-04-27,19.600000381469727,19.600000381469727,19.899999618530273,19.299999237060547,0.0,1840
2009-04-28,19.0,19.0,19.399999618530273,19.0,0.0,10610
2009-04-29,18.799999237060547,18.799999237060547,19.200000762939453,18.799999237060547,0.0,490
2009-05-04,19.799999237060547,19.799999237060547,19.799999237060547,19.649999618530273,0.0,2960
2009-05-05,19.799999237060547,19.799999237060547,19.799999237060547,19.799999237060547,0.0,1320
2009-05-06,19.950000762939453,19.950000762939453,20.0,19.700000762939453,0.0,2910
2009-05-07,19.799999237060547,19.799999237060547,20.0,19.799999237060547,0.0,2430
2009-05-08,20.0,20.0,20.25,20.0,0.0,3420
2009-05-11,19.5,19.5,20.25,19.5,0.0,1470
2009-05-12,19.450000762939453,19.450000762939453,19.450000762939453,19.0,0.0,5020
2009-05-13,19.5,19.5,19.799999237060547,19.5,0.0,1140
2009-05-14,19.700000762939453,19.700000762939453,19.700000762939453,19.0,0.0,290
2009-05-15,20.100000381469727,20.100000381469727,20.200000762939453,19.700000762939453,0.0,4340
2009-05-18,20.100000381469727,20.100000381469727,20.100000381469727,20.100000381469727,0.0,0
2009-05-19,24.1200008392334,24.1200008392334,24.1200008392334,23.799999237060547,0.0,65900
2009-05-20,27.200000762939453,27.200000762939453,28.944000244140625,25.0,0.0,18900
2009-05-21,28.625,28.625,28.625,25.899999618530273,0.0,40280
2009-05-22,26.197999954223633,26.197999954223633,28.5,25.010000228881836,0.0,120490
2009-05-25,25.899999618530273,25.899999618530273,26.0,25.600000381469727,0.0,11950
2009-05-26,25.799999237060547,25.799999237060547,26.100000381469727,25.5,0.0,7510
2009-05-27,26.100000381469727,26.100000381469727,26.5,25.899999618530273,0.0,1290
2009-05-28,27.0,27.0,27.0,26.200000762939453,0.0,12690
2009-05-29,27.200000762939453,27.200000762939453,27.299999237060547,26.700000762939453,0.0,18200
2009-06-01,27.299999237060547,27.299999237060547,28.799999237060547,27.209999084472656,0.0,13890
2009-06-02,27.799999237060547,27.799999237060547,27.799999237060547,26.700000762939453,0.0,31450
2009-06-03,27.399999618530273,27.399999618530273,27.799999237060547,27.155000686645508,0.0,4580
2009-06-04,27.5,27.5,27.5,26.600000381469727,0.0,18990
2009-06-05,27.299999237060547,27.299999237060547,28.979999542236328,26.899999618530273,0.0,20980
2009-06-08,27.299999237060547,27.299999237060547,27.299999237060547,25.399999618530273,0.0,20530
2009-06-09,26.399999618530273,26.399999618530273,27.200000762939453,25.700000762939453,0.0,10870
2009-06-10,26.700000762939453,26.700000762939453,26.700000762939453,26.299999237060547,0.0,2750
2009-06-11,26.100000381469727,26.100000381469727,26.600000381469727,25.700000762939453,0.0,10060
2009-06-12,25.1200008392334,25.1200008392334,25.899999618530273,25.1200008392334,0.0,2120
2009-06-15,25.5,25.5,25.5,25.100000381469727,0.0,7130
2009-06-16,26.5,26.5,26.5,25.0,0.0,11010
2009-06-17,25.468299865722656,25.468299865722656,25.468299865722656,25.468299865722656,25.468299865722656,0
2009-06-18,25.5,25.5,25.799999237060547,25.5,0.0,1640
2009-06-19,26.600000381469727,26.600000381469727,26.600000381469727,26.0,0.0,3640
2009-06-22,26.5,26.5,27.0,26.5,0.0,11030
2009-06-23,26.5,26.5,26.5,25.860000610351562,0.0,10300
2009-06-24,26.799999237060547,26.799999237060547,26.799999237060547,26.299999237060547,0.0,2500
2009-06-25,26.600000381469727,26.600000381469727,26.600000381469727,26.600000381469727,0.0,5440
2009-06-26,26.5,26.5,26.5,26.299999237060547,0.0,72610
2009-06-29,27.395000457763672,27.395000457763672,27.399999618530273,27.0,0.0,4150
2009-06-30,27.100000381469727,27.100000381469727,27.700000762939453,27.100000381469727,0.0,18820
2009-07-01,27.0,27.0,27.5,26.600000381469727,0.0,10310
2009-07-02,27.200000762939453,27.200000762939453,27.399999618530273,27.200000762939453,0.0,350
2009-07-03,27.299999237060547,27.299999237060547,27.299999237060547,27.197999954223633,0.0,2850
2009-07-06,25.799999237060547,25.799999237060547,28.290000915527344,25.07900047302246,0.0,332030
2009-07-07,25.100000381469727,25.100000381469727,26.299999237060547,25.100000381469727,0.0,7290
2009-07-08,25.0,25.0,25.0,24.600000381469727,0.0,2350
2009-07-09,25.200000762939453,25.200000762939453,25.200000762939453,24.600000381469727,0.0,21250
2009-07-10,24.899999618530273,24.899999618530273,25.0,24.899999618530273,0.0,830
2009-07-13,24.0,24.0,24.200000762939453,23.75,0.0,30640
2009-07-14,25.0,25.0,25.0,24.549999237060547,0.0,2980
2009-07-15,25.5,25.5,25.5,25.0,0.0,1530
2009-07-16,25.299999237060547,25.299999237060547,26.200000762939453,25.299999237060547,0.0,11900
2009-07-17,26.280000686645508,26.280000686645508,26.280000686645508,25.799999237060547,0.0,1660
2009-07-20,27.0,27.0,27.0,26.299999237060547,0.0,5940
2009-07-21,27.0,27.0,27.399999618530273,26.700000762939453,0.0,9130
2009-07-22,26.700000762939453,26.700000762939453,27.0,26.700000762939453,0.0,220
2009-07-23,26.799999237060547,26.799999237060547,27.399999618530273,26.799999237060547,0.0,2600
2009-07-24,26.600000381469727,26.600000381469727,27.899999618530273,24.110000610351562,0.0,13280
2009-07-27,27.200000762939453,27.200000762939453,27.290000915527344,27.0,0.0,1650
2009-07-28,26.899999618530273,26.899999618530273,28.3799991607666,26.5,0.0,15640
2009-07-29,26.399999618530273,26.399999618530273,26.600000381469727,26.399999618530273,0.0,130
2009-07-30,26.600000381469727,26.600000381469727,26.600000381469727,26.399999618530273,0.0,2550
2009-07-31,27.700000762939453,27.700000762939453,27.799999237060547,27.399999618530273,0.0,12750
2009-08-03,27.899999618530273,27.899999618530273,27.899999618530273,27.399999618530273,0.0,8010
2009-08-04,28.299999237060547,28.299999237060547,28.5,27.899999618530273,0.0,11210
2009-08-05,28.149999618530273,28.149999618530273,28.299999237060547,27.75,0.0,32160
2009-08-06,27.799999237060547,27.799999237060547,28.100000381469727,27.399999618530273,0.0,11150
2009-08-07,26.899999618530273,26.899999618530273,27.399999618530273,26.899999618530273,0.0,1900
2009-08-10,26.600000381469727,26.600000381469727,27.299999237060547,26.299999237060547,0.0,2020
2009-08-11,26.600000381469727,26.600000381469727,26.600000381469727,26.450000762939453,0.0,770
2009-08-12,25.899999618530273,25.899999618530273,26.399999618530273,25.649999618530273,0.0,61650
2009-08-13,27.100000381469727,27.100000381469727,27.100000381469727,26.5,0.0,1310
2009-08-14,27.100000381469727,27.100000381469727,27.600000381469727,27.100000381469727,0.0,1420
2009-08-17,26.299999237060547,26.299999237060547,26.700000762939453,26.0,0.0,770
2009-08-18,26.45747947692871,26.45747947692871,26.45747947692871,26.45747947692871,26.45747947692871,0
2009-08-19,25.884050369262695,25.884050369262695,25.884050369262695,25.884050369262695,25.884050369262695,0
2009-08-20,26.49411964416504,26.49411964416504,26.49411964416504,26.49411964416504,26.49411964416504,0
2009-08-21,26.77872085571289,26.77872085571289,26.77872085571289,26.77872085571289,26.77872085571289,0
2009-08-24,27.0,27.0,27.399999618530273,27.0,0.0,2600
2009-08-25,26.799999237060547,26.799999237060547,26.850000381469727,26.799999237060547,0.0,80
2009-08-26,26.75,26.75,26.899999618530273,26.649999618530273,0.0,2590
2009-08-27,26.610000610351562,26.610000610351562,26.75,26.600000381469727,0.0,1100
2009-08-28,27.0,27.0,27.0,26.600000381469727,0.0,3180
2009-08-31,27.0,27.0,27.0,26.979999542236328,0.0,1120
2009-09-01,27.0,27.0,27.350000381469727,27.0,0.0,3800
2009-09-02,26.700000762939453,26.700000762939453,26.950000762939453,26.700000762939453,0.0,150
2009-09-03,26.799999237060547,26.799999237060547,27.25,26.799999237060547,0.0,150
2009-09-04,27.399999618530273,27.399999618530273,27.399999618530273,27.25,0.0,600
2009-09-07,27.850000381469727,27.850000381469727,27.850000381469727,27.350000381469727,0.0,1940
2009-09-08,28.600000381469727,28.600000381469727,28.600000381469727,27.700000762939453,0.0,292860
2009-09-09,28.399999618530273,28.399999618530273,28.780000686645508,28.200000762939453,0.0,121570
2009-09-10,28.600000381469727,28.600000381469727,29.100000381469727,28.600000381469727,0.0,9850
2009-09-11,28.600000381469727,28.600000381469727,28.899999618530273,28.600000381469727,0.0,2240
2009-09-14,29.25,29.25,29.5,29.0,0.0,12570
2009-09-15,30.450000762939453,30.450000762939453,30.450000762939453,29.600000381469727,0.0,382360
2009-09-16,31.299999237060547,31.299999237060547,31.399999618530273,30.799999237060547,0.0,81300
2009-09-17,31.510000228881836,31.510000228881836,31.799999237060547,31.299999237060547,0.0,46650
2009-09-18,31.799999237060547,31.799999237060547,31.799999237060547,31.149999618530273,0.0,2560
2009-09-22,31.704999923706055,31.704999923706055,31.948999404907227,31.700000762939453,0.0,5430
2009-09-23,32.20000076293945,32.20000076293945,32.20000076293945,31.700000762939453,0.0,116380
2009-09-24,31.809999465942383,31.809999465942383,32.29999923706055,31.5,0.0,4350
2009-09-25,32.29999923706055,32.29999923706055,32.54999923706055,31.649999618530273,0.0,17850
2009-09-29,31.950000762939453,31.950000762939453,32.584999084472656,31.850000381469727,0.0,120840
2009-09-30,32.150001525878906,32.150001525878906,32.400001525878906,32.0,0.0,10600
2009-10-01,33.400001525878906,33.400001525878906,33.400001525878906,31.850000381469727,0.0,326260
2009-10-05,32.20000076293945,32.20000076293945,33.0,32.0099983215332,0.0,105670
2009-10-06,32.5,32.5,32.5,31.600000381469727,0.0,4450
2009-10-07,32.20000076293945,32.20000076293945,33.0,32.20000076293945,0.0,980
2009-10-08,32.650001525878906,32.650001525878906,32.650001525878906,32.099998474121094,0.0,5900
2009-10-09,32.150001525878906,32.150001525878906,32.400001525878906,31.600000381469727,0.0,9720
2009-10-12,32.900001525878906,32.900001525878906,32.900001525878906,32.29999923706055,0.0,3630
2009-10-13,33.155601501464844,33.155601501464844,33.155601501464844,33.155601501464844,33.155601501464844,0
2009-10-14,33.70000076293945,33.70000076293945,34.0,32.54999923706055,0.0,6520
2009-10-15,34.900001525878906,34.900001525878906,35.0,34.20000076293945,0.0,70670
2009-10-16,36.5,36.5,36.5,35.0,0.0,216710
2009-10-20,36.404998779296875,36.404998779296875,37.0,36.400001525878906,0.0,5800
2009-10-21,35.900001525878906,35.900001525878906,36.29999923706055,35.599998474121094,0.0,3580
2009-10-22,34.79999923706055,34.79999923706055,35.5,34.75,0.0,9180
2009-10-23,35.400001525878906,35.400001525878906,35.70000076293945,34.900001525878906,0.0,10720
2009-10-26,34.70000076293945,34.70000076293945,41.0,34.29999923706055,0.0,6110
2009-10-27,32.79999923706055,32.79999923706055,34.63999938964844,32.79999923706055,0.0,17970
2009-10-28,33.29999923706055,33.29999923706055,33.29999923706055,32.5,0.0,111060
2009-10-29,33.0,33.0,33.20000076293945,32.810001373291016,0.0,9600
2009-10-30,32.70000076293945,32.70000076293945,33.900001525878906,32.70000076293945,0.0,22370
2009-11-03,31.25,31.25,33.0,31.25,0.0,10620
2009-11-04,32.25,32.25,32.25,31.475000381469727,0.0,8480
2009-11-05,32.20000076293945,32.20000076293945,32.47999954223633,31.625,0.0,8910
2009-11-06,33.04999923706055,33.04999923706055,33.400001525878906,32.75,0.0,4710
2009-11-09,34.400001525878906,34.400001525878906,34.400001525878906,33.209999084472656,0.0,13240
2009-11-10,34.099998474121094,34.099998474121094,34.875,34.099998474121094,0.0,2290
2009-11-11,35.04999923706055,35.04999923706055,35.04999923706055,33.974998474121094,0.0,9100
2009-11-12,34.20000076293945,34.20000076293945,35.04999923706055,33.93000030517578,0.0,158590
2009-11-13,34.20000076293945,34.20000076293945,34.29999923706055,33.900001525878906,0.0,640
2009-11-16,34.150001525878906,34.150001525878906,34.95000076293945,34.150001525878906,0.0,6050
2009-11-17,34.20000076293945,34.20000076293945,34.375,33.650001525878906,0.0,5140
2009-11-18,34.20000076293945,34.20000076293945,34.67499923706055,34.20000076293945,0.0,4190
2009-11-19,33.79999923706055,33.79999923706055,34.375,33.79999923706055,0.0,200
2009-11-20,34.20000076293945,34.20000076293945,34.20000076293945,33.2599983215332,0.0,1690
2009-11-23,34.724998474121094,34.724998474121094,35.0,33.20000076293945,0.0,38610
2009-11-24,34.04999923706055,34.04999923706055,34.849998474121094,34.04999923706055,0.0,6950
2009-11-25,34.349998474121094,34.349998474121094,35.025001525878906,34.349998474121094,0.0,14080
2009-11-26,33.54999923706055,33.54999923706055,34.400001525878906,33.54999923706055,0.0,12760
2009-11-27,33.70000076293945,33.70000076293945,34.97999954223633,32.0,0.0,72650
2009-11-30,33.744998931884766,33.744998931884766,34.29999923706055,33.275001525878906,0.0,618500
2009-12-01,33.92499923706055,33.92499923706055,34.400001525878906,33.52000045776367,0.0,105490
2009-12-02,34.849998474121094,34.849998474121094,35.150001525878906,34.30500030517578,0.0,8880
2009-12-03,35.0,35.0,35.29999923706055,34.5,0.0,39840
2009-12-04,34.29999923706055,34.29999923706055,35.13999938964844,34.29999923706055,0.0,12690
2009-12-07,34.349998474121094,34.349998474121094,34.400001525878906,34.349998474121094,0.0,3410
2009-12-08,34.20000076293945,34.20000076293945,34.599998474121094,34.025001525878906,0.0,2650
2009-12-09,34.400001525878906,34.400001525878906,34.67499923706055,33.79999923706055,0.0,31730
2009-12-10,34.04999923706055,34.04999923706055,34.5,33.79999923706055,0.0,1510
2009-12-11,33.60499954223633,33.60499954223633,34.775001525878906,33.60499954223633,0.0,113690
2009-12-14,33.70000076293945,33.70000076293945,33.849998474121094,33.25,0.0,1600
2009-12-15,32.150001525878906,32.150001525878906,33.599998474121094,32.150001525878906,0.0,5640
2009-12-16,32.0,32.0,32.720001220703125,32.0,0.0,5020
2009-12-17,32.224998474121094,32.224998474121094,32.57699966430664,31.801000595092773,0.0,3310
2009-12-18,32.349998474121094,32.349998474121094,32.64799880981445,31.899999618530273,0.0,2440
2009-12-21,32.099998474121094,32.099998474121094,32.29999923706055,31.979999542236328,0.0,840
2009-12-22,32.20000076293945,32.20000076293945,32.57500076293945,32.20000076293945,0.0,1630
2009-12-23,33.275001525878906,33.275001525878906,33.275001525878906,32.79999923706055,0.0,730
2009-12-24,33.5,33.5,33.54999923706055,33.0,0.0,5470
2009-12-29,33.400001525878906,33.400001525878906,33.900001525878906,33.400001525878906,0.0,200990
2009-12-30,33.5,33.5,33.599998474121094,33.21099853515625,0.0,50330
2009-12-31,33.70000076293945,33.70000076293945,33.94900131225586,33.400001525878906,0.0,16750
2010-01-04,34.150001525878906,34.150001525878906,34.5,33.900001525878906,0.0,36420
2010-01-05,34.20000076293945,34.20000076293945,35.0,34.119998931884766,0.0,149190
2010-01-06,34.599998474121094,34.599998474121094,34.790000915527344,34.20500183105469,0.0,11130
2010-01-07,34.5,34.5,34.650001525878906,34.209999084472656,0.0,33520
2010-01-08,33.099998474121094,33.099998474121094,34.47999954223633,33.099998474121094,0.0,19900
2010-01-11,34.0,34.0,34.69499969482422,34.0,0.0,127150
2010-01-12,33.69900131225586,33.69900131225586,34.14500045776367,33.64500045776367,0.0,18500
2010-01-13,33.400001525878906,33.400001525878906,33.70000076293945,33.099998474121094,0.0,6090
2010-01-14,33.20000076293945,33.20000076293945,33.650001525878906,33.20000076293945,0.0,12050
2010-01-15,33.099998474121094,33.099998474121094,33.349998474121094,32.900001525878906,0.0,23700
2010-01-18,33.20000076293945,33.20000076293945,33.400001525878906,32.900001525878906,0.0,5370
2010-01-19,33.311981201171875,33.311981201171875,33.311981201171875,33.311981201171875,33.311981201171875,0
2010-01-20,33.214229583740234,33.214229583740234,33.214229583740234,33.214229583740234,33.214229583740234,0
2010-01-21,32.570899963378906,32.570899963378906,32.570899963378906,32.570899963378906,32.570899963378906,0
2010-01-22,32.17610168457031,32.17610168457031,32.17610168457031,32.17610168457031,32.17610168457031,0
2010-01-25,32.0966796875,32.0966796875,32.0966796875,32.0966796875,32.0966796875,0
2010-01-27,30.761430740356445,30.761430740356445,30.761430740356445,30.761430740356445,30.761430740356445,0
2010-01-28,31.115629196166992,31.115629196166992,31.115629196166992,31.115629196166992,31.115629196166992,0
2010-01-29,31.89362907409668,31.89362907409668,31.89362907409668,31.89362907409668,31.89362907409668,0
2010-02-01,31.759479522705078,31.759479522705078,31.759479522705078,31.759479522705078,31.759479522705078,0
2010-02-02,31.064359664916992,31.064359664916992,31.064359664916992,31.064359664916992,31.064359664916992,0
2010-02-03,31.415380477905273,31.415380477905273,31.415380477905273,31.415380477905273,31.415380477905273,0
2010-02-04,30.73249053955078,30.73249053955078,30.73249053955078,30.73249053955078,30.73249053955078,0
2010-02-05,30.089000701904297,30.089000701904297,30.799999237060547,30.0,30.575000762939453,30650
2010-02-08,30.5,30.5,31.299999237060547,29.850000381469727,31.299999237060547,6940
2010-02-09,30.549999237060547,30.549999237060547,30.999000549316406,30.5,30.540000915527344,2700
2010-02-10,30.575000762939453,30.575000762939453,30.899999618530273,30.5,30.700000762939453,3660
2010-02-11,30.75,30.75,30.799999237060547,30.75,30.75,880
2010-02-15,30.28499984741211,30.28499984741211,30.700000762939453,30.111000061035156,30.700000762939453,2980
2010-02-16,30.125,30.125,30.399999618530273,30.040000915527344,30.040000915527344,680
2010-02-17,30.829999923706055,30.829999923706055,30.999000549316406,30.459999084472656,30.950000762939453,2750
2010-02-18,30.600000381469727,30.600000381469727,30.999000549316406,30.450000762939453,30.99799919128418,10460
2010-02-19,30.014999389648438,30.014999389648438,30.600000381469727,29.975000381469727,30.600000381469727,3180
2010-02-22,30.399999618530273,30.399999618530273,30.600000381469727,30.299999237060547,30.299999237060547,4420
2010-02-23,30.56999969482422,30.56999969482422,30.75,30.399999618530273,30.399999618530273,1050
2010-02-24,30.43899917602539,30.43899917602539,30.549999237060547,29.975000381469727,30.549999237060547,2060
2010-02-25,30.077999114990234,30.077999114990234,30.549999237060547,30.049999237060547,30.524999618530273,6780
2010-02-26,30.97800064086914,30.97800064086914,31.700000762939453,30.325000762939453,30.600000381469727,27110
2010-03-02,31.871999740600586,31.871999740600586,31.899999618530273,31.5,31.700000762939453,10080
2010-03-03,32.0,32.0,32.25,31.799999237060547,32.099998474121094,7430
2010-03-04,32.04999923706055,32.04999923706055,32.54999923706055,31.899999618530273,32.5,16940
2010-03-05,32.566001892089844,32.566001892089844,32.900001525878906,32.224998474121094,32.79999923706055,5620
2010-03-08,32.54999923706055,32.54999923706055,32.70000076293945,32.07600021362305,32.70000076293945,3900
2010-03-09,32.60300064086914,32.60300064086914,32.79999923706055,32.505001068115234,32.79899978637695,22570
2010-03-10,31.950000762939453,31.950000762939453,32.599998474121094,31.799999237060547,32.599998474121094,146900
2010-03-11,32.0,32.0,32.400001525878906,31.801000595092773,32.400001525878906,1390
2010-03-12,32.0,32.0,32.099998474121094,31.950000762939453,32.099998474121094,3660
2010-03-15,32.0,32.0,32.20000076293945,32.0,32.20000076293945,190
2010-03-16,32.099998474121094,32.099998474121094,32.099998474121094,31.350000381469727,32.0,22700
2010-03-17,31.81100082397461,31.81100082397461,32.349998474121094,31.700000762939453,31.799999237060547,8940
2010-03-18,32.15800094604492,32.15800094604492,32.25,31.549999237060547,31.812000274658203,4590
2010-03-19,32.20000076293945,32.20000076293945,32.20000076293945,32.0,32.0,1750
2010-03-22,32.29999923706055,32.29999923706055,32.400001525878906,31.899999618530273,31.899999618530273,1090
2010-03-23,32.0,32.0,32.54899978637695,31.799999237060547,32.54899978637695,4350
2010-03-25,32.237998962402344,32.237998962402344,32.25,32.0,32.0,1550
2010-03-26,32.61800003051758,32.61800003051758,32.619998931884766,32.32500076293945,32.32500076293945,105680
2010-03-29,33.16600036621094,33.16600036621094,33.54999923706055,32.79999923706055,32.79999923706055,7800
2010-03-30,33.0,33.0,33.79999923706055,33.0,33.20000076293945,14730
2010-03-31,33.290000915527344,33.290000915527344,33.290000915527344,32.900001525878906,33.20000076293945,410
2010-04-01,33.400001525878906,33.400001525878906,33.599998474121094,33.099998474121094,33.599998474121094,3240
2010-04-05,34.00400161743164,34.00400161743164,34.099998474121094,33.512001037597656,34.0,11730
2010-04-06,34.32899856567383,34.32899856567383,34.70000076293945,33.599998474121094,34.099998474121094,16390
2010-04-07,34.099998474121094,34.099998474121094,34.79999923706055,34.099998474121094,34.599998474121094,13360
2010-04-08,33.650001525878906,33.650001525878906,34.5,33.650001525878906,34.20000076293945,123660
2010-04-09,33.875999450683594,33.875999450683594,34.400001525878906,33.724998474121094,34.349998474121094,12220
2010-04-12,33.849998474121094,33.849998474121094,34.150001525878906,33.79999923706055,34.04999923706055,360
2010-04-13,34.0,34.0,34.0,33.79999923706055,33.849998474121094,2220
2010-04-15,33.52399826049805,33.52399826049805,33.95000076293945,33.5,33.900001525878906,4990
2010-04-16,33.5,33.5,33.5,32.54999923706055,33.04999923706055,2530
2010-04-19,33.29800033569336,33.29800033569336,33.29999923706055,32.400001525878906,32.400001525878906,2100
2010-04-20,33.70000076293945,33.70000076293945,34.099998474121094,32.79999923706055,32.79999923706055,2230
2010-04-21,33.849998474121094,33.849998474121094,34.0,33.5,33.79999923706055,1900
2010-04-22,34.60499954223633,34.60499954223633,34.89500045776367,33.900001525878906,33.900001525878906,138390
2010-04-23,35.63600158691406,35.63600158691406,35.900001525878906,34.79999923706055,34.970001220703125,27900
2010-04-26,35.22700119018555,35.22700119018555,35.900001525878906,35.099998474121094,35.900001525878906,175100
2010-04-27,35.06999969482422,35.06999969482422,35.749000549316406,35.0,35.20000076293945,340730
2010-04-28,35.02299880981445,35.02299880981445,35.70000076293945,34.95000076293945,34.994998931884766,14070
2010-04-29,36.060001373291016,36.060001373291016,36.150001525878906,35.20000076293945,35.20000076293945,23040
2010-04-30,35.887001037597656,35.887001037597656,36.47999954223633,35.849998474121094,35.849998474121094,11500
2010-05-03,36.13999938964844,36.13999938964844,36.29999923706055,35.5,36.29999923706055,7710
2010-05-04,35.54999923706055,35.54999923706055,36.150001525878906,35.54999923706055,35.900001525878906,3820
2010-05-05,35.86199951171875,35.86199951171875,36.29999923706055,35.0,35.0,3330
2010-05-06,36.07699966430664,36.07699966430664,36.5,35.400001525878906,36.20000076293945,2310
2010-05-07,35.0099983215332,35.0099983215332,35.75,34.599998474121094,35.30099868774414,5730
2010-05-10,35.43000030517578,35.43000030517578,36.0,35.04999923706055,35.5,2660
2010-05-11,35.900001525878906,35.900001525878906,36.14899826049805,35.20000076293945,36.0,1090
2010-05-12,36.249000549316406,36.249000549316406,36.249000549316406,35.20000076293945,35.20000076293945,11590
2010-05-13,36.0,36.0,36.44900131225586,35.900001525878906,36.439998626708984,1420
2010-05-14,35.32400131225586,35.32400131225586,36.349998474121094,35.20000076293945,36.349998474121094,6030
2010-05-17,34.80500030517578,34.80500030517578,35.20000076293945,34.150001525878906,34.209999084472656,3770
2010-05-18,35.099998474121094,35.099998474121094,35.900001525878906,35.0,35.0,12720
2010-05-19,34.83300018310547,34.83300018310547,35.599998474121094,34.79999923706055,35.400001525878906,2340
2010-05-20,34.869998931884766,34.869998931884766,35.25,34.54999923706055,34.54999923706055,1660
2010-05-21,34.94499969482422,34.94499969482422,35.099998474121094,34.04999923706055,34.54999923706055,3280
2010-05-24,34.92499923706055,34.92499923706055,35.599998474121094,34.92499923706055,35.599998474121094,1310
2010-05-25,33.79999923706055,33.79999923706055,34.900001525878906,33.099998474121094,34.900001525878906,3140
2010-05-26,33.9630012512207,33.9630012512207,34.150001525878906,33.400001525878906,34.099998474121094,10550
2010-05-27,34.439998626708984,34.439998626708984,34.70000076293945,33.70000076293945,34.0,2380
2010-05-28,35.0,35.0,35.099998474121094,34.79999923706055,35.099998474121094,770
2010-05-31,35.0,35.0,36.5,34.5,36.5,13140
2010-06-01,34.76499938964844,34.76499938964844,35.54999923706055,34.349998474121094,35.400001525878906,2240
2010-06-02,34.900001525878906,34.900001525878906,35.04999923706055,34.400001525878906,35.0,3760
2010-06-03,35.41899871826172,35.41899871826172,35.70000076293945,35.349998474121094,35.599998474121094,10730
2010-06-04,35.70000076293945,35.70000076293945,37.599998474121094,35.70000076293945,35.900001525878906,11260
2010-06-07,35.79999923706055,35.79999923706055,35.79999923706055,35.20000076293945,35.599998474121094,11610
2010-06-08,35.29999923706055,35.29999923706055,36.45000076293945,35.29999923706055,36.29999923706055,5960
2010-06-09,36.099998474121094,36.099998474121094,36.349998474121094,35.599998474121094,36.099998474121094,1260
2010-06-10,35.95000076293945,35.95000076293945,36.45000076293945,35.79999923706055,36.29999923706055,1440
2010-06-11,36.20000076293945,36.20000076293945,36.900001525878906,36.20000076293945,36.900001525878906,1140
2010-06-14,36.683998107910156,36.683998107910156,37.04999923706055,36.5,36.5,7570
2010-06-15,36.900001525878906,36.900001525878906,36.900001525878906,36.20000076293945,36.900001525878906,4540
2010-06-16,36.70000076293945,36.70000076293945,37.0,36.599998474121094,37.0,8640
2010-06-17,36.17900085449219,36.17900085449219,36.900001525878906,36.099998474121094,36.900001525878906,4450
2010-06-18,36.6879997253418,36.6879997253418,36.70000076293945,36.099998474121094,36.70000076293945,10460
2010-06-21,36.70000076293945,36.70000076293945,37.0,33.79999923706055,37.0,30300
2010-06-22,36.400001525878906,36.400001525878906,36.94499969482422,36.1150016784668,36.94499969482422,7960
2010-06-23,36.500999450683594,36.500999450683594,36.54999923706055,36.20000076293945,36.45000076293945,15410
2010-06-24,36.44499969482422,36.44499969482422,37.099998474121094,36.44499969482422,36.599998474121094,101310
2010-06-25,36.650001525878906,36.650001525878906,36.994998931884766,36.202999114990234,36.599998474121094,3110
2010-06-28,36.5,36.5,36.5,36.494998931884766,36.494998931884766,1280
2010-06-29,36.20000076293945,36.20000076293945,37.5,36.099998474121094,37.5,3070
2010-06-30,36.5,36.5,36.70000076293945,36.20000076293945,36.70000076293945,360
2010-07-01,36.404998779296875,36.404998779296875,36.54999923706055,35.85100173950195,36.5,104490
2010-07-02,36.599998474121094,36.599998474121094,36.70000076293945,36.599998474121094,36.70000076293945,1100
2010-07-05,36.71500015258789,36.71500015258789,37.099998474121094,35.349998474121094,37.099998474121094,127960
2010-07-06,36.5,36.5,36.849998474121094,36.20000076293945,36.20000076293945,61150
2010-07-07,36.58000183105469,36.58000183105469,36.994998931884766,36.400001525878906,36.400001525878906,390
2010-07-08,37.34700012207031,37.34700012207031,37.38999938964844,37.0,37.0,5710
2010-07-09,37.46799850463867,37.46799850463867,37.5,37.20000076293945,37.34700012207031,2400
2010-07-12,37.58399963378906,37.58399963378906,37.599998474121094,37.25,37.599998474121094,6040
2010-07-13,37.8650016784668,37.8650016784668,38.345001220703125,37.75,37.900001525878906,1620
2010-07-14,38.08100128173828,38.08100128173828,38.79999923706055,38.0,38.099998474121094,122660
2010-07-15,37.900001525878906,37.900001525878906,38.150001525878906,37.900001525878906,38.150001525878906,6780
2010-07-16,38.404998779296875,38.404998779296875,38.98400115966797,38.150001525878906,38.150001525878906,1820
2010-07-19,38.93899917602539,38.93899917602539,39.25,36.0099983215332,38.5099983215332,32480
2010-07-20,38.643001556396484,38.643001556396484,39.349998474121094,38.54999923706055,38.79999923706055,2250
2010-07-21,39.099998474121094,39.099998474121094,39.29899978637695,38.400001525878906,39.25,10380
2010-07-22,39.279998779296875,39.279998779296875,39.349998474121094,38.650001525878906,39.0,20000
2010-07-23,39.42499923706055,39.42499923706055,39.5,38.724998474121094,38.724998474121094,920
2010-07-26,38.612998962402344,38.612998962402344,39.70000076293945,38.20000076293945,39.599998474121094,26470
2010-07-27,38.5,38.5,38.900001525878906,38.5,38.54999923706055,3130
2010-07-28,38.900001525878906,38.900001525878906,39.20000076293945,38.70000076293945,39.0,108520
2010-07-29,39.03300094604492,39.03300094604492,39.380001068115234,38.599998474121094,38.79999923706055,2970
2010-07-30,39.909000396728516,39.909000396728516,40.0,38.9010009765625,38.9010009765625,12780
2010-08-02,40.479000091552734,40.479000091552734,40.79999923706055,40.0,40.0,116190
2010-08-03,41.19499969482422,41.19499969482422,47.29999923706055,40.54999923706055,47.29999923706055,6890
2010-08-04,40.79999923706055,40.79999923706055,46.400001525878906,40.79999923706055,46.400001525878906,1990
2010-08-05,40.849998474121094,40.849998474121094,44.400001525878906,40.849998474121094,44.400001525878906,19780
2010-08-06,40.632999420166016,40.632999420166016,41.20000076293945,40.5,40.900001525878906,1830
2010-08-09,41.20000076293945,41.20000076293945,41.599998474121094,41.0,41.25,2450
2010-08-10,41.20000076293945,41.20000076293945,47.29999923706055,41.20000076293945,47.29999923706055,2130
2010-08-11,41.249000549316406,41.249000549316406,41.349998474121094,40.5,41.25,39380
2010-08-12,42.448001861572266,42.448001861572266,42.900001525878906,40.45000076293945,40.45000076293945,7740
2010-08-13,43.444000244140625,43.444000244140625,44.0,43.0,43.5,8340
2010-08-16,43.70500183105469,43.70500183105469,44.04999923706055,43.505001068115234,43.505001068115234,18270
2010-08-17,44.599998474121094,44.599998474121094,44.70000076293945,43.849998474121094,44.20000076293945,15430
2010-08-18,43.79999923706055,43.79999923706055,44.650001525878906,43.599998474121094,44.599998474121094,42470
2010-08-19,44.50199890136719,44.50199890136719,44.79999923706055,43.70000076293945,44.45000076293945,43620
2010-08-20,44.45000076293945,44.45000076293945,44.5,44.04999923706055,44.400001525878906,6700
2010-08-23,44.54999923706055,44.54999923706055,44.54999923706055,44.0,44.5,3450
2010-08-24,44.400001525878906,44.400001525878906,44.54999923706055,43.70000076293945,44.54999923706055,12540
2010-08-25,44.54999923706055,44.54999923706055,44.54999923706055,43.5,44.5,17620
2010-08-26,44.79999923706055,44.79999923706055,44.944000244140625,44.0,44.400001525878906,4490
2010-08-27,43.650001525878906,43.650001525878906,44.29999923706055,43.349998474121094,44.29999923706055,19900
2010-08-30,43.25,43.25,44.099998474121094,43.14500045776367,44.099998474121094,8880
2010-08-31,42.70000076293945,42.70000076293945,50.0,42.400001525878906,50.0,21640
2010-09-01,43.242000579833984,43.242000579833984,43.599998474121094,43.242000579833984,43.263999938964844,4730
2010-09-02,43.79999923706055,43.79999923706055,44.04999923706055,43.0,44.04999923706055,722780
2010-09-03,43.60499954223633,43.60499954223633,44.20000076293945,43.400001525878906,44.20000076293945,36870
2010-09-06,44.5,44.5,44.599998474121094,43.849998474121094,44.400001525878906,8520
2010-09-07,44.025001525878906,44.025001525878906,44.790000915527344,44.01499938964844,44.150001525878906,4970
2010-09-08,45.18000030517578,45.18000030517578,45.29999923706055,44.25,44.25,10400
2010-09-09,45.9010009765625,45.9010009765625,45.994998931884766,44.70000076293945,44.70000076293945,5960
2010-09-13,47.6510009765625,47.6510009765625,48.25,46.08000183105469,46.08000183105469,159540
2010-09-14,48.04999923706055,48.04999923706055,48.75,47.400001525878906,47.6510009765625,16320
2010-09-15,47.70000076293945,47.70000076293945,48.099998474121094,47.5,47.5,4340
2010-09-16,47.520999908447266,47.520999908447266,48.849998474121094,47.5,47.5,15880
2010-09-17,48.25,48.25,49.0,47.599998474121094,48.54199981689453,35980
2010-09-20,48.400001525878906,48.400001525878906,49.29999923706055,48.0,48.349998474121094,108940
2010-09-21,47.25,47.25,48.599998474121094,47.20000076293945,48.0,118690
2010-09-22,48.5,48.5,48.5,47.20000076293945,47.599998474121094,43320
2010-09-23,47.80099868774414,47.80099868774414,48.5,47.755001068115234,48.44900131225586,11900
2010-09-24,48.10100173950195,48.10100173950195,48.599998474121094,47.80099868774414,48.0,1040
2010-09-27,48.32600021362305,48.32600021362305,49.099998474121094,48.20000076293945,48.595001220703125,9460
2010-09-28,49.25,49.25,49.290000915527344,48.20000076293945,48.20000076293945,9390
2010-09-29,48.650001525878906,48.650001525878906,49.5,48.650001525878906,49.20000076293945,6770
2010-09-30,48.75,48.75,49.0,48.060001373291016,49.0,33500
2010-10-01,49.775001525878906,49.775001525878906,49.775001525878906,49.0,49.0,4140
2010-10-04,50.5,50.5,50.599998474121094,49.79999923706055,49.79999923706055,6870
2010-10-05,50.79999923706055,50.79999923706055,52.38999938964844,50.5,50.5,7440
2010-10-06,51.0,51.0,51.400001525878906,50.79999923706055,51.099998474121094,25760
2010-10-07,50.70000076293945,50.70000076293945,51.04999923706055,50.11000061035156,50.79999923706055,16330
2010-10-08,50.29999923706055,50.29999923706055,51.0,50.0,51.0,14650
2010-10-11,51.150001525878906,51.150001525878906,51.150001525878906,50.31999969482422,51.0,9090
2010-10-12,50.54999923706055,50.54999923706055,51.0,50.20000076293945,51.0,3890
2010-10-13,51.0,51.0,51.099998474121094,50.099998474121094,50.099998474121094,5810
2010-10-14,51.608001708984375,51.608001708984375,52.0,50.55500030517578,51.900001525878906,7680
2010-10-15,50.15999984741211,50.15999984741211,51.0,49.79999923706055,51.0,6420
2010-10-18,50.44499969482422,50.44499969482422,52.0,49.099998474121094,50.15999984741211,9350
2010-10-19,49.99700164794922,49.99700164794922,50.599998474121094,49.70500183105469,49.900001525878906,5090
2010-10-20,49.18000030517578,49.18000030517578,49.79999923706055,48.849998474121094,49.599998474121094,5360
2010-10-21,51.15299987792969,51.15299987792969,51.400001525878906,49.900001525878906,50.349998474121094,7460
2010-10-22,51.608001708984375,51.608001708984375,51.70000076293945,50.79999923706055,50.79999923706055,8090
2010-10-25,51.70399856567383,51.70399856567383,52.29999923706055,51.099998474121094,51.099998474121094,7210
2010-10-26,51.599998474121094,51.599998474121094,52.0,51.599998474121094,51.70000076293945,118080
2010-10-27,51.70000076293945,51.70000076293945,51.98899841308594,51.0,51.400001525878906,4320
2010-10-28,51.1879997253418,51.1879997253418,51.79999923706055,50.70199966430664,51.099998474121094,4310
2010-10-29,50.20600128173828,50.20600128173828,52.47999954223633,50.20000076293945,50.400001525878906,5800
2010-11-01,51.599998474121094,51.599998474121094,51.599998474121094,51.0,51.29999923706055,2030
2010-11-02,51.79999923706055,51.79999923706055,51.900001525878906,51.099998474121094,51.099998474121094,4820
2010-11-03,51.86000061035156,51.86000061035156,52.29999923706055,51.400001525878906,51.79999923706055,11620
2010-11-04,53.29499816894531,53.29499816894531,53.5,51.95000076293945,52.0,6500
2010-11-08,54.29999923706055,54.29999923706055,55.70000076293945,53.29999923706055,55.70000076293945,7220
2010-11-09,52.569000244140625,52.569000244140625,54.0,52.400001525878906,54.0,12530
2010-11-10,52.29999923706055,52.29999923706055,53.20000076293945,51.900001525878906,52.79999923706055,17740
2010-11-11,51.382999420166016,51.382999420166016,52.900001525878906,51.29999923706055,52.5,9240
2010-11-12,50.183998107910156,50.183998107910156,51.89899826049805,50.0,51.849998474121094,19410
2010-11-15,51.0,51.0,51.0,49.25,50.084999084472656,10580
2010-11-16,50.358001708984375,50.358001708984375,59.0,50.0,50.900001525878906,17990
2010-11-18,49.349998474121094,49.349998474121094,50.70000076293945,48.099998474121094,50.5,7790
2010-11-19,48.946998596191406,48.946998596191406,49.900001525878906,48.79999923706055,49.5,18710
2010-11-22,49.85599899291992,49.85599899291992,50.0,48.0,49.0,14910
2010-11-23,49.20000076293945,49.20000076293945,49.29999923706055,47.650001525878906,49.099998474121094,215940
2010-11-24,47.525001525878906,47.525001525878906,57.5,46.400001525878906,49.29999923706055,187000
2010-11-25,46.74599838256836,46.74599838256836,47.9900016784668,45.5,47.599998474121094,25710
2010-11-26,45.79999923706055,45.79999923706055,50.79999923706055,44.099998474121094,47.0,361250
2010-11-29,46.35100173950195,46.35100173950195,46.5,45.70000076293945,45.79999923706055,5400
2010-11-30,47.88999938964844,47.88999938964844,48.0,46.0,46.0,130140
2010-12-01,49.32699966430664,49.32699966430664,49.5,47.900001525878906,47.900001525878906,18660
2010-12-02,49.900001525878906,49.900001525878906,50.29999923706055,49.60499954223633,50.29999923706055,8560
2010-12-03,49.10300064086914,49.10300064086914,49.5,48.650001525878906,49.20000076293945,8870
2010-12-06,47.768001556396484,47.768001556396484,49.29999923706055,47.25,49.20000076293945,13620
2010-12-07,45.577999114990234,45.577999114990234,46.79999923706055,45.5,46.099998474121094,17830
2010-12-08,44.75299835205078,44.75299835205078,45.599998474121094,44.60499954223633,45.599998474121094,27110
2010-12-09,43.34600067138672,43.34600067138672,45.0,43.20000076293945,44.5,381630
2010-12-10,44.07500076293945,44.07500076293945,45.499000549316406,42.599998474121094,43.29999923706055,34880
2010-12-13,44.38100051879883,44.38100051879883,44.599998474121094,44.0,44.599998474121094,12940
2010-12-14,45.49800109863281,45.49800109863281,45.5,44.5,44.599998474121094,3440
2010-12-15,43.95500183105469,43.95500183105469,45.0,43.5099983215332,45.0,41360
2010-12-16,44.29999923706055,44.29999923706055,44.9900016784668,44.0,44.04999923706055,12050
2010-12-20,44.17599868774414,44.17599868774414,44.474998474121094,44.07500076293945,44.099998474121094,4500
2010-12-21,44.5,44.5,44.849998474121094,44.20000076293945,44.849998474121094,14230
2010-12-22,44.54899978637695,44.54899978637695,45.400001525878906,44.10200119018555,44.70000076293945,16350
2010-12-23,44.790000915527344,44.790000915527344,44.849998474121094,44.20000076293945,44.84700012207031,5810
2010-12-24,44.698001861572266,44.698001861572266,44.849998474121094,44.400001525878906,44.400001525878906,1940
2010-12-27,44.400001525878906,44.400001525878906,44.99700164794922,44.250999450683594,44.5,3970
2010-12-28,43.7130012512207,43.7130012512207,44.60499954223633,43.70000076293945,44.5,7280
2010-12-29,44.10599899291992,44.10599899291992,44.900001525878906,44.099998474121094,44.5989990234375,10640
2010-12-30,45.0,45.0,45.150001525878906,44.34000015258789,44.400001525878906,4140
2010-12-31,45.0,45.0,45.400001525878906,44.369998931884766,44.400001525878906,6600
2011-01-03,45.849998474121094,45.849998474121094,46.099998474121094,45.400001525878906,45.5,5360
2011-01-04,44.45500183105469,44.45500183105469,45.70000076293945,44.20000076293945,45.70000076293945,5190
2011-01-05,43.8849983215332,43.8849983215332,44.5,43.5,44.5,7080
2011-01-06,42.9630012512207,42.9630012512207,44.0,42.875,44.0,10830
2011-01-07,42.1619987487793,42.1619987487793,43.29999923706055,35.20000076293945,43.29999923706055,50780
2011-01-10,41.797000885009766,41.797000885009766,42.900001525878906,41.650001525878906,42.79999923706055,3840
2011-01-11,42.0,42.0,42.448001861572266,41.5,41.775001525878906,16250
2011-01-12,42.57099914550781,42.57099914550781,42.625,41.400001525878906,42.5,12140
2011-01-13,41.637001037597656,41.637001037597656,43.099998474121094,41.599998474121094,43.099998474121094,15070
2011-01-14,40.89799880981445,40.89799880981445,41.95000076293945,40.79999923706055,41.29999923706055,5540
2011-01-17,40.736000061035156,40.736000061035156,42.0,40.54999923706055,42.0,3900
2011-01-18,41.15299987792969,41.15299987792969,41.349998474121094,40.5,40.650001525878906,5600
2011-01-19,40.97600173950195,40.97600173950195,41.29999923706055,40.70000076293945,41.189998626708984,3080
2011-01-20,40.79999923706055,40.79999923706055,41.31100082397461,40.150001525878906,40.599998474121094,7700
2011-01-21,42.321998596191406,42.321998596191406,47.5,41.099998474121094,47.5,4580
2011-01-24,42.95000076293945,42.95000076293945,43.45000076293945,42.275001525878906,42.29999923706055,1860
2011-01-25,42.724998474121094,42.724998474121094,43.470001220703125,42.724998474121094,43.0,4230
2011-01-27,42.625,42.625,43.275001525878906,42.625,42.849998474121094,1570
2011-01-28,41.4640007019043,41.4640007019043,42.17499923706055,41.0,42.04999923706055,94710
2011-01-31,41.83700180053711,41.83700180053711,41.92499923706055,40.81999969482422,41.79999923706055,5250
2011-02-01,41.79999923706055,41.79999923706055,42.5,41.400001525878906,42.5,1670
2011-02-02,41.5,41.5,42.25,41.27000045776367,42.25,5680
2011-02-03,41.75400161743164,41.75400161743164,42.20000076293945,41.099998474121094,41.099998474121094,1250
2011-02-04,41.79999923706055,41.79999923706055,42.65999984741211,41.79999923706055,42.0099983215332,2850
2011-02-07,41.319000244140625,41.319000244140625,42.0,41.099998474121094,42.0,5070
2011-02-08,40.59700012207031,40.59700012207031,41.625,40.38999938964844,41.29999923706055,3110
2011-02-09,40.18600082397461,40.18600082397461,40.79999923706055,40.005001068115234,40.70000076293945,3910
2011-02-10,39.689998626708984,39.689998626708984,41.0,38.82500076293945,41.0,5520
2011-02-11,40.999000549316406,40.999000549316406,41.0,39.02000045776367,39.70000076293945,4080
2011-02-14,42.41899871826172,42.41899871826172,42.5,41.29999923706055,41.5,35230
2011-02-15,42.75299835205078,42.75299835205078,43.54999923706055,41.75,42.5,10880
2011-02-16,43.12699890136719,43.12699890136719,43.5,43.099998474121094,43.349998474121094,1280
2011-02-17,43.70000076293945,43.70000076293945,44.029998779296875,43.20000076293945,43.599998474121094,6390
2011-02-18,43.15299987792969,43.15299987792969,44.435001373291016,43.0,44.29999923706055,5900
2011-02-21,43.79999923706055,43.79999923706055,43.79999923706055,42.527000427246094,43.20000076293945,89650
2011-02-22,42.74700164794922,42.74700164794922,50.900001525878906,42.70000076293945,50.900001525878906,1300
2011-02-23,42.000999450683594,42.000999450683594,42.90999984741211,42.0,42.90999984741211,2690
2011-02-24,40.42300033569336,40.42300033569336,41.599998474121094,40.29999923706055,41.5,124550
2011-02-25,41.1510009765625,41.1510009765625,41.5,40.400001525878906,41.400001525878906,17020
2011-02-28,41.5,41.5,42.70000076293945,41.400001525878906,42.599998474121094,10640
2011-03-01,42.62300109863281,42.62300109863281,42.70000076293945,42.189998626708984,42.380001068115234,16140
2011-03-03,42.959999084472656,42.959999084472656,43.0,42.0,42.0,2430
2011-03-04,43.0369987487793,43.0369987487793,43.474998474121094,43.0,43.42499923706055,3700
2011-03-07,42.327999114990234,42.327999114990234,43.0,41.45000076293945,43.0,42510
2011-03-08,42.229000091552734,42.229000091552734,42.66999816894531,42.20000076293945,42.349998474121094,17830
2011-03-09,42.810001373291016,42.810001373291016,43.07500076293945,42.209999084472656,43.0,1590
2011-03-10,42.375,42.375,42.380001068115234,41.92599868774414,41.92599868774414,21020
2011-03-11,41.900001525878906,41.900001525878906,42.32500076293945,41.599998474121094,42.084999084472656,19560
2011-03-14,42.099998474121094,42.099998474121094,42.29999923706055,41.54999923706055,42.29999923706055,2280
2011-03-15,41.51499938964844,41.51499938964844,42.119998931884766,40.7599983215332,40.7599983215332,9940
2011-03-16,42.244998931884766,42.244998931884766,42.775001525878906,42.0,42.45000076293945,6090
2011-03-17,42.117000579833984,42.117000579833984,43.32500076293945,42.025001525878906,42.599998474121094,5930
2011-03-18,42.242000579833984,42.242000579833984,42.42499923706055,41.69499969482422,42.33100128173828,3160
2011-03-21,41.79999923706055,41.79999923706055,42.29999923706055,41.72999954223633,41.72999954223633,6420
2011-03-22,41.994998931884766,41.994998931884766,42.39500045776367,41.80099868774414,42.380001068115234,5360
2011-03-23,42.13399887084961,42.13399887084961,42.82500076293945,41.900001525878906,41.900001525878906,6550
2011-03-24,42.86000061035156,42.86000061035156,43.099998474121094,42.400001525878906,43.099998474121094,730
2011-03-25,43.599998474121094,43.599998474121094,43.875,42.599998474121094,43.25,10280
2011-03-28,44.380001068115234,44.380001068115234,44.3849983215332,43.64500045776367,43.79999923706055,2220
2011-03-29,44.20500183105469,44.20500183105469,45.0,44.099998474121094,44.099998474121094,14070
2011-03-30,45.04499816894531,45.04499816894531,45.20000076293945,44.69499969482422,44.79999923706055,3000
2011-03-31,44.91899871826172,44.91899871826172,46.0,44.26499938964844,44.79999923706055,4420
2011-04-01,44.70000076293945,44.70000076293945,45.0,43.29999923706055,44.599998474121094,5550
2011-04-04,45.382999420166016,45.382999420166016,45.400001525878906,44.56999969482422,44.95000076293945,4050
2011-04-05,45.19499969482422,45.19499969482422,45.79999923706055,44.685001373291016,45.25,4830
2011-04-06,45.70000076293945,45.70000076293945,45.900001525878906,45.07500076293945,45.900001525878906,7630
2011-04-07,45.96099853515625,45.96099853515625,46.154998779296875,44.96500015258789,44.96500015258789,5200
2011-04-08,45.0,45.0,45.70000076293945,45.0,45.54499816894531,1520
2011-04-11,45.0,45.0,45.349998474121094,44.5,45.04999923706055,2130
2011-04-13,45.5,45.5,45.54999923706055,44.5,45.060001373291016,5070
2011-04-15,45.09199905395508,45.09199905395508,50.0,45.040000915527344,50.0,4360
2011-04-18,44.505001068115234,44.505001068115234,46.19900131225586,44.505001068115234,46.19900131225586,2040
2011-04-19,44.20199966430664,44.20199966430664,45.06999969482422,44.20000076293945,45.06999969482422,22780
2011-04-20,44.874000549316406,44.874000549316406,45.40999984741211,44.51499938964844,45.40999984741211,10740
2011-04-21,45.257999420166016,45.257999420166016,45.900001525878906,45.185001373291016,45.880001068115234,3090
2011-04-25,45.96500015258789,45.96500015258789,46.75,45.95000076293945,46.099998474121094,5430
2011-04-26,46.13100051879883,46.13100051879883,46.61000061035156,45.5,46.61000061035156,15690
2011-04-27,46.29999923706055,46.29999923706055,47.0,45.900001525878906,47.0,1160
2011-04-28,45.66899871826172,45.66899871826172,46.5,45.5,45.849998474121094,3130
2011-04-29,44.59600067138672,44.59600067138672,49.891998291015625,44.45000076293945,45.005001068115234,16180
2011-05-02,42.84199905395508,42.84199905395508,44.20000076293945,42.46500015258789,44.20000076293945,22900
2011-05-03,41.14699935913086,41.14699935913086,46.93000030517578,40.599998474121094,42.66999816894531,39680
2011-05-04,41.327999114990234,41.327999114990234,41.599998474121094,40.60499954223633,41.16999816894531,4120
2011-05-05,41.11600112915039,41.11600112915039,41.97999954223633,40.900001525878906,41.0,18510
2011-05-06,42.31999969482422,42.31999969482422,43.88999938964844,40.775001525878906,41.70000076293945,106470
2011-05-09,42.099998474121094,42.099998474121094,43.0,41.07500076293945,43.0,3780
2011-05-10,42.0,42.0,42.025001525878906,41.38999938964844,41.4900016784668,590
2011-05-11,42.30699920654297,42.30699920654297,42.45000076293945,41.82500076293945,41.82500076293945,4990
2011-05-12,41.849998474121094,41.849998474121094,42.375,41.31999969482422,42.040000915527344,1560
2011-05-13,42.06800079345703,42.06800079345703,42.29499816894531,41.93000030517578,42.20000076293945,2570
2011-05-16,41.25,41.25,41.849998474121094,41.209999084472656,41.810001373291016,5830
2011-05-17,39.88999938964844,39.88999938964844,41.720001220703125,39.5,41.720001220703125,46570
2011-05-18,39.11600112915039,39.11600112915039,40.0,38.400001525878906,40.0,37690
2011-05-19,38.76900100708008,38.76900100708008,39.349998474121094,38.70000076293945,39.33000183105469,104550
2011-05-20,39.099998474121094,39.099998474121094,39.5,39.04999923706055,39.04999923706055,4100
2011-05-23,38.17599868774414,38.17599868774414,39.0,38.0,39.0,7200
2011-05-24,38.231998443603516,38.231998443603516,38.349998474121094,37.849998474121094,38.20000076293945,45980
2011-05-25,37.82400131225586,37.82400131225586,38.310001373291016,37.63999938964844,38.20000076293945,8390
2011-05-26,37.93299865722656,37.93299865722656,38.20000076293945,37.849998474121094,38.0,2070
2011-05-27,38.79999923706055,38.79999923706055,38.79999923706055,38.42499923706055,38.42499923706055,1440
2011-05-30,38.49800109863281,38.49800109863281,39.025001525878906,38.29999923706055,38.8650016784668,2040
2011-05-31,39.20000076293945,39.20000076293945,39.400001525878906,38.52000045776367,38.52000045776367,7440
2011-06-01,39.650001525878906,39.650001525878906,39.900001525878906,39.375,39.8849983215332,1200
2011-06-02,39.29999923706055,39.29999923706055,39.79999923706055,39.04999923706055,39.29999923706055,6370
2011-06-03,39.391998291015625,39.391998291015625,39.92499923706055,34.58000183105469,38.599998474121094,15410
2011-06-06,39.48099899291992,39.48099899291992,39.54999923706055,38.900001525878906,39.099998474121094,3290
2011-06-07,39.16299819946289,39.16299819946289,39.46500015258789,39.130001068115234,39.459999084472656,4070
2011-06-08,39.54999923706055,39.54999923706055,39.775001525878906,39.17499923706055,39.775001525878906,690
2011-06-09,39.13399887084961,39.13399887084961,39.59000015258789,38.66999816894531,39.59000015258789,5750
2011-06-10,38.87699890136719,38.87699890136719,39.2599983215332,38.85499954223633,38.900001525878906,1430
2011-06-13,38.849998474121094,38.849998474121094,38.900001525878906,38.599998474121094,38.900001525878906,11000
2011-06-14,38.974998474121094,38.974998474121094,39.099998474121094,38.810001373291016,39.09000015258789,800
2011-06-15,38.345001220703125,38.345001220703125,38.900001525878906,37.849998474121094,38.900001525878906,13640
2011-06-16,38.3489990234375,38.3489990234375,38.54999923706055,37.79999923706055,37.849998474121094,10810
2011-06-17,37.95500183105469,37.95500183105469,38.474998474121094,37.79499816894531,38.349998474121094,3980
2011-06-20,38.12699890136719,38.12699890136719,38.39899826049805,37.75,38.05500030517578,3680
2011-06-21,37.6510009765625,37.6510009765625,38.375,37.5,38.375,14320
2011-06-22,37.625,37.625,37.75,37.39500045776367,37.75,8930
2011-06-23,37.11000061035156,37.11000061035156,37.5099983215332,37.11000061035156,37.4900016784668,11370
2011-06-24,38.611000061035156,38.611000061035156,38.75,38.29999923706055,38.380001068115234,1540
2011-06-27,39.400001525878906,39.400001525878906,39.42499923706055,38.400001525878906,38.5,3270
2011-06-28,39.790000915527344,39.790000915527344,39.849998474121094,39.30500030517578,39.5,1340
2011-06-29,39.39699935913086,39.39699935913086,39.95000076293945,39.275001525878906,39.89899826049805,1450
2011-06-30,40.08300018310547,40.08300018310547,40.5,39.65999984741211,40.099998474121094,3190
2011-07-01,39.80500030517578,39.80500030517578,40.474998474121094,39.55500030517578,40.400001525878906,2350
2011-07-04,40.70000076293945,40.70000076293945,40.79999923706055,39.29999923706055,39.29999923706055,6610
2011-07-05,40.58100128173828,40.58100128173828,41.20000076293945,40.279998779296875,40.849998474121094,12080
2011-07-06,40.92499923706055,40.92499923706055,41.0,40.45000076293945,40.54999923706055,800
2011-07-07,40.90700149536133,40.90700149536133,41.5,40.724998474121094,40.900001525878906,23050
2011-07-08,40.902000427246094,40.902000427246094,41.349998474121094,40.900001525878906,41.34000015258789,12550
2011-07-11,40.10100173950195,40.10100173950195,41.029998779296875,40.10100173950195,40.45000076293945,5790
2011-07-12,40.375,40.375,40.599998474121094,40.0,40.20000076293945,3660
2011-07-13,40.59199905395508,40.59199905395508,40.75,40.0,40.599998474121094,8490
2011-07-14,40.61399841308594,40.61399841308594,41.349998474121094,40.40999984741211,40.599998474121094,10970
2011-07-15,40.7400016784668,40.7400016784668,41.42499923706055,40.61000061035156,41.025001525878906,580
2011-07-18,40.81800079345703,40.81800079345703,41.400001525878906,40.72999954223633,41.20000076293945,3210
2011-07-19,41.494998931884766,41.494998931884766,41.5099983215332,41.494998931884766,41.5,890
2011-07-20,41.42499923706055,41.42499923706055,41.82500076293945,41.42499923706055,41.5,2860
2011-07-21,41.099998474121094,41.099998474121094,41.474998474121094,41.099998474121094,41.33000183105469,1390
2011-07-22,41.417999267578125,41.417999267578125,41.79999923706055,40.625,40.625,1780
2011-07-25,42.1879997253418,42.1879997253418,42.29999923706055,41.18000030517578,41.18000030517578,13990
2011-07-26,41.19900131225586,41.19900131225586,42.400001525878906,40.900001525878906,41.90999984741211,5710
2011-07-27,40.494998931884766,40.494998931884766,40.95000076293945,40.29999923706055,40.95000076293945,4370
2011-07-28,39.70000076293945,39.70000076293945,40.400001525878906,39.599998474121094,40.400001525878906,4880
2011-07-29,39.599998474121094,39.599998474121094,39.98500061035156,39.5,39.56999969482422,30350
2011-08-01,39.54499816894531,39.54499816894531,39.73500061035156,39.125,39.73500061035156,7950
2011-08-02,38.5989990234375,38.5989990234375,39.0,38.5099983215332,39.0,8980
2011-08-03,38.512001037597656,38.512001037597656,42.29499816894531,37.70000076293945,38.0,6510
2011-08-04,38.16600036621094,38.16600036621094,38.849998474121094,38.15999984741211,38.7400016784668,2940
2011-08-05,37.803001403808594,37.803001403808594,38.0,36.79999923706055,38.0,17000
2011-08-08,37.689998626708984,37.689998626708984,38.150001525878906,35.29999923706055,36.0,16410
2011-08-09,37.82899856567383,37.82899856567383,38.29999923706055,37.04999923706055,37.04999923706055,129430
2011-08-10,38.11000061035156,38.11000061035156,38.349998474121094,38.0,38.349998474121094,3120
2011-08-11,37.67100143432617,37.67100143432617,39.900001525878906,37.5,39.900001525878906,31890
2011-08-12,37.0,37.0,38.099998474121094,36.89899826049805,38.005001068115234,35390
2011-08-16,36.720001220703125,36.720001220703125,37.5,36.599998474121094,37.5,11940
2011-08-17,36.237998962402344,36.237998962402344,36.79999923706055,36.005001068115234,36.43000030517578,24670
2011-08-18,34.43899917602539,34.43899917602539,36.369998931884766,34.400001525878906,36.3650016784668,33310
2011-08-19,34.29100036621094,34.29100036621094,36.45000076293945,33.505001068115234,34.400001525878906,178470
2011-08-22,34.20100021362305,34.20100021362305,34.25,33.111000061035156,34.22999954223633,6520
2011-08-23,34.52000045776367,34.52000045776367,34.689998626708984,33.974998474121094,34.439998626708984,5040
2011-08-24,33.643001556396484,33.643001556396484,34.650001525878906,33.5,34.41999816894531,3580
2011-08-25,33.0890007019043,33.0890007019043,33.82500076293945,32.81100082397461,33.82500076293945,20960
2011-08-26,32.07500076293945,32.07500076293945,33.380001068115234,31.90999984741211,33.380001068115234,13640
2011-08-29,33.112998962402344,33.112998962402344,33.18000030517578,32.525001525878906,32.525001525878906,9690
2011-08-30,33.099998474121094,33.099998474121094,33.525001525878906,33.0099983215332,33.18000030517578,3470
2011-09-02,33.444000244140625,33.444000244140625,37.400001525878906,33.29999923706055,37.400001525878906,10400
2011-09-05,34.0,34.0,34.0,33.0,33.0,6790
2011-09-06,33.49800109863281,33.49800109863281,33.599998474121094,32.42499923706055,33.099998474121094,4900
2011-09-07,34.45399856567383,34.45399856567383,34.54999923706055,33.441001892089844,33.441001892089844,116620
2011-09-08,34.53099822998047,34.53099822998047,35.5,34.20000076293945,35.5,8450
2011-09-09,33.82899856567383,33.82899856567383,34.79999923706055,33.70000076293945,34.5,47190
2011-09-12,32.54499816894531,32.54499816894531,33.11000061035156,32.400001525878906,33.11000061035156,12330
2011-09-13,32.242000579833984,32.242000579833984,33.150001525878906,32.04999923706055,33.04999923706055,4160
2011-09-14,32.27299880981445,32.27299880981445,32.45000076293945,31.899999618530273,31.899999618530273,6500
2011-09-15,32.96099853515625,32.96099853515625,33.130001068115234,32.0,32.54999923706055,3080
2011-09-16,33.25,33.25,33.5,32.900001525878906,33.130001068115234,1740
2011-09-19,32.637001037597656,32.637001037597656,33.275001525878906,32.599998474121094,33.17499923706055,5040
2011-09-20,33.46099853515625,33.46099853515625,33.849998474121094,33.130001068115234,33.130001068115234,8610
2011-09-21,33.95100021362305,33.95100021362305,34.18000030517578,33.68000030517578,34.099998474121094,7850
2011-09-22,33.02799987792969,33.02799987792969,33.70000076293945,32.90999984741211,33.1349983215332,10860
2011-09-23,33.279998779296875,33.279998779296875,33.70000076293945,32.11000061035156,32.90999984741211,14600
2011-09-26,33.457000732421875,33.457000732421875,33.650001525878906,32.5,33.25,6910
2011-09-27,34.02199935913086,34.02199935913086,34.349998474121094,33.375,33.375,8770
2011-09-28,33.72700119018555,33.72700119018555,34.29999923706055,33.70000076293945,34.29999923706055,4790
2011-09-29,34.99800109863281,34.99800109863281,35.099998474121094,33.25,33.70000076293945,5450
2011-09-30,33.01300048828125,33.01300048828125,33.529998779296875,32.595001220703125,33.5,58950
2011-10-03,32.292999267578125,32.292999267578125,33.005001068115234,32.23099899291992,32.400001525878906,8050
2011-10-04,31.42099952697754,31.42099952697754,32.98400115966797,30.72100067138672,32.08000183105469,17880
2011-10-05,30.711999893188477,30.711999893188477,31.483999252319336,30.510000228881836,31.209999084472656,13660
2011-10-07,31.506000518798828,31.506000518798828,32.779998779296875,31.0049991607666,31.40999984741211,11940
2011-10-10,31.45599937438965,31.45599937438965,31.530000686645508,30.920000076293945,31.200000762939453,5440
2011-10-11,32.35900115966797,32.35900115966797,33.689998626708984,31.600000381469727,31.600000381469727,5010
2011-10-12,33.104000091552734,33.104000091552734,34.0,32.150001525878906,33.284000396728516,6120
2011-10-13,33.99700164794922,33.99700164794922,34.400001525878906,32.96500015258789,33.97800064086914,4620
2011-10-14,34.54499816894531,34.54499816894531,35.0,32.90999984741211,32.90999984741211,2840
2011-10-17,32.92900085449219,32.92900085449219,33.64500045776367,32.683998107910156,33.59000015258789,8740
2011-10-18,32.81999969482422,32.81999969482422,32.81999969482422,32.5,32.5,5090
2011-10-19,33.119998931884766,33.119998931884766,33.43000030517578,32.755001068115234,32.81999969482422,2750
2011-10-20,33.297000885009766,33.297000885009766,34.79999923706055,32.904998779296875,33.10499954223633,7380
2011-10-21,34.16600036621094,34.16600036621094,34.79999923706055,33.494998931884766,34.784000396728516,2250
2011-10-24,33.15299987792969,33.15299987792969,34.98400115966797,33.0,34.98400115966797,5750
2011-10-25,33.632999420166016,33.632999420166016,33.99399948120117,32.08399963378906,32.5,7580
2011-10-28,34.805999755859375,34.805999755859375,35.64799880981445,33.284000396728516,33.284000396728516,3970
2011-10-31,35.50199890136719,35.50199890136719,35.79999923706055,34.599998474121094,35.79999923706055,4830
2011-11-01,34.70199966430664,34.70199966430664,35.900001525878906,34.29999923706055,35.900001525878906,3050
2011-11-02,35.79999923706055,35.79999923706055,36.9900016784668,33.4109992980957,33.4109992980957,3330
2011-11-03,35.599998474121094,35.599998474121094,36.0,34.01100158691406,35.98400115966797,1500
2011-11-04,34.33300018310547,34.33300018310547,35.599998474121094,34.04999923706055,35.599998474121094,106600
2011-11-08,34.4640007019043,34.4640007019043,34.46500015258789,34.0,34.01100158691406,5890
2011-11-09,32.98400115966797,32.98400115966797,34.27000045776367,32.79999923706055,34.185001373291016,7220
2011-11-11,32.375,32.375,32.92499923706055,32.0,32.92499923706055,12000
2011-11-14,31.85099983215332,31.85099983215332,32.44499969482422,31.510000228881836,32.20000076293945,8250
2011-11-15,31.07200050354004,31.07200050354004,31.899999618530273,31.040000915527344,31.674999237060547,16580
2011-11-16,31.243999481201172,31.243999481201172,31.395000457763672,30.594999313354492,31.0,3360
2011-11-17,31.003000259399414,31.003000259399414,31.475000381469727,30.799999237060547,31.454999923706055,11000
2011-11-18,32.70199966430664,32.70199966430664,33.97999954223633,30.5,30.799999237060547,10390
2011-11-21,32.95100021362305,32.95100021362305,33.400001525878906,30.600000381469727,30.610000610351562,4900
2011-11-22,29.54800033569336,29.54800033569336,33.33300018310547,29.415000915527344,33.33300018310547,166600
2011-11-23,29.575000762939453,29.575000762939453,30.030000686645508,29.114999771118164,30.030000686645508,12740
2011-11-24,29.341999053955078,29.341999053955078,29.597999572753906,29.0,29.5049991607666,64340
2011-11-25,29.850000381469727,29.850000381469727,30.860000610351562,29.649999618530273,29.649999618530273,9440
2011-11-28,30.96500015258789,30.96500015258789,30.9950008392334,30.344999313354492,30.604999542236328,3190
2011-11-29,30.3799991607666,30.3799991607666,31.5,30.3799991607666,30.799999237060547,2960
2011-11-30,30.27400016784668,30.27400016784668,30.360000610351562,29.850000381469727,30.219999313354492,2920
2011-12-01,30.850000381469727,30.850000381469727,31.674999237060547,30.834999084472656,31.674999237060547,2300
2011-12-02,31.621999740600586,31.621999740600586,32.20000076293945,31.100000381469727,31.375,6660
2011-12-05,32.058998107910156,32.058998107910156,32.5099983215332,31.69499969482422,31.69499969482422,12330
2011-12-07,32.17100143432617,32.17100143432617,32.53499984741211,32.130001068115234,32.130001068115234,6470
2011-12-08,31.461999893188477,31.461999893188477,32.54999923706055,31.34000015258789,32.54999923706055,3480
2011-12-09,31.83099937438965,31.83099937438965,31.875,31.0049991607666,31.7450008392334,5470
2011-12-12,30.52400016784668,30.52400016784668,32.0,30.19499969482422,32.0,6200
2011-12-13,30.415000915527344,30.415000915527344,30.469999313354492,29.700000762939453,30.469999313354492,3170
2011-12-14,30.40999984741211,30.40999984741211,30.989999771118164,30.399999618530273,30.934999465942383,2520
2011-12-15,29.90399932861328,29.90399932861328,30.209999084472656,29.479999542236328,30.209999084472656,10780
2011-12-16,29.007999420166016,29.007999420166016,31.459999084472656,28.815000534057617,30.450000762939453,10780
2011-12-19,27.57900047302246,27.57900047302246,29.020000457763672,27.549999237060547,29.020000457763672,78710
2011-12-20,26.85099983215332,26.85099983215332,28.0,26.700000762939453,28.0,9610
2011-12-21,27.68600082397461,27.68600082397461,27.690000534057617,26.299999237060547,26.299999237060547,3120
2011-12-22,27.851999282836914,27.851999282836914,28.0049991607666,26.989999771118164,27.309999465942383,1860
2011-12-23,27.343000411987305,27.343000411987305,28.145000457763672,27.25,27.719999313354492,1790
2011-12-26,27.964000701904297,27.964000701904297,27.989999771118164,27.549999237060547,27.549999237060547,1540
2011-12-27,27.43000030517578,27.43000030517578,27.87700080871582,27.43000030517578,27.549999237060547,1220
2011-12-28,26.85099983215332,26.85099983215332,28.5,26.729999542236328,27.399999618530273,9950
2011-12-29,27.014999389648438,27.014999389648438,27.065000534057617,26.25,26.5,3090
2011-12-30,26.940000534057617,26.940000534057617,27.329999923706055,26.895000457763672,27.18000030517578,4270
2012-01-02,26.905000686645508,26.905000686645508,27.040000915527344,26.575000762939453,26.940000534057617,4290
2012-01-03,27.95400047302246,27.95400047302246,28.260000228881836,26.94499969482422,26.94499969482422,3220
2012-01-04,28.170000076293945,28.170000076293945,28.360000610351562,28.06999969482422,28.06999969482422,1780
2012-01-05,28.3439998626709,28.3439998626709,28.5,28.0049991607666,28.0049991607666,1340
2012-01-06,28.183000564575195,28.183000564575195,28.270000457763672,27.475000381469727,28.0049991607666,1870
2012-01-09,28.035999298095703,28.035999298095703,28.174999237060547,27.524999618530273,28.0,14730
2012-01-10,28.66699981689453,28.66699981689453,28.915000915527344,28.389999389648438,28.389999389648438,5410
2012-01-11,29.395000457763672,29.395000457763672,29.454999923706055,28.80500030517578,28.80500030517578,1110
2012-01-12,29.899999618530273,29.899999618530273,30.049999237060547,29.30500030517578,29.540000915527344,2660
2012-01-13,29.6299991607666,29.6299991607666,30.0,29.6299991607666,29.850000381469727,2090
2012-01-16,29.988000869750977,29.988000869750977,30.045000076293945,29.239999771118164,29.350000381469727,3410
2012-01-17,30.75,30.75,30.899999618530273,30.375,30.75,3680
2012-01-18,30.75,30.75,30.8700008392334,30.125,30.75,5260
2012-01-19,30.899999618530273,30.899999618530273,31.354999542236328,30.700000762939453,31.354999542236328,3590
2012-01-20,31.695999145507812,31.695999145507812,31.899999618530273,30.915000915527344,30.920000076293945,15700
2012-01-23,32.40599822998047,32.40599822998047,32.65999984741211,32.0,32.0,13300
2012-01-24,34.0,34.0,34.16999816894531,32.20000076293945,32.560001373291016,38300
2012-01-25,33.722999572753906,33.722999572753906,38.599998474121094,33.70000076293945,38.599998474121094,9350
2012-01-27,33.55400085449219,33.55400085449219,34.999000549316406,33.0,34.999000549316406,5790
2012-01-30,32.96200180053711,32.96200180053711,33.814998626708984,32.935001373291016,32.9900016784668,4550
2012-01-31,33.39500045776367,33.39500045776367,33.79999923706055,33.150001525878906,33.79999923706055,570
2012-02-01,33.70000076293945,33.70000076293945,33.904998779296875,33.1349983215332,33.5,3310
2012-02-02,33.909000396728516,33.909000396728516,34.5,33.459999084472656,34.499000549316406,6370
2012-02-03,34.18299865722656,34.18299865722656,34.70000076293945,33.33000183105469,34.0099983215332,8480
2012-02-06,35.3129997253418,35.3129997253418,35.68000030517578,34.67499923706055,34.71500015258789,10960
2012-02-07,35.619998931884766,35.619998931884766,35.70000076293945,35.040000915527344,35.040000915527344,10870
2012-02-08,35.61399841308594,35.61399841308594,36.060001373291016,35.02000045776367,35.16999816894531,6200
2012-02-09,35.986000061035156,35.986000061035156,36.0,35.439998626708984,35.46500015258789,6820
2012-02-10,36.16999816894531,36.16999816894531,36.915000915527344,35.74100112915039,36.57899856567383,19450
2012-02-13,36.10900115966797,36.10900115966797,36.22999954223633,35.220001220703125,35.880001068115234,2490
2012-02-14,36.46900177001953,36.46900177001953,36.999000549316406,36.20000076293945,36.20000076293945,2690
2012-02-15,37.33100128173828,37.33100128173828,37.79999923706055,35.500999450683594,36.900001525878906,97270
2012-02-16,37.31700134277344,37.31700134277344,38.81999969482422,37.08000183105469,37.13999938964844,101320
2012-02-17,39.02899932861328,39.02899932861328,41.70000076293945,38.5,38.599998474121094,113640
2012-02-21,39.31700134277344,39.31700134277344,40.189998626708984,39.25,39.5,278040
2012-02-22,36.98680877685547,36.98680877685547,36.98680877685547,36.98680877685547,36.98680877685547,0
2012-02-23,36.817138671875,36.817138671875,36.817138671875,36.817138671875,36.817138671875,0
2012-02-24,36.09735107421875,36.09735107421875,36.09735107421875,36.09735107421875,36.09735107421875,0
2012-02-27,34.34077835083008,34.34077835083008,34.34077835083008,34.34077835083008,34.34077835083008,0
2012-02-28,36.29597854614258,36.29597854614258,36.29597854614258,36.29597854614258,36.29597854614258,0
2012-02-29,36.45606994628906,36.45606994628906,36.45606994628906,36.45606994628906,36.45606994628906,0
2012-03-01,36.161338806152344,36.161338806152344,36.161338806152344,36.161338806152344,36.161338806152344,0
2012-03-02,36.517799377441406,36.517799377441406,36.517799377441406,36.517799377441406,36.517799377441406,0
2012-03-05,35.62065124511719,35.62065124511719,35.62065124511719,35.62065124511719,35.62065124511719,0
2012-03-06,35.1688117980957,35.1688117980957,35.1688117980957,35.1688117980957,35.1688117980957,0
2012-03-07,35.11677169799805,35.11677169799805,35.11677169799805,35.11677169799805,35.11677169799805,0
2012-03-09,36.405738830566406,36.405738830566406,36.405738830566406,36.405738830566406,36.405738830566406,0
2012-03-12,37.375980377197266,37.375980377197266,37.375980377197266,37.375980377197266,37.375980377197266,0
2012-03-13,37.53900909423828,37.53900909423828,37.53900909423828,37.53900909423828,37.53900909423828,0
2012-03-14,38.37070846557617,38.37070846557617,38.37070846557617,38.37070846557617,38.37070846557617,0
2012-03-15,37.286720275878906,37.286720275878906,37.286720275878906,37.286720275878906,37.286720275878906,0
2012-03-16,36.08317184448242,36.08317184448242,36.08317184448242,36.08317184448242,36.08317184448242,0
2012-03-19,34.946041107177734,34.946041107177734,34.946041107177734,34.946041107177734,34.946041107177734,0
2012-03-20,35.49217987060547,35.49217987060547,35.49217987060547,35.49217987060547,35.49217987060547,0
2012-03-21,36.274658203125,36.274658203125,36.274658203125,36.274658203125,36.274658203125,0
2012-03-22,34.98651885986328,34.98651885986328,34.98651885986328,34.98651885986328,34.98651885986328,0
2012-03-23,35.30316162109375,35.30316162109375,35.30316162109375,35.30316162109375,35.30316162109375,0
2012-03-26,34.37908935546875,34.37908935546875,34.37908935546875,34.37908935546875,34.37908935546875,0
2012-03-27,34.67300033569336,34.67300033569336,34.67300033569336,34.67300033569336,34.67300033569336,0
2012-03-28,33.99924087524414,33.99924087524414,33.99924087524414,33.99924087524414,33.99924087524414,0
2012-03-29,33.762298583984375,33.762298583984375,33.762298583984375,33.762298583984375,33.762298583984375,0
2012-03-30,34.61267852783203,34.61267852783203,34.61267852783203,34.61267852783203,34.61267852783203,0
2012-04-02,34.9362907409668,34.9362907409668,34.9362907409668,34.9362907409668,34.9362907409668,0
2012-04-03,35.36484909057617,35.36484909057617,35.36484909057617,35.36484909057617,35.36484909057617,0
2012-04-04,35.3272590637207,35.3272590637207,35.3272590637207,35.3272590637207,35.3272590637207,0
2012-04-09,34.470001220703125,34.470001220703125,34.470001220703125,34.470001220703125,34.470001220703125,0
2012-04-10,34.904090881347656,34.904090881347656,34.904090881347656,34.904090881347656,34.904090881347656,0
2012-04-11,34.885231018066406,34.885231018066406,34.885231018066406,34.885231018066406,34.885231018066406,0
2012-04-12,35.722320556640625,35.722320556640625,35.722320556640625,35.722320556640625,35.722320556640625,0
2012-04-13,35.367008209228516,35.367008209228516,35.367008209228516,35.367008209228516,35.367008209228516,0
2012-04-16,36.06447982788086,36.06447982788086,36.06447982788086,36.06447982788086,36.06447982788086,0
2012-04-17,36.413421630859375,36.413421630859375,36.413421630859375,36.413421630859375,36.413421630859375,0
2012-04-18,36.17504119873047,36.17504119873047,36.17504119873047,36.17504119873047,36.17504119873047,0
2012-04-19,35.81953811645508,35.81953811645508,35.81953811645508,35.81953811645508,35.81953811645508,0
2012-04-20,35.530609130859375,35.530609130859375,35.530609130859375,35.530609130859375,35.530609130859375,0
2012-04-23,34.59926986694336,34.59926986694336,34.59926986694336,34.59926986694336,34.59926986694336,0
2012-04-24,34.66069030761719,34.66069030761719,34.66069030761719,34.66069030761719,34.66069030761719,0
2012-04-25,34.2665901184082,34.2665901184082,34.2665901184082,34.2665901184082,34.2665901184082,0
2012-04-26,33.846168518066406,33.846168518066406,33.846168518066406,33.846168518066406,33.846168518066406,0
2012-04-27,33.36024856567383,33.36024856567383,33.36024856567383,33.36024856567383,33.36024856567383,0
2012-04-30,33.85493087768555,33.85493087768555,33.85493087768555,33.85493087768555,33.85493087768555,0
2012-05-02,33.91712188720703,33.91712188720703,33.91712188720703,33.91712188720703,33.91712188720703,0
2012-05-03,33.03633117675781,33.03633117675781,33.03633117675781,33.03633117675781,33.03633117675781,0
2012-05-04,31.801359176635742,31.801359176635742,31.801359176635742,31.801359176635742,31.801359176635742,0
2012-05-07,32.04961013793945,32.04961013793945,32.04961013793945,32.04961013793945,32.04961013793945,0
2012-05-08,31.09309959411621,31.09309959411621,31.09309959411621,31.09309959411621,31.09309959411621,0
2012-05-09,29.998870849609375,29.998870849609375,29.998870849609375,29.998870849609375,29.998870849609375,0
2012-05-10,29.686599731445312,29.686599731445312,29.686599731445312,29.686599731445312,29.686599731445312,0
2012-05-11,29.7731990814209,29.7731990814209,29.7731990814209,29.7731990814209,29.7731990814209,0
2012-05-14,29.31463050842285,29.31463050842285,29.31463050842285,29.31463050842285,29.31463050842285,0
2012-05-15,29.605209350585938,29.605209350585938,29.605209350585938,29.605209350585938,29.605209350585938,0
2012-05-16,29.063440322875977,29.063440322875977,29.063440322875977,29.063440322875977,29.063440322875977,0
2012-05-17,29.246410369873047,29.246410369873047,29.246410369873047,29.246410369873047,29.246410369873047,0
2012-05-18,30.039030075073242,30.039030075073242,30.039030075073242,30.039030075073242,30.039030075073242,0
2012-05-21,30.777080535888672,30.777080535888672,30.777080535888672,30.777080535888672,30.777080535888672,0
2012-05-22,30.117279052734375,30.117279052734375,30.117279052734375,30.117279052734375,30.117279052734375,0
2012-05-23,30.053359985351562,30.053359985351562,30.053359985351562,30.053359985351562,30.053359985351562,0
2012-05-24,30.743520736694336,30.743520736694336,30.743520736694336,30.743520736694336,30.743520736694336,0
2012-05-25,31.082889556884766,31.082889556884766,31.082889556884766,31.082889556884766,31.082889556884766,0
2012-05-28,32.19091033935547,32.19091033935547,32.19091033935547,32.19091033935547,32.19091033935547,0
2012-05-29,32.32762145996094,32.32762145996094,32.32762145996094,32.32762145996094,32.32762145996094,0
2012-05-30,31.743709564208984,31.743709564208984,31.743709564208984,31.743709564208984,31.743709564208984,0
2012-05-31,31.779769897460938,31.779769897460938,31.779769897460938,31.779769897460938,31.779769897460938,0
2012-06-01,31.080020904541016,31.080020904541016,31.080020904541016,31.080020904541016,31.080020904541016,0
2012-06-04,31.41680908203125,31.41680908203125,31.41680908203125,31.41680908203125,31.41680908203125,0
2012-06-05,31.972820281982422,31.972820281982422,31.972820281982422,31.972820281982422,31.972820281982422,0
2012-06-06,33.03688049316406,33.03688049316406,33.03688049316406,33.03688049316406,33.03688049316406,0
2012-06-07,33.176509857177734,33.176509857177734,33.176509857177734,33.176509857177734,33.176509857177734,0
2012-06-08,33.506988525390625,33.506988525390625,33.506988525390625,33.506988525390625,33.506988525390625,0
2012-06-11,33.209991455078125,33.209991455078125,33.209991455078125,33.209991455078125,33.209991455078125,0
2012-06-12,34.012210845947266,34.012210845947266,34.012210845947266,34.012210845947266,34.012210845947266,0
2012-06-13,34.15428924560547,34.15428924560547,34.15428924560547,34.15428924560547,34.15428924560547,0
2012-06-14,33.21662139892578,33.21662139892578,33.21662139892578,33.21662139892578,33.21662139892578,0
2012-06-15,33.744319915771484,33.744319915771484,33.744319915771484,33.744319915771484,33.744319915771484,0
2012-06-18,32.462520599365234,32.462520599365234,32.462520599365234,32.462520599365234,32.462520599365234,0
2012-06-19,32.46821975708008,32.46821975708008,32.46821975708008,32.46821975708008,32.46821975708008,0
2012-06-20,32.787559509277344,32.787559509277344,32.787559509277344,32.787559509277344,32.787559509277344,0
2012-06-21,33.63896942138672,33.63896942138672,33.63896942138672,33.63896942138672,33.63896942138672,0
2012-06-22,33.57509994506836,33.57509994506836,33.57509994506836,33.57509994506836,33.57509994506836,0
2012-06-25,33.146331787109375,33.146331787109375,33.146331787109375,33.146331787109375,33.146331787109375,0
2012-06-26,33.2954216003418,33.2954216003418,33.2954216003418,33.2954216003418,33.2954216003418,0
2012-06-27,33.368648529052734,33.368648529052734,33.368648529052734,33.368648529052734,33.368648529052734,0
2012-06-28,33.21305847167969,33.21305847167969,33.21305847167969,33.21305847167969,33.21305847167969,0
2012-06-29,33.995391845703125,33.995391845703125,33.995391845703125,33.995391845703125,33.995391845703125,0
2012-07-02,34.23897171020508,34.23897171020508,34.23897171020508,34.23897171020508,34.23897171020508,0
2012-07-03,34.72346115112305,34.72346115112305,34.72346115112305,34.72346115112305,34.72346115112305,0
2012-07-04,35.15842056274414,35.15842056274414,35.15842056274414,35.15842056274414,35.15842056274414,0
2012-07-05,35.32756042480469,35.32756042480469,35.32756042480469,35.32756042480469,35.32756042480469,0
2012-07-06,35.11920928955078,35.11920928955078,35.11920928955078,35.11920928955078,35.11920928955078,0
2012-07-09,34.7510986328125,34.7510986328125,34.7510986328125,34.7510986328125,34.7510986328125,0
2012-07-10,35.23891830444336,35.23891830444336,35.23891830444336,35.23891830444336,35.23891830444336,0
2012-07-11,35.14210891723633,35.14210891723633,35.14210891723633,35.14210891723633,35.14210891723633,0
2012-07-12,34.8985710144043,34.8985710144043,34.8985710144043,34.8985710144043,34.8985710144043,0
2012-07-13,34.52164840698242,34.52164840698242,34.52164840698242,34.52164840698242,34.52164840698242,0
2012-07-16,34.660709381103516,34.660709381103516,34.660709381103516,34.660709381103516,34.660709381103516,0
2012-07-17,34.55876159667969,34.55876159667969,34.55876159667969,34.55876159667969,34.55876159667969,0
2012-07-18,34.16666030883789,34.16666030883789,34.16666030883789,34.16666030883789,34.16666030883789,0
2012-07-19,33.74784851074219,33.74784851074219,33.74784851074219,33.74784851074219,33.74784851074219,0
2012-07-20,33.454811096191406,33.454811096191406,33.454811096191406,33.454811096191406,33.454811096191406,0
2012-07-23,32.7849006652832,32.7849006652832,32.7849006652832,32.7849006652832,32.7849006652832,0
2012-07-24,32.834678649902344,32.834678649902344,32.834678649902344,32.834678649902344,32.834678649902344,0
2012-07-25,32.404788970947266,32.404788970947266,32.404788970947266,32.404788970947266,32.404788970947266,0
2012-07-26,31.47555923461914,31.47555923461914,31.47555923461914,31.47555923461914,31.47555923461914,0
2012-07-27,30.22195053100586,30.22195053100586,30.22195053100586,30.22195053100586,30.22195053100586,0
2012-07-30,31.43899917602539,31.43899917602539,31.43899917602539,31.43899917602539,31.43899917602539,0
2012-07-31,31.158700942993164,31.158700942993164,31.158700942993164,31.158700942993164,31.158700942993164,0
2012-08-01,31.504270553588867,31.504270553588867,31.504270553588867,31.504270553588867,31.504270553588867,0
2012-08-02,31.237640380859375,31.237640380859375,31.237640380859375,31.237640380859375,31.237640380859375,0
2012-08-03,31.075389862060547,31.075389862060547,31.075389862060547,31.075389862060547,31.075389862060547,0
2012-08-06,31.208650588989258,31.208650588989258,31.208650588989258,31.208650588989258,31.208650588989258,0
2012-08-07,31.608030319213867,31.608030319213867,31.608030319213867,31.608030319213867,31.608030319213867,0
2012-08-08,31.514360427856445,31.514360427856445,31.514360427856445,31.514360427856445,31.514360427856445,0
2012-08-09,30.484649658203125,30.484649658203125,30.484649658203125,30.484649658203125,30.484649658203125,0
2012-08-10,29.610309600830078,29.610309600830078,29.610309600830078,29.610309600830078,29.610309600830078,0
2012-08-13,29.771799087524414,29.771799087524414,29.771799087524414,29.771799087524414,29.771799087524414,0
2012-08-14,30.05027961730957,30.05027961730957,30.05027961730957,30.05027961730957,30.05027961730957,0
2012-08-16,29.989459991455078,29.989459991455078,29.989459991455078,29.989459991455078,29.989459991455078,0
2012-08-17,29.907310485839844,29.907310485839844,29.907310485839844,29.907310485839844,29.907310485839844,0
2012-08-21,29.98967933654785,29.98967933654785,29.98967933654785,29.98967933654785,29.98967933654785,0
2012-08-22,29.920120239257812,29.920120239257812,29.920120239257812,29.920120239257812,29.920120239257812,0
2012-08-23,29.93960952758789,29.93960952758789,29.93960952758789,29.93960952758789,29.93960952758789,0
2012-08-24,29.59303092956543,29.59303092956543,29.59303092956543,29.59303092956543,29.59303092956543,0
2012-08-27,28.783510208129883,28.783510208129883,28.783510208129883,28.783510208129883,28.783510208129883,0
2012-08-28,28.665050506591797,28.665050506591797,28.665050506591797,28.665050506591797,28.665050506591797,0
2012-08-29,28.40888023376465,28.40888023376465,28.40888023376465,28.40888023376465,28.40888023376465,0
2012-08-30,28.63532066345215,28.63532066345215,28.63532066345215,28.63532066345215,28.63532066345215,0
2012-08-31,28.649099349975586,28.649099349975586,28.649099349975586,28.649099349975586,28.649099349975586,0
2012-09-03,28.7393798828125,28.7393798828125,28.7393798828125,28.7393798828125,28.7393798828125,0
2012-09-04,29.07455062866211,29.07455062866211,29.07455062866211,29.07455062866211,29.07455062866211,0
2012-09-05,28.466339111328125,28.466339111328125,28.466339111328125,28.466339111328125,28.466339111328125,0
2012-09-06,28.58839988708496,28.58839988708496,28.58839988708496,28.58839988708496,28.58839988708496,0
2012-09-07,29.24394989013672,29.24394989013672,29.24394989013672,29.24394989013672,29.24394989013672,0
2012-09-10,29.045509338378906,29.045509338378906,29.045509338378906,29.045509338378906,29.045509338378906,0
2012-09-11,29.11669921875,29.11669921875,29.11669921875,29.11669921875,29.11669921875,0
2012-09-12,29.138559341430664,29.138559341430664,29.138559341430664,29.138559341430664,29.138559341430664,0
2012-09-13,29.05915069580078,29.05915069580078,29.05915069580078,29.05915069580078,29.05915069580078,0
2012-09-14,30.497400283813477,30.497400283813477,30.497400283813477,30.497400283813477,30.497400283813477,0
2012-09-17,32.22562026977539,32.22562026977539,32.22562026977539,32.22562026977539,32.22562026977539,0
2012-09-18,33.76845169067383,33.76845169067383,33.76845169067383,33.76845169067383,33.76845169067383,0
2012-09-20,33.53086853027344,33.53086853027344,33.53086853027344,33.53086853027344,33.53086853027344,0
2012-09-21,34.950599670410156,34.950599670410156,34.950599670410156,34.950599670410156,34.950599670410156,0
2012-09-24,34.652408599853516,34.652408599853516,34.652408599853516,34.652408599853516,34.652408599853516,0
2012-09-25,34.73551940917969,34.73551940917969,34.73551940917969,34.73551940917969,34.73551940917969,0
2012-09-26,35.02827072143555,35.02827072143555,35.02827072143555,35.02827072143555,35.02827072143555,0
2012-09-27,35.24388122558594,35.24388122558594,35.24388122558594,35.24388122558594,35.24388122558594,0
2012-09-28,35.458160400390625,35.458160400390625,35.458160400390625,35.458160400390625,35.458160400390625,0
2012-10-01,35.66646957397461,35.66646957397461,35.66646957397461,35.66646957397461,35.66646957397461,0
2012-10-03,35.78289031982422,35.78289031982422,35.78289031982422,35.78289031982422,35.78289031982422,0
2012-10-04,36.295570373535156,36.295570373535156,36.295570373535156,36.295570373535156,36.295570373535156,0
2012-10-05,35.97454833984375,35.97454833984375,35.97454833984375,35.97454833984375,35.97454833984375,0
2012-10-08,35.14419174194336,35.14419174194336,35.14419174194336,35.14419174194336,35.14419174194336,0
2012-10-09,35.25094985961914,35.25094985961914,35.25094985961914,35.25094985961914,35.25094985961914,0
2012-10-10,34.60599899291992,34.60599899291992,34.60599899291992,34.60599899291992,34.60599899291992,0
2012-10-11,35.378360748291016,35.378360748291016,35.378360748291016,35.378360748291016,35.378360748291016,0
2012-10-12,35.18994903564453,35.18994903564453,35.18994903564453,35.18994903564453,35.18994903564453,0
2012-10-15,35.38264083862305,35.38264083862305,35.38264083862305,35.38264083862305,35.38264083862305,0
2012-10-16,34.78765106201172,34.78765106201172,34.78765106201172,34.78765106201172,34.78765106201172,0
2012-10-17,34.69078063964844,34.69078063964844,34.69078063964844,34.69078063964844,34.69078063964844,0
2012-10-18,35.765350341796875,35.765350341796875,35.765350341796875,35.765350341796875,35.765350341796875,0
2012-10-19,35.57912063598633,35.57912063598633,35.57912063598633,35.57912063598633,35.57912063598633,0
2012-10-22,35.330528259277344,35.330528259277344,35.330528259277344,35.330528259277344,35.330528259277344,0
2012-10-23,35.19804000854492,35.19804000854492,35.19804000854492,35.19804000854492,35.19804000854492,0
2012-10-25,34.8342399597168,34.8342399597168,34.8342399597168,34.8342399597168,34.8342399597168,0
2012-10-29,33.89496994018555,33.89496994018555,33.89496994018555,33.89496994018555,33.89496994018555,0
2012-10-30,32.51844024658203,32.51844024658203,32.51844024658203,32.51844024658203,32.51844024658203,0
2012-10-31,33.02322006225586,33.02322006225586,33.02322006225586,33.02322006225586,33.02322006225586,0
2012-11-01,33.345211029052734,33.345211029052734,33.345211029052734,33.345211029052734,33.345211029052734,0
2012-11-02,34.035911560058594,34.035911560058594,34.035911560058594,34.035911560058594,34.035911560058594,0
2012-11-05,33.84693908691406,33.84693908691406,33.84693908691406,33.84693908691406,33.84693908691406,0
2012-11-06,34.1307487487793,34.1307487487793,34.1307487487793,34.1307487487793,34.1307487487793,0
2012-11-07,35.04185104370117,35.04185104370117,35.04185104370117,35.04185104370117,35.04185104370117,0
2012-11-08,35.39413833618164,35.39413833618164,35.39413833618164,35.39413833618164,35.39413833618164,0
2012-11-09,34.339229583740234,34.339229583740234,34.339229583740234,34.339229583740234,34.339229583740234,0
2012-11-12,34.71065139770508,34.71065139770508,34.71065139770508,34.71065139770508,34.71065139770508,0
2012-11-15,34.30440902709961,34.30440902709961,34.30440902709961,34.30440902709961,34.30440902709961,0
2012-11-16,33.52738952636719,33.52738952636719,33.52738952636719,33.52738952636719,33.52738952636719,0
2012-11-19,33.26390075683594,33.26390075683594,33.26390075683594,33.26390075683594,33.26390075683594,0
2012-11-20,32.81576156616211,32.81576156616211,32.81576156616211,32.81576156616211,32.81576156616211,0
2012-11-21,32.98746871948242,32.98746871948242,32.98746871948242,32.98746871948242,32.98746871948242,0
2012-11-22,33.425819396972656,33.425819396972656,33.425819396972656,33.425819396972656,33.425819396972656,0
2012-11-23,33.31293869018555,33.31293869018555,33.31293869018555,33.31293869018555,33.31293869018555,0
2012-11-26,33.29336929321289,33.29336929321289,33.29336929321289,33.29336929321289,33.29336929321289,0
2012-11-27,33.7159309387207,33.7159309387207,33.7159309387207,33.7159309387207,33.7159309387207,0
2012-11-29,34.07748031616211,34.07748031616211,34.07748031616211,34.07748031616211,34.07748031616211,0
2012-11-30,34.939720153808594,34.939720153808594,34.939720153808594,34.939720153808594,34.939720153808594,0
2012-12-03,35.15583038330078,35.15583038330078,35.15583038330078,35.15583038330078,35.15583038330078,0
2012-12-04,35.68000030517578,35.68000030517578,35.68000030517578,35.68000030517578,35.68000030517578,0
2012-12-05,36.23693084716797,36.23693084716797,36.23693084716797,36.23693084716797,36.23693084716797,0
2012-12-06,36.79454040527344,36.79454040527344,36.79454040527344,36.79454040527344,36.79454040527344,0
2012-12-07,36.88029098510742,36.88029098510742,36.88029098510742,36.88029098510742,36.88029098510742,0
2012-12-10,37.51079177856445,37.51079177856445,37.51079177856445,37.51079177856445,37.51079177856445,0
2012-12-11,37.12879943847656,37.12879943847656,37.12879943847656,37.12879943847656,37.12879943847656,0
2012-12-12,37.00679016113281,37.00679016113281,37.00679016113281,37.00679016113281,37.00679016113281,0
2012-12-13,36.454689025878906,36.454689025878906,36.454689025878906,36.454689025878906,36.454689025878906,0
2012-12-14,37.313690185546875,37.313690185546875,37.313690185546875,37.313690185546875,37.313690185546875,0
2012-12-17,37.65953826904297,37.65953826904297,37.65953826904297,37.65953826904297,37.65953826904297,0
2012-12-18,38.089149475097656,38.089149475097656,38.089149475097656,38.089149475097656,38.089149475097656,0
2012-12-19,38.14894104003906,38.14894104003906,38.14894104003906,38.14894104003906,38.14894104003906,0
2012-12-20,38.310428619384766,38.310428619384766,38.310428619384766,38.310428619384766,38.310428619384766,0
2012-12-21,37.5001106262207,37.5001106262207,37.5001106262207,37.5001106262207,37.5001106262207,0
2012-12-24,37.45100021362305,37.45100021362305,37.45100021362305,37.45100021362305,37.45100021362305,0
2012-12-26,38.06753158569336,38.06753158569336,38.06753158569336,38.06753158569336,38.06753158569336,0
2012-12-27,38.23234939575195,38.23234939575195,38.23234939575195,38.23234939575195,38.23234939575195,0
2012-12-28,38.28871154785156,38.28871154785156,38.28871154785156,38.28871154785156,38.28871154785156,0
2012-12-31,38.5743408203125,38.5743408203125,38.5743408203125,38.5743408203125,38.5743408203125,0
2013-01-01,39.462711334228516,39.462711334228516,39.462711334228516,39.462711334228516,39.462711334228516,0
2013-01-02,39.797428131103516,39.797428131103516,39.797428131103516,39.797428131103516,39.797428131103516,0
2013-01-03,39.94683074951172,39.94683074951172,39.94683074951172,39.94683074951172,39.94683074951172,0
2013-01-04,40.20100021362305,40.20100021362305,40.20100021362305,40.20100021362305,40.20100021362305,0
2013-01-07,39.95172882080078,39.95172882080078,39.95172882080078,39.95172882080078,39.95172882080078,0
2013-01-08,40.13642883300781,40.13642883300781,40.13642883300781,40.13642883300781,40.13642883300781,0
2013-01-09,40.156280517578125,40.156280517578125,40.156280517578125,40.156280517578125,40.156280517578125,0
2013-01-10,40.27201843261719,40.27201843261719,40.27201843261719,40.27201843261719,40.27201843261719,0
2013-01-11,39.593448638916016,39.593448638916016,39.593448638916016,39.593448638916016,39.593448638916016,0
2013-01-14,40.23809814453125,40.23809814453125,40.23809814453125,40.23809814453125,40.23809814453125,0
2013-01-15,40.19247055053711,40.19247055053711,40.19247055053711,40.19247055053711,40.19247055053711,0
2013-01-16,39.335899353027344,39.335899353027344,39.335899353027344,39.335899353027344,39.335899353027344,0
2013-01-17,39.735008239746094,39.735008239746094,39.735008239746094,39.735008239746094,39.735008239746094,0
2013-01-18,40.08977127075195,40.08977127075195,40.08977127075195,40.08977127075195,40.08977127075195,0
2013-01-21,40.0637092590332,40.0637092590332,40.0637092590332,40.0637092590332,40.0637092590332,0
2013-01-22,39.42995834350586,39.42995834350586,39.42995834350586,39.42995834350586,39.42995834350586,0
2013-01-23,39.22090148925781,39.22090148925781,39.22090148925781,39.22090148925781,39.22090148925781,0
2013-01-24,38.433921813964844,38.433921813964844,38.433921813964844,38.433921813964844,38.433921813964844,0
2013-01-25,39.50910949707031,39.50910949707031,39.50910949707031,39.50910949707031,39.50910949707031,0
2013-01-28,39.15079879760742,39.15079879760742,39.15079879760742,39.15079879760742,39.15079879760742,0
2013-01-29,38.55821990966797,38.55821990966797,38.55821990966797,38.55821990966797,38.55821990966797,0
2013-01-30,37.97771072387695,37.97771072387695,37.97771072387695,37.97771072387695,37.97771072387695,0
2013-01-31,38.81237030029297,38.81237030029297,38.81237030029297,38.81237030029297,38.81237030029297,0
2013-02-01,38.3734016418457,38.3734016418457,38.3734016418457,38.3734016418457,38.3734016418457,0
2013-02-04,37.13666915893555,37.13666915893555,37.13666915893555,37.13666915893555,37.13666915893555,0
2013-02-05,37.16387176513672,37.16387176513672,37.16387176513672,37.16387176513672,37.16387176513672,0
2013-02-06,37.090179443359375,37.090179443359375,37.090179443359375,37.090179443359375,37.090179443359375,0
2013-02-07,36.60866928100586,36.60866928100586,36.60866928100586,36.60866928100586,36.60866928100586,0
2013-02-08,36.07550048828125,36.07550048828125,36.07550048828125,36.07550048828125,36.07550048828125,0
2013-02-11,36.154258728027344,36.154258728027344,36.154258728027344,36.154258728027344,36.154258728027344,0
2013-02-12,36.23065185546875,36.23065185546875,36.23065185546875,36.23065185546875,36.23065185546875,0
2013-02-13,35.624088287353516,35.624088287353516,35.624088287353516,35.624088287353516,35.624088287353516,0
2013-02-14,35.22163009643555,35.22163009643555,35.22163009643555,35.22163009643555,35.22163009643555,0
2013-02-15,35.404598236083984,35.404598236083984,35.404598236083984,35.404598236083984,35.404598236083984,0
2013-02-18,35.854068756103516,35.854068756103516,35.854068756103516,35.854068756103516,35.854068756103516,0
2013-02-19,36.19562911987305,36.19562911987305,36.19562911987305,36.19562911987305,36.19562911987305,0
2013-02-20,35.889488220214844,35.889488220214844,35.889488220214844,35.889488220214844,35.889488220214844,0
2013-02-21,35.08692169189453,35.08692169189453,35.08692169189453,35.08692169189453,35.08692169189453,0
2013-02-22,35.0222282409668,35.0222282409668,35.0222282409668,35.0222282409668,35.0222282409668,0
2013-02-25,34.96337890625,34.96337890625,34.96337890625,34.96337890625,34.96337890625,0
2013-02-26,34.43170166015625,34.43170166015625,34.43170166015625,34.43170166015625,34.43170166015625,0
2013-02-27,34.86008071899414,34.86008071899414,34.86008071899414,34.86008071899414,34.86008071899414,0
2013-02-28,32.900840759277344,32.900840759277344,32.900840759277344,32.900840759277344,32.900840759277344,0
2013-03-01,33.1328010559082,33.1328010559082,33.1328010559082,33.1328010559082,33.1328010559082,0
2013-03-04,33.025718688964844,33.025718688964844,33.025718688964844,33.025718688964844,33.025718688964844,0
2013-03-05,33.5589485168457,33.5589485168457,33.5589485168457,33.5589485168457,33.5589485168457,0
2013-03-06,34.16133117675781,34.16133117675781,34.16133117675781,34.16133117675781,34.16133117675781,0
2013-03-07,34.17647933959961,34.17647933959961,34.17647933959961,34.17647933959961,34.17647933959961,0
2013-03-08,34.665748596191406,34.665748596191406,34.665748596191406,34.665748596191406,34.665748596191406,0
2013-03-11,34.784080505371094,34.784080505371094,34.784080505371094,34.784080505371094,34.784080505371094,0
2013-03-12,34.648521423339844,34.648521423339844,34.648521423339844,34.648521423339844,34.648521423339844,0
2013-03-13,33.95594024658203,33.95594024658203,33.95594024658203,33.95594024658203,33.95594024658203,0
2013-03-14,34.85551071166992,34.85551071166992,34.85551071166992,34.85551071166992,34.85551071166992,0
2013-03-15,34.82014083862305,34.82014083862305,34.82014083862305,34.82014083862305,34.82014083862305,0
2013-03-18,34.678749084472656,34.678749084472656,34.678749084472656,34.678749084472656,34.678749084472656,0
2013-03-19,33.743289947509766,33.743289947509766,33.743289947509766,33.743289947509766,33.743289947509766,0
2013-03-20,32.585121154785156,32.585121154785156,32.585121154785156,32.585121154785156,32.585121154785156,0
2013-03-21,31.99020004272461,31.99020004272461,31.99020004272461,31.99020004272461,31.99020004272461,0
2013-03-22,32.06517028808594,32.06517028808594,32.06517028808594,32.06517028808594,32.06517028808594,0
2013-03-25,31.592830657958984,31.592830657958984,31.592830657958984,31.592830657958984,31.592830657958984,0
2013-03-26,31.40226936340332,31.40226936340332,31.40226936340332,31.40226936340332,31.40226936340332,0
2013-03-28,31.955350875854492,31.955350875854492,31.955350875854492,31.955350875854492,31.955350875854492,0
2013-04-01,32.3349494934082,32.3349494934082,32.3349494934082,32.3349494934082,32.3349494934082,0
2013-04-02,33.208778381347656,33.208778381347656,33.208778381347656,33.208778381347656,33.208778381347656,0
2013-04-03,32.44343948364258,32.44343948364258,32.44343948364258,32.44343948364258,32.44343948364258,0
2013-04-04,31.95646095275879,31.95646095275879,31.95646095275879,31.95646095275879,31.95646095275879,0
2013-04-05,31.856679916381836,31.856679916381836,31.856679916381836,31.856679916381836,31.856679916381836,0
2013-04-08,31.3558406829834,31.3558406829834,31.3558406829834,31.3558406829834,31.3558406829834,0
2013-04-09,30.69832992553711,30.69832992553711,30.69832992553711,30.69832992553711,30.69832992553711,0
2013-04-10,31.209550857543945,31.209550857543945,31.209550857543945,31.209550857543945,31.209550857543945,0
2013-04-11,31.28997039794922,31.28997039794922,31.28997039794922,31.28997039794922,31.28997039794922,0
2013-04-12,31.84299087524414,31.84299087524414,31.84299087524414,31.84299087524414,31.84299087524414,0
2013-04-15,32.82735061645508,32.82735061645508,32.82735061645508,32.82735061645508,32.82735061645508,0
2013-04-16,33.406890869140625,33.406890869140625,33.406890869140625,33.406890869140625,33.406890869140625,0
2013-04-17,33.821388244628906,33.821388244628906,33.821388244628906,33.821388244628906,33.821388244628906,0
2013-04-18,34.67348861694336,34.67348861694336,34.67348861694336,34.67348861694336,34.67348861694336,0
2013-04-22,35.33184051513672,35.33184051513672,35.33184051513672,35.33184051513672,35.33184051513672,0
2013-04-23,34.82051086425781,34.82051086425781,34.82051086425781,34.82051086425781,34.82051086425781,0
2013-04-25,35.353858947753906,35.353858947753906,35.353858947753906,35.353858947753906,35.353858947753906,0
2013-04-26,34.58354187011719,34.58354187011719,34.58354187011719,34.58354187011719,34.58354187011719,0
2013-04-29,34.66368103027344,34.66368103027344,34.66368103027344,34.66368103027344,34.66368103027344,0
2013-04-30,34.44660949707031,34.44660949707031,34.44660949707031,34.44660949707031,34.44660949707031,0
2013-05-02,34.91474914550781,34.91474914550781,34.91474914550781,34.91474914550781,34.91474914550781,0
2013-05-03,33.825828552246094,33.825828552246094,33.825828552246094,33.825828552246094,33.825828552246094,0
2013-05-06,33.91455078125,33.91455078125,33.91455078125,33.91455078125,33.91455078125,0
2013-05-07,34.22679138183594,34.22679138183594,34.22679138183594,34.22679138183594,34.22679138183594,0
2013-05-08,34.08906936645508,34.08906936645508,34.08906936645508,34.08906936645508,34.08906936645508,0
2013-05-09,34.62725830078125,34.62725830078125,34.62725830078125,34.62725830078125,34.62725830078125,0
2013-05-10,34.69770050048828,34.69770050048828,34.69770050048828,34.69770050048828,34.69770050048828,0
2013-05-13,34.19205093383789,34.19205093383789,34.19205093383789,34.19205093383789,34.19205093383789,0
2013-05-14,34.39963912963867,34.39963912963867,34.39963912963867,34.39963912963867,34.39963912963867,0
2013-05-15,35.832759857177734,35.832759857177734,35.832759857177734,35.832759857177734,35.832759857177734,0
2013-05-16,36.05363845825195,36.05363845825195,36.05363845825195,36.05363845825195,36.05363845825195,0
2013-05-17,36.29494094848633,36.29494094848633,36.29494094848633,36.29494094848633,36.29494094848633,0
2013-05-20,36.20655822753906,36.20655822753906,36.20655822753906,36.20655822753906,36.20655822753906,0
2013-05-21,35.6927604675293,35.6927604675293,35.6927604675293,35.6927604675293,35.6927604675293,0
2013-05-22,35.31066131591797,35.31066131591797,35.31066131591797,35.31066131591797,35.31066131591797,0
2013-05-23,33.365928649902344,33.365928649902344,33.365928649902344,33.365928649902344,33.365928649902344,0
2013-05-24,33.24311065673828,33.24311065673828,33.24311065673828,33.24311065673828,33.24311065673828,0
2013-05-27,33.377601623535156,33.377601623535156,33.377601623535156,33.377601623535156,33.377601623535156,0
2013-05-28,33.60881042480469,33.60881042480469,33.60881042480469,33.60881042480469,33.60881042480469,0
2013-05-29,33.13249969482422,33.13249969482422,33.13249969482422,33.13249969482422,33.13249969482422,0
2013-05-30,33.097049713134766,33.097049713134766,33.097049713134766,33.097049713134766,33.097049713134766,0
2013-05-31,32.0850715637207,32.0850715637207,32.0850715637207,32.0850715637207,32.0850715637207,0
2013-06-03,32.35301971435547,32.35301971435547,32.35301971435547,32.35301971435547,32.35301971435547,0
2013-06-04,31.964309692382812,31.964309692382812,31.964309692382812,31.964309692382812,31.964309692382812,0
2013-06-05,32.01919174194336,32.01919174194336,32.01919174194336,32.01919174194336,32.01919174194336,0
2013-06-06,32.489768981933594,32.489768981933594,32.489768981933594,32.489768981933594,32.489768981933594,0
2013-06-07,31.890369415283203,31.890369415283203,31.890369415283203,31.890369415283203,31.890369415283203,0
2013-06-10,31.587730407714844,31.587730407714844,31.587730407714844,31.587730407714844,31.587730407714844,0
2013-06-11,31.311609268188477,31.311609268188477,31.311609268188477,31.311609268188477,31.311609268188477,0
2013-06-12,31.48488998413086,31.48488998413086,31.48488998413086,31.48488998413086,31.48488998413086,0
2013-06-13,31.389890670776367,31.389890670776367,31.389890670776367,31.389890670776367,31.389890670776367,0
2013-06-14,31.92061996459961,31.92061996459961,31.92061996459961,31.92061996459961,31.92061996459961,0
2013-06-17,32.08544158935547,32.08544158935547,32.08544158935547,32.08544158935547,32.08544158935547,0
2013-06-18,31.661169052124023,31.661169052124023,31.661169052124023,31.661169052124023,31.661169052124023,0
2013-06-19,31.6810302734375,31.6810302734375,31.6810302734375,31.6810302734375,31.6810302734375,0
2013-06-20,30.56570053100586,30.56570053100586,30.56570053100586,30.56570053100586,30.56570053100586,0
2013-06-21,29.985090255737305,29.985090255737305,29.985090255737305,29.985090255737305,29.985090255737305,0
2013-06-24,30.77899932861328,30.77899932861328,31.229999542236328,30.329999923706055,30.700000762939453,3610
2013-06-25,30.4689998626709,30.4689998626709,30.799999237060547,30.329999923706055,30.799999237060547,2390
2013-06-26,30.399999618530273,30.399999618530273,30.849000930786133,30.34000015258789,30.34000015258789,2440
2013-06-27,30.979999542236328,30.979999542236328,30.989999771118164,30.895000457763672,30.9689998626709,1000
2013-06-28,30.902000427246094,30.902000427246094,31.48699951171875,30.549999237060547,30.600000381469727,1630
2013-07-01,31.389999389648438,31.389999389648438,31.5,30.690000534057617,31.499000549316406,2810
2013-07-02,31.079999923706055,31.079999923706055,31.631000518798828,30.899999618530273,31.200000762939453,1650
2013-07-03,30.5,30.5,31.5939998626709,30.399999618530273,31.5939998626709,1980
2013-07-04,29.332000732421875,29.332000732421875,33.099998474121094,29.299999237060547,32.0,6830
2013-07-05,29.652999877929688,29.652999877929688,30.349000930786133,29.274999618530273,30.349000930786133,5370
2013-07-08,29.16900062561035,29.16900062561035,29.780000686645508,28.5,29.700000762939453,14450
2013-07-09,29.134000778198242,29.134000778198242,29.788000106811523,28.569000244140625,29.5,3440
2013-07-10,29.025999069213867,29.025999069213867,29.790000915527344,28.81100082397461,29.200000762939453,10700
2013-07-11,29.399999618530273,29.399999618530273,29.999000549316406,29.010000228881836,29.999000549316406,1040
2013-07-12,29.399999618530273,29.399999618530273,29.399999618530273,28.201000213623047,29.399999618530273,9010
2013-07-15,29.784000396728516,29.784000396728516,29.799999237060547,28.899999618530273,29.100000381469727,4600
2013-07-16,28.179000854492188,28.179000854492188,29.0,28.0,29.0,22950
2013-07-17,28.076000213623047,28.076000213623047,28.798999786376953,27.700000762939453,28.5,9370
2013-07-18,28.280000686645508,28.280000686645508,32.0,27.700000762939453,32.0,12630
2013-07-19,27.88800048828125,27.88800048828125,28.399999618530273,27.5,28.079999923706055,9060
2013-07-22,28.801000595092773,28.801000595092773,28.950000762939453,27.711000442504883,28.309999465942383,5090
2013-07-23,28.788999557495117,28.788999557495117,28.799999237060547,28.051000595092773,28.725000381469727,5560
2013-07-24,28.506999969482422,28.506999969482422,28.600000381469727,27.399999618530273,28.000999450683594,9660
2013-07-25,26.743000030517578,26.743000030517578,28.49799919128418,26.3700008392334,28.49799919128418,24450
2013-07-26,26.93000030517578,26.93000030517578,27.485000610351562,26.549999237060547,27.0,80740
2013-07-29,27.06599998474121,27.06599998474121,27.79800033569336,26.600000381469727,27.490999221801758,4170
2013-07-30,27.21299934387207,27.21299934387207,28.39900016784668,27.079999923706055,28.39900016784668,3730
2013-07-31,27.283000946044922,27.283000946044922,27.93199920654297,27.0,27.21500015258789,3510
2013-08-01,26.934999465942383,26.934999465942383,28.299999237060547,26.624000549316406,28.299999237060547,4690
2013-08-02,26.18600082397461,26.18600082397461,27.0,25.565000534057617,26.650999069213867,9460
2013-08-05,25.121000289916992,25.121000289916992,27.440000534057617,24.614999771118164,27.440000534057617,15490
2013-08-06,24.660999298095703,24.660999298095703,25.280000686645508,24.5,25.1200008392334,5610
2013-08-07,27.152000427246094,27.152000427246094,27.496000289916992,24.200000762939453,25.0,11990
2013-08-08,25.988000869750977,25.988000869750977,26.996000289916992,25.5,26.996000289916992,3310
2013-08-12,24.52899932861328,24.52899932861328,26.399999618530273,24.399999618530273,25.600000381469727,23700
2013-08-13,24.485000610351562,24.485000610351562,24.798999786376953,24.07200050354004,24.5,10490
2013-08-14,24.21500015258789,24.21500015258789,24.899999618530273,24.200000762939453,24.200000762939453,6150
2013-08-16,22.966999053955078,22.966999053955078,28.399999618530273,22.799999237060547,28.399999618530273,26260
2013-08-19,22.134000778198242,22.134000778198242,23.0,21.600000381469727,23.0,41610
2013-08-20,22.249000549316406,22.249000549316406,22.399999618530273,20.50200080871582,22.139999389648438,13190
2013-08-21,22.66200065612793,22.66200065612793,23.60099983215332,22.549999237060547,22.600000381469727,29640
2013-08-22,23.266000747680664,23.266000747680664,23.450000762939453,22.5,22.5,4850
2013-08-23,23.488000869750977,23.488000869750977,23.700000762939453,22.399999618530273,23.065000534057617,6940
2013-08-26,24.100000381469727,24.100000381469727,24.299999237060547,23.5,23.5,5630
2013-08-27,22.913999557495117,22.913999557495117,24.969999313354492,22.5,23.864999771118164,11980
2013-08-28,22.941999435424805,22.941999435424805,23.197999954223633,22.0,22.100000381469727,9430
2013-08-29,22.799999237060547,22.799999237060547,23.450000762939453,22.61199951171875,23.200000762939453,2920
2013-08-30,24.395999908447266,24.395999908447266,24.549999237060547,23.100000381469727,23.100000381469727,8880
2013-09-02,22.013999938964844,22.013999938964844,24.888999938964844,21.854999542236328,24.0,74610
2013-09-03,20.98200035095215,20.98200035095215,22.0,20.55500030517578,22.0,43280
2013-09-04,21.45599937438965,21.45599937438965,21.68899917602539,21.0,21.0,6630
2013-09-05,22.21299934387207,22.21299934387207,22.5049991607666,21.500999450683594,21.799999237060547,16200
2013-09-06,22.38599967956543,22.38599967956543,22.500999450683594,22.05500030517578,22.200000762939453,6440
2013-09-10,22.320999145507812,22.320999145507812,23.49799919128418,22.299999237060547,23.0,19620
2013-09-11,23.666000366210938,23.666000366210938,23.799999237060547,22.301000595092773,22.5,12920
2013-09-12,23.542999267578125,23.542999267578125,24.198999404907227,23.500999450683594,23.60099983215332,14710
2013-09-13,24.187999725341797,24.187999725341797,24.198999404907227,23.01799964904785,23.01799964904785,13310
2013-09-16,24.437000274658203,24.437000274658203,24.799999237060547,23.558000564575195,24.5,12940
2013-09-17,24.062999725341797,24.062999725341797,24.49799919128418,23.5,23.5,2320
2013-09-18,23.98699951171875,23.98699951171875,24.499000549316406,23.520000457763672,23.520000457763672,1460
2013-09-19,26.06599998474121,26.06599998474121,26.299999237060547,24.5,24.5,39370
2013-09-20,24.87299919128418,24.87299919128418,27.350000381469727,24.049999237060547,27.350000381469727,19560
2013-09-23,23.826000213623047,23.826000213623047,24.5,23.709999084472656,24.5,6700
2013-09-24,23.658000946044922,23.658000946044922,23.989999771118164,22.899999618530273,23.500999450683594,15470
2013-09-25,23.19700050354004,23.19700050354004,23.999000549316406,22.510000228881836,23.999000549316406,3660
2013-09-26,23.6560001373291,23.6560001373291,24.499000549316406,23.5,23.950000762939453,3670
2013-09-27,23.4060001373291,23.4060001373291,23.972999572753906,23.405000686645508,23.972999572753906,1150
2013-09-30,22.808000564575195,22.808000564575195,23.200000762939453,22.600000381469727,23.049999237060547,8360
2013-10-01,23.131999969482422,23.131999969482422,23.29400062561035,22.434999465942383,22.600000381469727,3000
2013-10-03,23.704999923706055,23.704999923706055,23.799999237060547,23.200000762939453,23.489999771118164,2670
2013-10-04,23.45400047302246,23.45400047302246,23.860000610351562,23.100000381469727,23.860000610351562,6510
2013-10-07,23.5,23.5,23.899999618530273,23.0,23.899999618530273,1950
2013-10-08,23.704999923706055,23.704999923706055,24.5,23.31100082397461,24.5,31350
2013-10-09,23.850000381469727,23.850000381469727,23.878999710083008,23.100000381469727,23.399999618530273,14330
2013-10-10,23.18899917602539,23.18899917602539,24.200000762939453,23.000999450683594,23.798999786376953,4470
2013-10-11,24.320999145507812,24.320999145507812,25.49799919128418,23.611000061035156,23.899999618530273,7790
2013-10-14,24.482999801635742,24.482999801635742,26.329999923706055,24.299999237060547,24.5,36430
2013-10-15,22.9689998626709,22.9689998626709,24.399999618530273,22.899999618530273,24.0,22700
2013-10-17,22.875,22.875,23.899999618530273,22.799999237060547,23.700000762939453,11620
2013-10-18,23.045000076293945,23.045000076293945,23.4950008392334,23.035999298095703,23.44499969482422,3200
2013-10-21,23.900999069213867,23.900999069213867,24.0,23.850000381469727,23.993999481201172,2510
2013-10-22,23.861000061035156,23.861000061035156,23.89900016784668,23.600000381469727,23.799999237060547,1520
2013-10-23,24.128000259399414,24.128000259399414,24.378000259399414,23.799999237060547,24.0,3770
2013-10-24,23.21500015258789,23.21500015258789,24.5,22.600000381469727,24.0,27840
2013-10-25,24.08799934387207,24.08799934387207,24.165000915527344,23.600000381469727,23.667999267578125,15900
2013-10-28,23.954999923706055,23.954999923706055,24.499000549316406,23.950000762939453,24.0,8880
2013-10-29,24.483999252319336,24.483999252319336,24.600000381469727,23.999000549316406,24.378999710083008,4530
2013-10-30,24.7810001373291,24.7810001373291,24.958999633789062,24.499000549316406,24.499000549316406,6240
2013-10-31,27.201000213623047,27.201000213623047,29.200000762939453,24.5,24.790000915527344,131480
2013-11-01,27.312999725341797,27.312999725341797,29.200000762939453,26.000999450683594,27.799999237060547,41650
2013-11-05,28.260000228881836,28.260000228881836,30.0,27.700000762939453,28.600000381469727,119980
2013-11-06,25.663000106811523,25.663000106811523,28.0,25.600000381469727,28.0,160020
2013-11-07,25.86400032043457,25.86400032043457,26.950000762939453,25.799999237060547,26.0,22330
2013-11-08,25.791000366210938,25.791000366210938,26.399999618530273,25.5,25.799999237060547,7280
2013-11-11,25.1200008392334,25.1200008392334,26.81999969482422,25.059999465942383,25.549999237060547,21010
2013-11-12,24.31399917602539,24.31399917602539,25.399999618530273,24.209999084472656,25.149999618530273,13910
2013-11-13,24.363000869750977,24.363000869750977,25.690000534057617,24.0310001373291,24.200000762939453,24320
2013-11-14,25.426000595092773,25.426000595092773,25.639999389648438,24.799999237060547,25.014999389648438,7470
2013-11-18,26.30500030517578,26.30500030517578,26.479999542236328,25.006999969482422,25.510000228881836,19010
2013-11-19,27.13800048828125,27.13800048828125,27.5,25.350000381469727,26.024999618530273,14540
2013-11-20,26.222000122070312,26.222000122070312,27.190000534057617,25.600000381469727,26.799999237060547,29260
2013-11-21,26.14900016784668,26.14900016784668,26.850000381469727,25.5,26.850000381469727,4380
2013-11-22,25.770999908447266,25.770999908447266,26.5,25.700000762939453,26.200000762939453,3560
2013-11-25,26.499000549316406,26.499000549316406,26.597999572753906,26.299999237060547,26.399999618530273,1610
2013-11-26,25.993000030517578,25.993000030517578,26.79199981689453,25.899999618530273,26.020000457763672,1060
2013-11-27,26.115999221801758,26.115999221801758,26.756000518798828,25.799999237060547,26.0,3050
2013-11-28,26.32699966430664,26.32699966430664,27.0049991607666,26.0,27.0049991607666,3110
2013-11-29,26.36400032043457,26.36400032043457,26.790000915527344,26.0,26.04199981689453,16130
2013-12-02,27.142000198364258,27.142000198364258,27.49799919128418,26.799999237060547,27.0,6960
2013-12-03,26.56599998474121,26.56599998474121,27.0,25.3700008392334,26.80500030517578,13080
2013-12-04,26.57200050354004,26.57200050354004,26.899999618530273,26.399999618530273,26.510000228881836,7170
2013-12-05,27.586999893188477,27.586999893188477,27.99799919128418,27.10099983215332,27.697999954223633,10210
2013-12-06,27.881000518798828,27.881000518798828,28.0,27.049999237060547,27.049999237060547,13170
2013-12-09,28.5049991607666,28.5049991607666,29.0,28.10300064086914,28.5,13750
2013-12-10,28.31599998474121,28.31599998474121,28.5,26.8700008392334,28.5,7850
2013-12-11,28.288000106811523,28.288000106811523,28.299999237060547,27.799999237060547,28.0,4750
2013-12-12,27.14699935913086,27.14699935913086,28.39900016784668,27.125,28.39900016784668,6310
2013-12-13,26.62700080871582,26.62700080871582,27.5,26.500999450683594,27.100000381469727,3290
2013-12-16,27.100000381469727,27.100000381469727,27.89900016784668,26.4950008392334,26.5,3320
2013-12-17,26.238000869750977,26.238000869750977,27.0,26.200000762939453,27.0,2790
2013-12-18,26.823999404907227,26.823999404907227,28.5,26.100000381469727,28.5,3700
2013-12-19,26.489999771118164,26.489999771118164,27.79800033569336,26.134000778198242,27.0,7580
2013-12-20,26.99799919128418,26.99799919128418,27.0,26.4060001373291,26.799999237060547,1050
2013-12-23,27.17300033569336,27.17300033569336,27.770000457763672,26.601999282836914,26.601999282836914,5740
2013-12-24,27.200000762939453,27.200000762939453,27.850000381469727,26.552000045776367,27.5,1140
2013-12-26,27.649999618530273,27.649999618530273,28.200000762939453,26.665000915527344,27.5,2890
2013-12-27,27.299999237060547,27.299999237060547,28.0,27.101999282836914,27.101999282836914,13390
2013-12-30,28.31599998474121,28.31599998474121,28.395000457763672,27.524999618530273,27.594999313354492,3520
2013-12-31,27.17300033569336,27.17300033569336,27.986000061035156,26.350000381469727,27.600000381469727,3140
2014-01-01,27.288999557495117,27.288999557495117,27.979999542236328,26.304000854492188,27.299999237060547,7110
2014-01-02,28.295000076293945,28.295000076293945,28.5,27.5,27.799999237060547,17360
2014-01-03,27.799999237060547,27.799999237060547,28.15399932861328,27.500999450683594,28.143999099731445,1880
2014-01-06,27.309999465942383,27.309999465942383,28.0,27.01099967956543,27.700000762939453,6900
2014-01-07,27.014999389648438,27.014999389648438,27.399999618530273,27.014999389648438,27.39900016784668,870
2014-01-08,27.035999298095703,27.035999298095703,27.399999618530273,27.0,27.299999237060547,13940
2014-01-09,26.825000762939453,26.825000762939453,27.976999282836914,26.799999237060547,27.976999282836914,2740
2014-01-10,26.43899917602539,26.43899917602539,27.395999908447266,25.899999618530273,27.0,29690
2014-01-13,25.993000030517578,25.993000030517578,26.798999786376953,25.510000228881836,26.299999237060547,6660
2014-01-14,25.75,25.75,26.469999313354492,25.5049991607666,25.5049991607666,370
2014-01-15,26.64900016784668,26.64900016784668,26.89900016784668,25.666000366210938,26.499000549316406,4560
2014-01-16,26.222999572753906,26.222999572753906,26.597999572753906,26.010000228881836,26.597999572753906,360
2014-01-17,26.0,26.0,26.5,25.799999237060547,25.799999237060547,2350
2014-01-20,25.850000381469727,25.850000381469727,26.499000549316406,25.305999755859375,26.000999450683594,9990
2014-01-21,26.475000381469727,26.475000381469727,26.496000289916992,25.90999984741211,26.496000289916992,4300
2014-01-22,26.5,26.5,26.885000228881836,26.229999542236328,26.885000228881836,5920
2014-01-23,26.100000381469727,26.100000381469727,26.889999389648438,26.05500030517578,26.889999389648438,1640
2014-01-24,25.625999450683594,25.625999450683594,26.639999389648438,25.600000381469727,26.200000762939453,2480
2014-01-27,24.238000869750977,24.238000869750977,25.5,23.75,25.5,20030
2014-01-28,24.43400001525879,24.43400001525879,24.975000381469727,24.0,24.399999618530273,8280
2014-01-29,25.160999298095703,25.160999298095703,25.479999542236328,24.216999053955078,24.989999771118164,57960
2014-01-30,23.423999786376953,23.423999786376953,25.386999130249023,23.014999389648438,24.200000762939453,48220
2014-01-31,23.57900047302246,23.57900047302246,23.989999771118164,23.40999984741211,23.5,17790
2014-02-03,23.27400016784668,23.27400016784668,23.849000930786133,22.801000595092773,23.849000930786133,6510
2014-02-04,22.86400032043457,22.86400032043457,22.979999542236328,22.10099983215332,22.875,13690
2014-02-05,23.149999618530273,23.149999618530273,23.799999237060547,22.799999237060547,22.999000549316406,8030
2014-02-06,23.0,23.0,23.549999237060547,23.0,23.0,1950
2014-02-07,23.277999877929688,23.277999877929688,23.799999237060547,23.100000381469727,23.5,8790
2014-02-10,23.326000213623047,23.326000213623047,23.898000717163086,23.299999237060547,23.898000717163086,3380
2014-02-11,23.034000396728516,23.034000396728516,23.350000381469727,22.9950008392334,23.350000381469727,3960
2014-02-12,23.381999969482422,23.381999969482422,23.753999710083008,23.226999282836914,23.5,1760
2014-02-13,22.9950008392334,22.9950008392334,23.700000762939453,22.610000610351562,23.700000762939453,3140
2014-02-14,22.73900032043457,22.73900032043457,23.700000762939453,22.56399917602539,22.770000457763672,4830
2014-02-17,23.290000915527344,23.290000915527344,23.5,22.2549991607666,23.5,5730
2014-02-18,23.450000762939453,23.450000762939453,23.524999618530273,23.0,23.325000762939453,72110
2014-02-19,23.006000518798828,23.006000518798828,23.5,22.940000534057617,23.5,3430
2014-02-20,22.815000534057617,22.815000534057617,23.520999908447266,22.200000762939453,23.225000381469727,8360
2014-02-21,22.868999481201172,22.868999481201172,23.180999755859375,22.80500030517578,23.18000030517578,4070
2014-02-24,23.073999404907227,23.073999404907227,23.190000534057617,22.58799934387207,23.190000534057617,5910
2014-02-25,22.899999618530273,22.899999618530273,23.5,22.799999237060547,23.190000534057617,16970
2014-02-26,23.073999404907227,23.073999404907227,23.594999313354492,22.834999084472656,23.100000381469727,2120
2014-02-28,23.489999771118164,23.489999771118164,25.700000762939453,23.111000061035156,23.655000686645508,18450
2014-03-03,24.003999710083008,24.003999710083008,24.39900016784668,23.5,23.5,14060
2014-03-04,23.900999069213867,23.900999069213867,24.198999404907227,23.51099967956543,23.514999389648438,6130
2014-03-05,24.19700050354004,24.19700050354004,24.375,23.799999237060547,24.375,4740
2014-03-06,24.155000686645508,24.155000686645508,25.0,24.149999618530273,24.89900016784668,6350
2014-03-07,25.20800018310547,25.20800018310547,26.5,23.65999984741211,24.5,30700
2014-03-10,25.756999969482422,25.756999969482422,26.200000762939453,25.0,25.219999313354492,14220
2014-03-11,26.0,26.0,26.850000381469727,25.510000228881836,26.0,11010
2014-03-12,25.572999954223633,25.572999954223633,26.200000762939453,25.53499984741211,26.200000762939453,5830
2014-03-13,25.950000762939453,25.950000762939453,26.5,25.899999618530273,26.299999237060547,10910
2014-03-14,25.899999618530273,25.899999618530273,26.100000381469727,25.600000381469727,25.7549991607666,820
2014-03-18,26.246000289916992,26.246000289916992,27.0,26.100000381469727,26.21500015258789,25550
2014-03-19,26.799999237060547,26.799999237060547,27.0,26.354999542236328,26.354999542236328,20650
2014-03-20,26.402000427246094,26.402000427246094,27.0,25.899999618530273,27.0,47230
2014-03-21,26.95800018310547,26.95800018310547,27.200000762939453,26.010000228881836,26.402000427246094,15390
2014-03-24,26.7810001373291,26.7810001373291,27.100000381469727,26.309999465942383,26.399999618530273,4720
2014-03-25,27.441999435424805,27.441999435424805,28.860000610351562,26.5,27.0,40940
2014-03-26,27.381999969482422,27.381999969482422,28.5049991607666,27.06100082397461,27.683000564575195,11340
2014-03-27,28.29199981689453,28.29199981689453,28.540000915527344,27.700000762939453,27.885000228881836,8030
2014-03-28,29.055999755859375,29.055999755859375,29.479999542236328,28.35099983215332,28.399999618530273,15760
2014-03-31,29.509000778198242,29.509000778198242,30.700000762939453,29.0,29.600000381469727,19790
2014-04-01,29.02899932861328,29.02899932861328,30.0,28.600000381469727,30.0,4060
2014-04-02,29.591999053955078,29.591999053955078,29.790000915527344,28.700000762939453,29.200000762939453,1760
2014-04-03,29.371999740600586,29.371999740600586,29.700000762939453,28.399999618530273,29.700000762939453,16370
2014-04-04,29.32900047302246,29.32900047302246,29.5,28.399999618530273,29.200000762939453,7740
2014-04-07,29.562000274658203,29.562000274658203,29.795000076293945,28.5,29.0,12780
2014-04-09,30.655000686645508,30.655000686645508,31.100000381469727,29.104999542236328,29.104999542236328,23340
2014-04-10,31.309999465942383,31.309999465942383,31.725000381469727,30.610000610351562,31.0,15850
2014-04-11,31.378000259399414,31.378000259399414,32.43000030517578,30.850000381469727,31.399999618530273,25090
2014-04-15,29.95400047302246,29.95400047302246,31.0,29.114999771118164,31.0,24170
2014-04-16,30.18199920654297,30.18199920654297,30.864999771118164,29.999000549316406,30.0,13380
2014-04-17,29.952999114990234,29.952999114990234,30.599000930786133,29.66699981689453,30.5,10070
2014-04-21,31.687000274658203,31.687000274658203,32.290000915527344,30.020000457763672,30.299999237060547,19370
2014-04-22,32.005001068115234,32.005001068115234,32.499000549316406,31.309999465942383,31.309999465942383,17210
2014-04-23,31.749000549316406,31.749000549316406,32.20000076293945,31.600000381469727,32.0,62160
2014-04-25,31.97599983215332,31.97599983215332,32.38999938964844,31.725000381469727,32.38999938964844,53680
2014-04-28,32.444000244140625,32.444000244140625,32.625,32.0,32.0099983215332,31970
2014-04-29,32.45000076293945,32.45000076293945,32.959999084472656,32.400001525878906,32.650001525878906,32770
2014-04-30,32.5,32.5,33.099998474121094,31.600000381469727,32.5,43530
2014-05-02,31.91699981689453,31.91699981689453,33.20000076293945,31.809999465942383,32.5,17620
2014-05-05,32.76499938964844,32.76499938964844,32.790000915527344,31.799999237060547,31.899999618530273,13720
2014-05-06,32.91600036621094,32.91600036621094,33.19900131225586,32.25,32.70000076293945,7240
2014-05-07,32.290000915527344,32.290000915527344,32.999000549316406,32.20000076293945,32.999000549316406,6810
2014-05-08,32.874000549316406,32.874000549316406,33.0,32.310001373291016,32.310001373291016,4460
2014-05-09,33.944000244140625,33.944000244140625,36.0,32.30099868774414,32.30099868774414,25660
2014-05-12,33.95399856567383,33.95399856567383,34.400001525878906,32.20000076293945,32.20000076293945,36560
2014-05-13,35.415000915527344,35.415000915527344,35.900001525878906,34.0,34.400001525878906,80410
2014-05-14,36.757999420166016,36.757999420166016,37.20000076293945,35.099998474121094,35.70000076293945,48320
2014-05-15,35.94900131225586,35.94900131225586,37.0,35.4900016784668,36.349998474121094,185590
2014-05-16,37.16699981689453,37.16699981689453,40.0,35.06999969482422,37.900001525878906,242600
2014-05-19,42.09600067138672,42.09600067138672,42.5,38.0,38.0,139330
2014-05-20,41.86600112915039,41.86600112915039,43.0,39.5359992980957,42.099998474121094,254630
2014-05-21,39.72800064086914,39.72800064086914,41.5,39.35499954223633,40.599998474121094,232290
2014-05-22,39.56700134277344,39.56700134277344,40.29999923706055,39.5,39.80099868774414,31890
2014-05-23,42.715999603271484,42.715999603271484,43.560001373291016,39.5,40.0,135790
2014-05-26,41.65399932861328,41.65399932861328,45.0,39.369998931884766,45.0,144000
2014-05-27,41.72999954223633,41.72999954223633,43.900001525878906,39.1150016784668,43.900001525878906,53750
2014-05-28,41.10300064086914,41.10300064086914,42.0,40.611000061035156,40.849998474121094,20150
2014-05-29,40.83599853515625,40.83599853515625,41.70000076293945,40.5,41.599998474121094,13690
2014-05-30,40.04899978637695,40.04899978637695,41.400001525878906,39.900001525878906,41.0,46790
2014-06-02,41.2140007019043,41.2140007019043,43.28499984741211,39.5,42.0,67830
2014-06-03,40.81100082397461,40.81100082397461,41.79999923706055,40.60499954223633,41.400001525878906,39970
2014-06-04,41.51599884033203,41.51599884033203,41.70000076293945,40.5099983215332,40.599998474121094,17360
2014-06-05,41.066001892089844,41.066001892089844,42.29999923706055,41.0,42.0,32370
2014-06-06,42.22200012207031,42.22200012207031,43.0,41.20100021362305,41.20100021362305,38330
2014-06-09,41.900001525878906,41.900001525878906,43.0,40.71500015258789,42.5,23430
2014-06-10,41.47100067138672,41.47100067138672,41.82500076293945,41.0,41.82500076293945,17320
2014-06-11,41.20600128173828,41.20600128173828,42.5,40.21500015258789,41.599998474121094,22240
2014-06-12,43.14899826049805,43.14899826049805,44.43000030517578,40.555999755859375,41.099998474121094,33100
2014-06-13,41.849998474121094,41.849998474121094,43.20000076293945,41.29999923706055,43.20000076293945,11460
2014-06-16,41.00400161743164,41.00400161743164,42.0,40.494998931884766,40.95500183105469,9340
2014-06-17,41.159000396728516,41.159000396728516,42.0,39.505001068115234,40.59000015258789,15760
2014-06-18,40.85300064086914,40.85300064086914,42.33000183105469,40.25,42.29999923706055,29600
2014-06-19,41.46200180053711,41.46200180053711,41.849998474121094,40.2400016784668,41.04999923706055,15450
2014-06-20,41.00899887084961,41.00899887084961,41.69300079345703,40.5,41.69300079345703,12110
2014-06-23,41.26300048828125,41.26300048828125,41.4739990234375,41.0,41.099998474121094,7830
2014-06-24,41.15599822998047,41.15599822998047,44.99599838256836,41.10100173950195,44.99599838256836,10950
2014-06-25,42.569000244140625,42.569000244140625,44.5,40.79999923706055,41.89899826049805,103900
2014-06-26,41.70000076293945,41.70000076293945,42.558998107910156,41.02000045776367,42.0,17110
2014-06-27,41.0260009765625,41.0260009765625,42.5,40.86600112915039,42.499000549316406,190200
2014-06-30,42.15299987792969,42.15299987792969,43.43000030517578,41.10599899291992,41.499000549316406,23720
2014-07-01,41.965999603271484,41.965999603271484,43.0,41.60100173950195,42.5,22580
2014-07-02,41.965999603271484,41.965999603271484,42.400001525878906,41.650001525878906,42.0,11730
2014-07-03,42.14899826049805,42.14899826049805,42.400001525878906,42.0,42.0,7600
2014-07-04,41.974998474121094,41.974998474121094,43.70000076293945,41.72800064086914,43.70000076293945,10740
2014-07-07,42.29999923706055,42.29999923706055,42.4900016784668,41.9010009765625,42.38999938964844,9640
2014-07-08,40.99300003051758,40.99300003051758,42.5,40.5099983215332,42.5,20520
2014-07-09,41.150001525878906,41.150001525878906,41.5,40.51100158691406,41.0,4220
2014-07-10,39.65800094604492,39.65800094604492,41.5,39.10300064086914,40.512001037597656,69110
2014-07-11,37.83100128173828,37.83100128173828,39.70000076293945,37.40999984741211,39.5,19450
2014-07-14,36.87300109863281,36.87300109863281,38.0,36.65599822998047,38.0,20500
2014-07-15,39.52399826049805,39.52399826049805,39.599998474121094,37.099998474121094,37.5,70510
2014-07-16,40.30699920654297,40.30699920654297,40.650001525878906,39.10499954223633,39.79999923706055,27780
2014-07-17,39.89799880981445,39.89799880981445,40.099998474121094,39.5,39.79999923706055,5680
2014-07-18,39.60100173950195,39.60100173950195,40.39500045776367,39.5,40.39500045776367,7770
2014-07-21,38.66699981689453,38.66699981689453,39.900001525878906,38.45600128173828,39.599998474121094,22300
2014-07-22,38.39799880981445,38.39799880981445,38.99700164794922,38.22200012207031,38.70000076293945,5740
2014-07-23,38.540000915527344,38.540000915527344,39.13399887084961,38.400001525878906,38.67399978637695,14490
2014-07-24,38.900001525878906,38.900001525878906,39.900001525878906,38.67900085449219,39.900001525878906,7350
2014-07-25,37.74300003051758,37.74300003051758,39.09299850463867,37.59600067138672,39.09299850463867,28210
2014-07-28,37.49800109863281,37.49800109863281,38.70000076293945,37.48400115966797,38.5,23780
2014-07-30,37.957000732421875,37.957000732421875,38.176998138427734,36.810001373291016,38.176998138427734,28820
2014-07-31,37.91699981689453,37.91699981689453,38.42499923706055,37.5,38.21200180053711,7050
2014-08-01,37.73500061035156,37.73500061035156,38.59000015258789,37.15999984741211,38.0,18070
2014-08-04,38.55799865722656,38.55799865722656,38.70000076293945,37.70000076293945,37.70000076293945,205700
2014-08-05,38.82699966430664,38.82699966430664,38.900001525878906,38.159000396728516,38.599998474121094,6860
2014-08-06,38.707000732421875,38.707000732421875,40.29999923706055,38.6150016784668,38.900001525878906,7990
2014-08-07,38.310001373291016,38.310001373291016,38.814998626708984,38.19499969482422,38.73500061035156,5060
2014-08-08,38.04100036621094,38.04100036621094,38.400001525878906,38.0,38.29999923706055,4460
2014-08-11,37.91699981689453,37.91699981689453,38.499000549316406,37.79999923706055,38.499000549316406,5550
2014-08-12,37.70100021362305,37.70100021362305,38.0,37.20000076293945,37.849998474121094,8980
2014-08-13,37.560001373291016,37.560001373291016,38.29999923706055,37.099998474121094,38.29999923706055,18230
2014-08-14,37.16299819946289,37.16299819946289,37.95000076293945,36.81100082397461,37.5,13330
2014-08-18,37.332000732421875,37.332000732421875,37.79499816894531,36.80099868774414,37.70000076293945,13250
2014-08-19,37.768001556396484,37.768001556396484,37.92399978637695,37.5,37.70000076293945,13140
2014-08-20,37.347999572753906,37.347999572753906,37.70000076293945,37.224998474121094,37.5,25380
2014-08-21,38.59700012207031,38.59700012207031,38.70000076293945,37.5,37.70000076293945,45410
2014-08-22,39.099998474121094,39.099998474121094,39.5,38.499000549316406,38.499000549316406,18980
2014-08-25,38.922000885009766,38.922000885009766,40.499000549316406,38.21799850463867,39.5,29220
2014-08-26,38.68199920654297,38.68199920654297,38.75,38.099998474121094,38.74100112915039,3130
2014-08-27,38.5,38.5,38.79499816894531,38.18199920654297,38.5,10000
2014-08-28,38.28499984741211,38.28499984741211,38.650001525878906,38.20000076293945,38.5,6210
2014-09-01,39.22700119018555,39.22700119018555,39.29899978637695,38.29999923706055,38.29999923706055,4790
2014-09-02,39.08399963378906,39.08399963378906,39.79999923706055,38.599998474121094,38.599998474121094,45620
2014-09-03,38.492000579833984,38.492000579833984,39.5,38.29999923706055,39.5,12220
2014-09-04,38.590999603271484,38.590999603271484,39.0,38.29999923706055,38.99300003051758,4450
2014-09-05,38.35499954223633,38.35499954223633,38.900001525878906,38.005001068115234,38.5,2030
2014-09-08,38.92900085449219,38.92900085449219,39.3489990234375,38.5,38.5,20610
2014-09-09,39.012001037597656,39.012001037597656,39.38999938964844,38.599998474121094,38.61000061035156,17500
2014-09-10,38.99100112915039,38.99100112915039,39.25,38.60499954223633,38.60499954223633,10500
2014-09-11,40.861000061035156,40.861000061035156,41.79999923706055,39.5,39.5,37450
2014-09-12,41.507999420166016,41.507999420166016,41.67300033569336,39.79999923706055,40.5,27690
2014-09-15,40.98699951171875,40.98699951171875,41.5,40.099998474121094,41.5,19870
2014-09-16,39.70399856567383,39.70399856567383,41.0,39.70000076293945,41.0,4720
2014-09-17,39.28900146484375,39.28900146484375,40.40399932861328,39.22100067138672,40.40399932861328,13960
2014-09-18,40.16999816894531,40.16999816894531,40.39899826049805,39.0,39.797000885009766,19960
2014-09-19,39.88199996948242,39.88199996948242,41.0,39.67399978637695,40.25,10550
2014-09-22,40.00699996948242,40.00699996948242,40.28499984741211,39.04999923706055,39.04999923706055,22460
2014-09-23,39.737998962402344,39.737998962402344,40.20000076293945,39.20000076293945,39.95500183105469,4440
2014-09-24,38.70800018310547,38.70800018310547,39.999000549316406,38.20000076293945,39.999000549316406,9940
2014-09-25,37.06399917602539,37.06399917602539,38.79999923706055,37.0,38.79999923706055,13350
2014-09-26,37.4739990234375,37.4739990234375,37.79999923706055,36.75,37.0,8970
2014-09-29,37.215999603271484,37.215999603271484,38.5,36.900001525878906,38.5,5890
2014-09-30,37.66899871826172,37.66899871826172,38.79999923706055,37.20000076293945,37.20000076293945,15970
2014-10-01,37.57099914550781,37.57099914550781,38.0,37.29999923706055,38.0,6020
2014-10-07,36.08100128173828,36.08100128173828,39.0,35.61000061035156,38.5,18080
2014-10-08,36.62900161743164,36.62900161743164,36.7400016784668,36.29999923706055,36.3650016784668,4140
2014-10-09,38.09600067138672,38.09600067138672,38.83000183105469,36.900001525878906,36.900001525878906,19150
2014-10-10,37.1619987487793,37.1619987487793,37.900001525878906,36.8650016784668,37.900001525878906,8200
2014-10-13,38.08599853515625,38.08599853515625,38.70000076293945,37.15999984741211,37.54999923706055,11000
2014-10-14,38.698001861572266,38.698001861572266,39.00600051879883,37.49100112915039,38.0,24370
2014-10-16,37.91400146484375,37.91400146484375,38.79999923706055,37.220001220703125,38.349998474121094,19530
2014-10-17,37.895999908447266,37.895999908447266,38.29999923706055,37.599998474121094,37.744998931884766,7630
2014-10-20,38.46799850463867,38.46799850463867,38.775001525878906,37.79999923706055,38.5,24800
2014-10-21,40.2599983215332,40.2599983215332,40.5,38.29999923706055,38.29999923706055,49700
2014-10-22,39.948001861572266,39.948001861572266,46.709999084472656,39.599998474121094,42.099998474121094,9210
2014-10-27,40.95899963378906,40.95899963378906,41.0,39.904998779296875,40.499000549316406,28560
2014-10-28,39.875999450683594,39.875999450683594,41.0,39.70000076293945,40.89899826049805,108070
2014-10-29,39.27000045776367,39.27000045776367,40.005001068115234,39.099998474121094,40.0,12150
2014-10-30,39.43299865722656,39.43299865722656,39.790000915527344,39.060001373291016,39.29999923706055,8210
2014-10-31,39.67900085449219,39.67900085449219,40.5,39.20000076293945,39.42499923706055,46670
2014-11-03,41.17100143432617,41.17100143432617,41.400001525878906,39.79999923706055,40.29999923706055,46930
2014-11-05,41.73400115966797,41.73400115966797,41.900001525878906,41.099998474121094,41.099998474121094,39080
2014-11-07,40.79999923706055,40.79999923706055,41.5,40.529998779296875,41.5,7450
2014-11-10,41.678001403808594,41.678001403808594,42.0,41.5,41.5,17000
2014-11-11,41.94300079345703,41.94300079345703,42.09000015258789,41.01499938964844,41.494998931884766,16480
2014-11-12,42.18199920654297,42.18199920654297,42.5,41.415000915527344,41.415000915527344,17850
2014-11-13,41.88999938964844,41.88999938964844,42.4900016784668,41.20000076293945,41.20000076293945,9330
2014-11-14,42.124000549316406,42.124000549316406,42.29800033569336,41.79999923706055,41.79999923706055,6700
2014-11-17,43.426998138427734,43.426998138427734,43.900001525878906,42.099998474121094,42.099998474121094,26230
2014-11-18,43.933998107910156,43.933998107910156,44.5,43.426998138427734,43.494998931884766,22180
2014-11-19,43.638999938964844,43.638999938964844,44.5,43.13999938964844,44.290000915527344,7220
2014-11-20,43.66600036621094,43.66600036621094,44.900001525878906,43.01100158691406,43.20100021362305,4450
2014-11-21,44.645999908447266,44.645999908447266,51.0,43.00199890136719,51.0,4940
2014-11-24,44.83399963378906,44.83399963378906,44.999000549316406,43.1150016784668,44.29999923706055,11560
2014-11-25,43.6349983215332,43.6349983215332,44.29899978637695,42.90999984741211,44.005001068115234,51700
2014-11-26,44.0099983215332,44.0099983215332,44.75,43.20000076293945,43.29999923706055,10920
2014-11-27,43.89799880981445,43.89799880981445,44.4900016784668,43.70500183105469,44.4900016784668,4790
2014-11-28,46.52899932861328,46.52899932861328,47.0,44.5,44.5,197440
2014-12-01,46.930999755859375,46.930999755859375,48.5,46.5,48.5,110140
2014-12-02,46.66899871826172,46.66899871826172,46.79999923706055,45.21500015258789,45.85100173950195,6310
2014-12-03,47.7239990234375,47.7239990234375,47.900001525878906,46.0,46.0,23640
2014-12-04,47.56999969482422,47.56999969482422,50.79999923706055,46.20100021362305,48.2599983215332,66710
2014-12-05,47.513999938964844,47.513999938964844,47.92499923706055,46.5,46.5,223860
2014-12-08,46.453338623046875,46.453338623046875,46.453338623046875,46.453338623046875,46.453338623046875,0
2014-12-09,45.82600021362305,45.82600021362305,46.994998931884766,45.61000061035156,46.5,24310
2014-12-10,47.005001068115234,47.005001068115234,47.20000076293945,45.83000183105469,46.0,96930
2014-12-11,46.250999450683594,46.250999450683594,48.0,46.0,46.29999923706055,139050
2014-12-12,46.32500076293945,46.32500076293945,47.000999450683594,45.81999969482422,47.0,10960
2014-12-15,45.93000030517578,45.93000030517578,46.70000076293945,45.689998626708984,46.0099983215332,15040
2014-12-16,44.05500030517578,44.05500030517578,46.25,43.80500030517578,46.25,34600
2014-12-17,44.52000045776367,44.52000045776367,45.61000061035156,43.025001525878906,44.0,49120
2014-12-18,46.066001892089844,46.066001892089844,46.44900131225586,45.005001068115234,45.71200180053711,6650
2014-12-19,45.43299865722656,45.43299865722656,49.099998474121094,44.9900016784668,49.099998474121094,67310
2014-12-22,46.89400100708008,46.89400100708008,47.275001525878906,45.150001525878906,45.404998779296875,11130
2014-12-23,46.54899978637695,46.54899978637695,48.900001525878906,45.900001525878906,46.744998931884766,38320
2014-12-24,45.60200119018555,45.60200119018555,47.11000061035156,45.5,46.005001068115234,16410
2014-12-26,46.5,46.5,46.68000030517578,45.5,45.5,10310
2014-12-29,46.494998931884766,46.494998931884766,46.9900016784668,45.904998779296875,46.60499954223633,37040
2014-12-30,45.847999572753906,45.847999572753906,46.5,45.5,46.20000076293945,20390
2014-12-31,46.56700134277344,46.56700134277344,46.689998626708984,46.02000045776367,46.02000045776367,11020
2015-01-01,46.95600128173828,46.95600128173828,47.4900016784668,46.54999923706055,46.689998626708984,40250
2015-01-02,47.54600143432617,47.54600143432617,48.900001525878906,46.599998474121094,46.599998474121094,43110
2015-01-05,47.814998626708984,47.814998626708984,49.20000076293945,46.792999267578125,49.20000076293945,39620
2015-01-06,44.93600082397461,44.93600082397461,47.70000076293945,44.70000076293945,47.70000076293945,40080
2015-01-07,45.63199996948242,45.63199996948242,46.499000549316406,44.70000076293945,44.935001373291016,14760
2015-01-08,45.64400100708008,45.64400100708008,46.400001525878906,45.599998474121094,46.400001525878906,7250
2015-01-09,45.24599838256836,45.24599838256836,46.334999084472656,45.005001068115234,46.334999084472656,8540
2015-01-12,45.612998962402344,45.612998962402344,45.9739990234375,45.0,45.599998474121094,19190
2015-01-13,45.874000549316406,45.874000549316406,46.29999923706055,45.755001068115234,46.0,17030
2015-01-14,46.0369987487793,46.0369987487793,46.400001525878906,45.5,46.29499816894531,6330
2015-01-15,47.07699966430664,47.07699966430664,47.790000915527344,46.314998626708984,46.5,242000
2015-01-16,46.797000885009766,46.797000885009766,47.209999084472656,46.51499938964844,46.994998931884766,661890
2015-01-19,47.185001373291016,47.185001373291016,47.599998474121094,46.599998474121094,46.70000076293945,6980
2015-01-20,47.30099868774414,47.30099868774414,47.79399871826172,47.000999450683594,47.5,21160
2015-01-21,48.736000061035156,48.736000061035156,49.0,47.099998474121094,47.099998474121094,574310
2015-01-22,48.04600143432617,48.04600143432617,48.599998474121094,47.54999923706055,48.20000076293945,16450
2015-01-23,46.92300033569336,46.92300033569336,49.099998474121094,46.5,49.095001220703125,31050
2015-01-27,47.051998138427734,47.051998138427734,47.59000015258789,46.349998474121094,46.599998474121094,45910
2015-01-28,48.066001892089844,48.066001892089844,48.20000076293945,46.52000045776367,47.29499816894531,10790
2015-01-29,47.196998596191406,47.196998596191406,48.5,46.79999923706055,48.5,6670
2015-01-30,44.840999603271484,44.840999603271484,47.98699951171875,44.5099983215332,47.98699951171875,54080
2015-02-02,44.345001220703125,44.345001220703125,45.900001525878906,43.70000076293945,44.505001068115234,39950
2015-02-03,42.981998443603516,42.981998443603516,45.5,42.5,44.5099983215332,37750
2015-02-04,42.63800048828125,42.63800048828125,43.979000091552734,42.400001525878906,43.979000091552734,17310
2015-02-05,42.00199890136719,42.00199890136719,43.48699951171875,41.79999923706055,42.61000061035156,21480
2015-02-06,40.534000396728516,40.534000396728516,42.0,39.959999084472656,41.8120002746582,84030
2015-02-09,40.020999908447266,40.020999908447266,41.5,39.79999923706055,41.0,426760
2015-02-10,40.58100128173828,40.58100128173828,41.5,39.619998931884766,40.0,17380
2015-02-11,41.099998474121094,41.099998474121094,41.5,40.5,40.70000076293945,5410
2015-02-12,41.16999816894531,41.16999816894531,41.499000549316406,40.650001525878906,41.400001525878906,7570
2015-02-13,42.13100051879883,42.13100051879883,42.900001525878906,41.22999954223633,41.400001525878906,18700
2015-02-16,42.12300109863281,42.12300109863281,42.79999923706055,41.79999923706055,42.5,14030
2015-02-18,41.959999084472656,41.959999084472656,42.349998474121094,41.79999923706055,41.79999923706055,8130
2015-02-19,41.68199920654297,41.68199920654297,42.900001525878906,41.505001068115234,42.005001068115234,10750
2015-02-20,43.018001556396484,43.018001556396484,43.5,42.17499923706055,42.5,8190
2015-02-23,42.05400085449219,42.05400085449219,43.19900131225586,42.0,43.19900131225586,2890
2015-02-24,40.8129997253418,40.8129997253418,42.89899826049805,40.21500015258789,42.89899826049805,16540
2015-02-25,40.70199966430664,40.70199966430664,42.29999923706055,40.599998474121094,42.29999923706055,48850
2015-02-26,40.25199890136719,40.25199890136719,41.999000549316406,39.20000076293945,41.999000549316406,16220
2015-02-27,41.319000244140625,41.319000244140625,41.60100173950195,40.599998474121094,41.189998626708984,24900
2015-02-28,42.16624069213867,42.16624069213867,42.16624069213867,42.16624069213867,42.16624069213867,0
2015-03-02,41.367000579833984,41.367000579833984,42.66600036621094,41.150001525878906,41.70000076293945,13520
2015-03-03,42.32400131225586,42.32400131225586,42.46500015258789,41.055999755859375,41.685001373291016,29080
2015-03-04,41.95000076293945,41.95000076293945,44.20000076293945,41.150001525878906,42.900001525878906,239290
2015-03-05,41.55799865722656,41.55799865722656,42.189998626708984,41.224998474121094,42.189998626708984,7170
2015-03-09,40.95800018310547,40.95800018310547,41.599998474121094,39.650001525878906,41.0,19550
2015-03-10,40.185001373291016,40.185001373291016,41.47999954223633,40.0,41.47999954223633,3580
2015-03-11,40.0890007019043,40.0890007019043,40.400001525878906,39.439998626708984,40.29999923706055,11540
2015-03-12,40.10300064086914,40.10300064086914,40.79999923706055,39.5,40.185001373291016,26990
2015-03-13,40.016998291015625,40.016998291015625,40.79800033569336,39.91999816894531,40.5099983215332,10090
2015-03-16,39.89799880981445,39.89799880981445,40.0,39.13999938964844,39.29999923706055,6950
2015-03-17,40.051998138427734,40.051998138427734,40.597999572753906,38.9010009765625,40.597999572753906,23870
2015-03-18,40.20000076293945,40.20000076293945,40.8650016784668,39.650001525878906,39.650001525878906,12350
2015-03-19,40.36800003051758,40.36800003051758,40.9900016784668,39.9109992980957,39.9109992980957,8470
2015-03-20,39.48500061035156,39.48500061035156,40.29999923706055,39.20000076293945,40.0,9300
2015-03-23,39.09600067138672,39.09600067138672,39.58700180053711,32.3849983215332,32.3849983215332,5840
2015-03-24,37.573001861572266,37.573001861572266,39.43899917602539,37.0,38.59000015258789,58700
2015-03-25,37.845001220703125,37.845001220703125,38.599998474121094,37.599998474121094,38.59000015258789,5010
2015-03-26,37.560001373291016,37.560001373291016,37.79999923706055,37.400001525878906,37.52000045776367,13870
2015-03-27,37.3120002746582,37.3120002746582,37.89500045776367,36.20000076293945,37.7869987487793,236170
2015-03-30,37.46799850463867,37.46799850463867,38.0,37.01100158691406,38.0,12160
2015-03-31,37.349998474121094,37.349998474121094,38.19900131225586,37.3120002746582,38.19900131225586,5660
2015-04-01,38.42900085449219,38.42900085449219,38.9640007019043,36.529998779296875,37.0099983215332,8790
2015-04-06,38.0359992980957,38.0359992980957,38.97999954223633,37.029998779296875,38.29999923706055,16710
2015-04-07,38.393001556396484,38.393001556396484,38.400001525878906,37.599998474121094,38.39899826049805,56380
2015-04-08,38.19200134277344,38.19200134277344,38.63399887084961,37.902000427246094,38.0,3320
2015-04-09,38.89699935913086,38.89699935913086,39.0,35.869998931884766,38.25,57930
2015-04-10,39.801998138427734,39.801998138427734,40.125,39.29999923706055,39.5,13650
2015-04-13,40.013999938964844,40.013999938964844,40.400001525878906,39.5,39.516998291015625,68210
2015-04-15,40.75,40.75,41.470001220703125,40.29999923706055,40.29999923706055,9130
2015-04-16,40.571998596191406,40.571998596191406,40.86899948120117,40.0099983215332,40.599998474121094,1167850
2015-04-17,41.1510009765625,41.1510009765625,42.29999923706055,40.680999755859375,40.779998779296875,46750
2015-04-20,39.85900115966797,39.85900115966797,41.165000915527344,39.5,40.808998107910156,23970
2015-04-21,40.14099884033203,40.14099884033203,40.47999954223633,39.569000244140625,40.430999755859375,20490
2015-04-22,39.58700180053711,39.58700180053711,40.29999923706055,38.224998474121094,39.5,47630
2015-04-23,39.02399826049805,39.02399826049805,40.099998474121094,38.415000915527344,40.099998474121094,154680
2015-04-24,38.69200134277344,38.69200134277344,39.33700180053711,38.60200119018555,39.33000183105469,950
2015-04-27,37.90399932861328,37.90399932861328,38.3849983215332,37.79999923706055,38.31399917602539,43250
2015-04-28,38.14099884033203,38.14099884033203,38.45000076293945,37.5,37.70000076293945,6800
2015-04-29,38.00299835205078,38.00299835205078,38.38999938964844,37.92100143432617,38.25,2830
2015-04-30,38.124000549316406,38.124000549316406,38.29999923706055,37.2400016784668,38.29999923706055,10980
2015-05-04,39.08300018310547,39.08300018310547,39.375999450683594,38.38199996948242,38.494998931884766,16000
2015-05-05,38.70100021362305,38.70100021362305,39.24399948120117,38.54999923706055,39.19499969482422,1340
2015-05-06,37.465999603271484,37.465999603271484,39.0,37.375,38.70500183105469,27910
2015-05-07,36.3849983215332,36.3849983215332,37.5,36.26499938964844,37.5,8530
2015-05-08,36.42599868774414,36.42599868774414,37.20000076293945,35.79499816894531,37.0,23280
2015-05-11,38.25400161743164,38.25400161743164,38.34000015258789,37.29499816894531,37.29999923706055,15270
2015-05-12,36.935001373291016,36.935001373291016,38.69900131225586,36.5,38.29999923706055,14870
2015-05-13,38.415000915527344,38.415000915527344,38.4900016784668,37.25,37.5,3890
2015-05-14,38.72600173950195,38.72600173950195,38.9900016784668,38.0099983215332,38.0099983215332,6250
2015-05-15,39.000999450683594,39.000999450683594,39.150001525878906,38.8120002746582,38.8120002746582,4620
2015-05-18,39.400001525878906,39.400001525878906,39.4900016784668,39.005001068115234,39.005001068115234,3530
2015-05-19,39.02199935913086,39.02199935913086,39.89799880981445,38.81999969482422,39.4900016784668,24200
2015-05-20,39.62300109863281,39.62300109863281,39.79999923706055,39.25,39.25,4350
2015-05-21,39.20000076293945,39.20000076293945,39.494998931884766,38.79999923706055,39.20500183105469,8080
2015-05-22,38.74399948120117,38.74399948120117,40.70000076293945,38.20000076293945,39.36600112915039,13150
2015-05-25,38.29100036621094,38.29100036621094,38.79999923706055,38.28200149536133,38.79999923706055,19420
2015-05-26,38.21099853515625,38.21099853515625,38.62300109863281,38.20000076293945,38.62300109863281,7600
2015-05-27,38.643001556396484,38.643001556396484,38.79800033569336,38.5989990234375,38.70000076293945,9550
2015-05-28,38.52000045776367,38.52000045776367,39.0,38.29999923706055,38.79800033569336,16590
2015-05-29,38.928001403808594,38.928001403808594,39.14500045776367,38.42499923706055,38.70000076293945,26150
2015-06-01,39.347999572753906,39.347999572753906,39.9900016784668,37.619998931884766,39.9900016784668,151810
2015-06-02,37.44499969482422,37.44499969482422,39.185001373291016,37.07099914550781,39.16999816894531,18370
2015-06-03,36.604000091552734,36.604000091552734,37.6349983215332,36.0,37.6349983215332,13920
2015-06-04,36.48099899291992,36.48099899291992,36.96500015258789,36.099998474121094,36.654998779296875,11700
2015-06-05,36.01599884033203,36.01599884033203,36.900001525878906,35.79999923706055,36.268001556396484,10130
2015-06-08,35.71699905395508,35.71699905395508,36.400001525878906,34.869998931884766,36.000999450683594,27800
2015-06-09,35.64500045776367,35.64500045776367,36.409000396728516,35.1879997253418,35.79999923706055,7980
2015-06-10,35.96799850463867,35.96799850463867,36.95000076293945,35.56999969482422,36.198001861572266,14590
2015-06-11,35.404998779296875,35.404998779296875,36.0,34.79999923706055,35.92499923706055,14940
2015-06-12,35.06800079345703,35.06800079345703,35.400001525878906,34.604000091552734,35.099998474121094,9680
2015-06-15,34.94900131225586,34.94900131225586,35.970001220703125,34.18000030517578,34.79999923706055,11470
2015-06-16,35.07400131225586,35.07400131225586,35.09299850463867,34.525001525878906,34.599998474121094,3590
2015-06-17,35.1879997253418,35.1879997253418,35.41299819946289,35.05500030517578,35.09000015258789,6840
2015-06-18,35.15599822998047,35.15599822998047,35.599998474121094,34.90299987792969,35.29999923706055,3990
2015-06-19,35.599998474121094,35.599998474121094,35.73899841308594,35.0,35.494998931884766,4430
2015-06-22,36.672000885009766,36.672000885009766,37.029998779296875,35.099998474121094,37.029998779296875,13400
2015-06-23,36.8650016784668,36.8650016784668,37.400001525878906,36.2400016784668,37.2400016784668,14690
2015-06-24,36.29100036621094,36.29100036621094,36.95000076293945,36.099998474121094,36.5,9520
2015-06-25,36.400001525878906,36.400001525878906,36.49300003051758,35.814998626708984,36.29999923706055,4680
2015-06-26,36.37200164794922,36.37200164794922,36.42599868774414,35.79999923706055,36.29999923706055,7550
2015-06-29,35.69200134277344,35.69200134277344,35.994998931884766,35.0099983215332,35.994998931884766,13140
2015-06-30,35.72600173950195,35.72600173950195,35.803001403808594,35.47600173950195,35.79800033569336,6390
2015-07-01,36.82500076293945,36.82500076293945,37.07099914550781,35.810001373291016,36.0,26130
2015-07-02,36.70000076293945,36.70000076293945,37.25899887084961,36.70000076293945,37.0,20770
2015-07-03,36.74399948120117,36.74399948120117,36.974998474121094,36.525001525878906,36.974998474121094,700
2015-07-06,36.972999572753906,36.972999572753906,37.209999084472656,36.099998474121094,36.599998474121094,3290
2015-07-07,37.2239990234375,37.2239990234375,37.54999923706055,37.130001068115234,37.29999923706055,18290
2015-07-08,36.75,36.75,37.220001220703125,36.5,36.900001525878906,3080
2015-07-09,37.19300079345703,37.19300079345703,37.29999923706055,36.75,37.099998474121094,3900
2015-07-10,37.39899826049805,37.39899826049805,37.400001525878906,36.900001525878906,37.29999923706055,3460
2015-07-13,37.435001373291016,37.435001373291016,37.698001861572266,36.95000076293945,37.5,6070
2015-07-14,37.189998626708984,37.189998626708984,37.608001708984375,37.0099983215332,37.5989990234375,2020
2015-07-15,37.25,37.25,37.742000579833984,37.25,37.29999923706055,12140
2015-07-16,37.62200164794922,37.62200164794922,37.819000244140625,37.25199890136719,37.25199890136719,6830
2015-07-17,37.2400016784668,37.2400016784668,37.83100128173828,37.23099899291992,37.70000076293945,2900
2015-07-20,36.624000549316406,36.624000549316406,37.29999923706055,36.029998779296875,37.29999923706055,8270
2015-07-21,36.33700180053711,36.33700180053711,37.099998474121094,36.029998779296875,37.099998474121094,4910
2015-07-22,36.83599853515625,36.83599853515625,36.92300033569336,36.125,36.29999923706055,8770
2015-07-23,37.0,37.0,37.099998474121094,36.5,36.900001525878906,6860
2015-07-24,36.21099853515625,36.21099853515625,36.92599868774414,35.891998291015625,36.92599868774414,9650
2015-07-27,35.70399856567383,35.70399856567383,36.17499923706055,35.54999923706055,36.12699890136719,2250
2015-07-28,35.68299865722656,35.68299865722656,36.19499969482422,35.54999923706055,35.79999923706055,8490
2015-07-29,35.08000183105469,35.08000183105469,35.78099822998047,35.0,35.78099822998047,8710
2015-07-30,35.999000549316406,35.999000549316406,36.2760009765625,35.36899948120117,35.400001525878906,7910
2015-07-31,37.98099899291992,37.98099899291992,38.16999816894531,36.29999923706055,36.29999923706055,13660
2015-08-03,38.96900177001953,38.96900177001953,39.79999923706055,37.650001525878906,38.29999923706055,41800
2015-08-04,40.38399887084961,40.38399887084961,40.45800018310547,38.599998474121094,39.39699935913086,29190
2015-08-05,40.26300048828125,40.26300048828125,40.73500061035156,39.540000915527344,40.38100051879883,23360
2015-08-06,40.321998596191406,40.321998596191406,40.599998474121094,39.77000045776367,40.0,22470
2015-08-07,39.98699951171875,39.98699951171875,40.73500061035156,39.79999923706055,40.72999954223633,13110
2015-08-10,39.92399978637695,39.92399978637695,40.395999908447266,39.82500076293945,39.900001525878906,54850
2015-08-11,38.33599853515625,38.33599853515625,40.290000915527344,37.981998443603516,40.0,10160
2015-08-12,36.96699905395508,36.96699905395508,38.025001525878906,36.900001525878906,38.0,9070
2015-08-13,36.89799880981445,36.89799880981445,37.85900115966797,36.86600112915039,37.70000076293945,7090
2015-08-14,38.72100067138672,38.72100067138672,38.87099838256836,37.20000076293945,37.28099822998047,23640
2015-08-17,40.78099822998047,40.78099822998047,40.96099853515625,38.73500061035156,40.0,86750
2015-08-18,41.18199920654297,41.18199920654297,41.78900146484375,40.0,40.0,16810
2015-08-19,40.53099822998047,40.53099822998047,41.19900131225586,40.125999450683594,40.9010009765625,49050
2015-08-20,39.112998962402344,39.112998962402344,40.64899826049805,38.71500015258789,40.29999923706055,15670
2015-08-21,38.58700180053711,38.58700180053711,38.62200164794922,37.79999923706055,37.79999923706055,20230
2015-08-24,35.53200149536133,35.53200149536133,37.59000015258789,35.125,37.59000015258789,30620
2015-08-25,35.75,35.75,38.20000076293945,34.29999923706055,38.20000076293945,25090
2015-08-26,35.150001525878906,35.150001525878906,36.099998474121094,34.810001373291016,35.97999954223633,12550
2015-08-27,36.099998474121094,36.099998474121094,36.143001556396484,35.5,35.875999450683594,6610
2015-08-28,35.722999572753906,35.722999572753906,36.935001373291016,35.400001525878906,36.70000076293945,12860
2015-08-31,35.5,35.5,36.38999938964844,35.5,35.858001708984375,800
2015-09-01,34.21200180053711,34.21200180053711,35.29999923706055,34.0,35.29999923706055,18940
2015-09-02,33.08599853515625,33.08599853515625,34.5,32.900001525878906,34.5,76050
2015-09-03,33.38399887084961,33.38399887084961,33.492000579833984,32.900001525878906,33.492000579833984,25130
2015-09-04,32.404998779296875,32.404998779296875,33.38399887084961,32.0,33.38399887084961,21580
2015-09-07,32.00899887084961,32.00899887084961,33.0,31.950000762939453,32.999000549316406,21160
2015-09-08,32.73400115966797,32.73400115966797,33.250999450683594,32.060001373291016,32.25,25220
2015-09-09,33.49100112915039,33.49100112915039,33.702999114990234,33.12699890136719,33.599998474121094,18250
2015-09-10,32.94599914550781,32.94599914550781,33.18000030517578,32.400001525878906,33.0,20740
2015-09-11,33.43199920654297,33.43199920654297,33.632999420166016,33.04399871826172,33.18000030517578,5240
2015-09-14,33.900001525878906,33.900001525878906,33.900001525878906,32.540000915527344,33.0,31420
2015-09-15,33.696998596191406,33.696998596191406,34.900001525878906,33.68000030517578,34.20000076293945,21370
2015-09-16,34.0,34.0,34.22800064086914,33.7760009765625,34.22800064086914,720
2015-09-18,35.06700134277344,35.06700134277344,35.63999938964844,34.400001525878906,34.400001525878906,23800
2015-09-21,35.56399917602539,35.56399917602539,35.59600067138672,34.91400146484375,35.0,15090
2015-09-22,34.349998474121094,34.349998474121094,35.691001892089844,34.323001861572266,35.691001892089844,15470
2015-09-23,34.900001525878906,34.900001525878906,34.900001525878906,33.91600036621094,34.303001403808594,1090
2015-09-24,34.821998596191406,34.821998596191406,35.33100128173828,34.301998138427734,35.33100128173828,31540
2015-09-28,34.60200119018555,34.60200119018555,36.209999084472656,34.560001373291016,35.38999938964844,13160
2015-09-29,34.88600158691406,34.88600158691406,35.571998596191406,33.90999984741211,34.5,6920
2015-09-30,34.00199890136719,34.00199890136719,35.58000183105469,33.584999084472656,35.58000183105469,36640
2015-10-01,33.874000549316406,33.874000549316406,34.79999923706055,33.84199905395508,34.5,11840
2015-10-05,34.70800018310547,34.70800018310547,34.939998626708984,33.869998931884766,33.869998931884766,14920
2015-10-06,35.09000015258789,35.09000015258789,35.150001525878906,34.527000427246094,34.95000076293945,4300
2015-10-07,35.29999923706055,35.29999923706055,35.499000549316406,35.13999938964844,35.4900016784668,960
2015-10-08,35.31100082397461,35.31100082397461,35.900001525878906,35.018001556396484,35.29999923706055,28150
2015-10-09,35.4010009765625,35.4010009765625,36.132999420166016,35.04999923706055,35.68600082397461,9120
2015-10-12,35.005001068115234,35.005001068115234,35.900001525878906,35.0,35.900001525878906,3370
2015-10-13,35.055999755859375,35.055999755859375,35.400001525878906,35.0,35.38999938964844,2370
2015-10-14,35.13399887084961,35.13399887084961,35.38999938964844,35.0,35.099998474121094,1000
2015-10-15,35.5,35.5,35.624000549316406,35.27799987792969,35.33000183105469,7430
2015-10-16,35.987998962402344,35.987998962402344,36.13800048828125,35.268001556396484,35.487998962402344,4430
2015-10-19,35.801998138427734,35.801998138427734,36.01300048828125,35.70000076293945,36.01300048828125,59100
2015-10-20,36.03499984741211,36.03499984741211,36.483001708984375,35.933998107910156,36.099998474121094,6010
2015-10-21,35.24100112915039,35.24100112915039,36.0,34.8650016784668,35.90999984741211,21280
2015-10-23,35.58100128173828,35.58100128173828,35.900001525878906,35.20000076293945,35.20000076293945,7960
2015-10-26,35.5,35.5,35.819000244140625,35.5,35.722999572753906,900
2015-10-27,35.25299835205078,35.25299835205078,35.57500076293945,35.06999969482422,35.5,830
2015-10-28,34.404998779296875,34.404998779296875,35.189998626708984,34.29999923706055,34.599998474121094,14060
2015-10-29,33.733001708984375,33.733001708984375,34.391998291015625,33.6150016784668,34.29999923706055,5340
2015-10-30,33.69499969482422,33.69499969482422,34.20000076293945,33.17300033569336,33.85300064086914,6450
2015-11-02,33.53099822998047,33.53099822998047,33.94300079345703,32.922000885009766,33.70899963378906,15970
2015-11-03,33.75,33.75,34.099998474121094,33.70000076293945,34.0,440
2015-11-04,33.946998596191406,33.946998596191406,34.24599838256836,33.840999603271484,34.0,1340
2015-11-05,33.43299865722656,33.43299865722656,33.94900131225586,33.20000076293945,33.900001525878906,18830
2015-11-06,34.13800048828125,34.13800048828125,34.5,33.0,33.20000076293945,54300
2015-11-09,34.92599868774414,34.92599868774414,35.0,32.310001373291016,32.310001373291016,11890
2015-11-10,34.44200134277344,34.44200134277344,35.0,34.06800079345703,34.900001525878906,3670
2015-11-13,34.275001525878906,34.275001525878906,34.595001220703125,34.0,34.59199905395508,5920
2015-11-16,35.20000076293945,35.20000076293945,35.2400016784668,34.24599838256836,34.361000061035156,12130
2015-11-17,35.03300094604492,35.03300094604492,35.5,35.012001037597656,35.2859992980957,2700
2015-11-18,34.03499984741211,34.03499984741211,35.29800033569336,34.0,35.29800033569336,1720
2015-11-19,34.347999572753906,34.347999572753906,34.62300109863281,34.20399856567383,34.59299850463867,460
2015-11-20,34.689998626708984,34.689998626708984,35.14500045776367,34.334999084472656,34.5989990234375,4600
2015-11-23,34.54899978637695,34.54899978637695,34.82500076293945,34.229000091552734,34.78499984741211,4630
2015-11-24,34.20000076293945,34.20000076293945,34.650001525878906,34.20000076293945,34.650001525878906,300
2015-11-26,34.5,34.5,34.62799835205078,34.400001525878906,34.542999267578125,480
2015-11-27,35.433998107910156,35.433998107910156,35.56999969482422,34.71200180053711,34.95000076293945,14130
2015-11-30,35.97700119018555,35.97700119018555,35.99700164794922,35.5,35.5,7970
2015-12-01,35.70000076293945,35.70000076293945,35.9900016784668,35.60200119018555,35.9900016784668,5380
2015-12-02,35.0,35.0,35.645999908447266,34.83300018310547,35.645999908447266,1750
2015-12-03,34.39099884033203,34.39099884033203,34.81700134277344,34.310001373291016,34.81700134277344,1450
2015-12-04,34.185001373291016,34.185001373291016,34.32500076293945,33.959999084472656,34.2140007019043,4730
2015-12-07,33.95000076293945,33.95000076293945,34.45000076293945,33.810001373291016,34.45000076293945,14120
2015-12-08,33.43000030517578,33.43000030517578,33.900001525878906,33.400001525878906,33.900001525878906,6140
2015-12-09,32.880001068115234,32.880001068115234,33.9900016784668,32.79999923706055,33.9900016784668,11780
2015-12-10,32.8129997253418,32.8129997253418,33.36199951171875,32.59000015258789,33.36199951171875,18190
2015-12-11,32.04499816894531,32.04499816894531,33.15599822998047,31.700000762939453,32.54999923706055,19780
2015-12-14,32.06399917602539,32.06399917602539,32.20000076293945,31.774999618530273,31.899999618530273,5660
2015-12-15,32.077999114990234,32.077999114990234,32.16299819946289,31.5,32.099998474121094,9670
2015-12-16,32.16999816894531,32.16999816894531,32.82400131225586,32.01599884033203,32.016998291015625,45350
2015-12-17,32.63100051879883,32.63100051879883,32.72200012207031,32.29999923706055,32.4010009765625,2460
2015-12-18,32.35900115966797,32.35900115966797,32.75,32.255001068115234,32.599998474121094,9010
2015-12-21,32.39899826049805,32.39899826049805,32.599998474121094,31.799999237060547,32.0,42580
2015-12-22,32.297000885009766,32.297000885009766,32.654998779296875,32.20000076293945,32.654998779296875,37460
2015-12-23,32.29600143432617,32.29600143432617,32.5,32.23500061035156,32.5,7330
2015-12-24,32.11199951171875,32.11199951171875,32.400001525878906,32.099998474121094,32.400001525878906,3120
2015-12-28,32.31999969482422,32.31999969482422,32.52000045776367,32.20500183105469,32.25,6900
2015-12-29,32.12900161743164,32.12900161743164,32.45000076293945,32.119998931884766,32.275001525878906,9870
2015-12-30,31.95599937438965,31.95599937438965,32.297000885009766,31.85099983215332,32.25,23300
2015-12-31,31.827999114990234,31.827999114990234,32.0,31.743000030517578,32.0,20160
2016-01-01,31.899999618530273,31.899999618530273,32.0,31.649999618530273,32.0,2490
2016-01-04,31.22100067138672,31.22100067138672,32.04100036621094,31.200000762939453,32.01900100708008,26460
2016-01-05,30.823999404907227,30.823999404907227,31.246000289916992,30.6200008392334,31.235000610351562,20360
2016-01-06,30.68000030517578,30.68000030517578,31.128000259399414,30.649999618530273,31.020000457763672,8630
2016-01-07,29.538000106811523,29.538000106811523,30.56999969482422,29.40999984741211,30.56999969482422,67260
2016-01-08,29.486000061035156,29.486000061035156,29.66200065612793,29.450000762939453,29.5,26960
2016-01-11,28.926000595092773,28.926000595092773,29.600000381469727,28.61400032043457,29.600000381469727,45430
2016-01-12,28.145999908447266,28.145999908447266,29.100000381469727,28.024999618530273,29.100000381469727,116010
2016-01-13,27.733999252319336,27.733999252319336,28.336999893188477,27.020000457763672,27.889999389648438,21570
2016-01-14,27.128000259399414,27.128000259399414,27.649999618530273,27.0,27.010000228881836,44820
2016-01-15,25.73699951171875,25.73699951171875,27.399999618530273,25.600000381469727,27.399999618530273,63760
2016-01-18,25.3439998626709,25.3439998626709,26.090999603271484,25.104999542236328,25.809999465942383,46380
2016-01-19,25.643999099731445,25.643999099731445,26.100000381469727,25.441999435424805,25.593000411987305,78340
2016-01-20,24.441999435424805,24.441999435424805,25.200000762939453,24.100000381469727,25.200000762939453,151540
2016-01-21,24.562000274658203,24.562000274658203,25.0,24.165000915527344,24.93000030517578,31230
2016-01-22,26.047000885009766,26.047000885009766,26.09000015258789,25.0,25.0,71740
2016-01-25,25.61400032043457,25.61400032043457,26.489999771118164,25.549999237060547,26.48900032043457,25950
2016-01-27,26.03499984741211,26.03499984741211,26.200000762939453,25.445999145507812,25.618999481201172,6090
2016-01-28,25.809999465942383,25.809999465942383,26.0049991607666,25.586999893188477,26.0049991607666,12840
2016-01-29,25.46299934387207,25.46299934387207,25.549999237060547,25.049999237060547,25.5,7090
2016-02-01,24.43899917602539,24.43899917602539,25.32200050354004,24.417999267578125,25.2450008392334,39640
2016-02-02,24.246999740600586,24.246999740600586,25.209999084472656,24.200000762939453,24.459999084472656,14210
2016-02-03,23.507999420166016,23.507999420166016,24.399999618530273,23.46500015258789,24.299999237060547,38430
2016-02-04,23.545000076293945,23.545000076293945,24.200000762939453,23.229999542236328,23.979999542236328,37380
2016-02-05,24.35099983215332,24.35099983215332,24.400999069213867,23.541000366210938,23.8799991607666,126120
2016-02-08,24.94499969482422,24.94499969482422,25.63800048828125,24.5,24.5,13810
2016-02-09,24.083999633789062,24.083999633789062,25.020999908447266,23.954999923706055,24.481000900268555,257400
2016-02-10,22.843000411987305,22.843000411987305,23.809999465942383,22.700000762939453,23.809999465942383,70370
2016-02-11,22.08099937438965,22.08099937438965,23.200000762939453,21.790000915527344,23.0,84890
2016-02-12,21.756000518798828,21.756000518798828,22.5,21.070999145507812,22.5,149520
2016-02-15,23.858999252319336,23.858999252319336,24.100000381469727,22.549999237060547,22.579999923706055,63220
2016-02-16,22.525999069213867,22.525999069213867,24.100000381469727,22.339000701904297,24.100000381469727,50590
2016-02-17,22.906999588012695,22.906999588012695,23.1560001373291,21.801000595092773,22.0,40010
2016-02-18,23.527000427246094,23.527000427246094,23.93000030517578,22.700000762939453,23.3799991607666,25960
2016-02-19,23.683000564575195,23.683000564575195,23.70400047302246,23.180999755859375,23.180999755859375,6450
2016-02-22,23.500999450683594,23.500999450683594,23.899999618530273,23.0,23.0,10650
2016-02-23,22.711000442504883,22.711000442504883,23.472000122070312,22.549999237060547,23.440000534057617,15900
2016-02-24,22.634000778198242,22.634000778198242,23.309999465942383,22.415000915527344,22.5,11140
2016-02-25,22.253000259399414,22.253000259399414,22.999000549316406,22.110000610351562,22.731000900268555,67470
2016-02-26,22.5,22.5,22.700000762939453,22.229000091552734,22.364999771118164,32240
2016-02-29,22.608999252319336,22.608999252319336,23.5,21.899999618530273,22.826000213623047,148270
2016-03-01,23.2810001373291,23.2810001373291,23.319000244140625,22.85300064086914,22.89900016784668,10440
2016-03-02,25.638999938964844,25.638999938964844,26.399999618530273,24.209999084472656,24.209999084472656,353900
2016-03-03,25.486000061035156,25.486000061035156,25.9950008392334,25.0,25.9950008392334,75800
2016-03-04,26.312000274658203,26.312000274658203,26.591999053955078,24.0,24.5,52020
2016-03-08,25.72100067138672,25.72100067138672,26.5,25.64299964904785,26.5,26480
2016-03-09,25.729999542236328,25.729999542236328,26.0,25.299999237060547,25.5,8020
2016-03-10,25.392000198364258,25.392000198364258,26.499000549316406,25.246999740600586,26.0,18580
2016-03-11,25.413000106811523,25.413000106811523,25.68199920654297,25.070999145507812,25.399999618530273,6160
2016-03-14,25.450000762939453,25.450000762939453,25.850000381469727,25.44499969482422,25.658000946044922,8140
2016-03-15,25.895999908447266,25.895999908447266,26.0,25.71299934387207,25.71299934387207,12620
2016-03-16,26.113000869750977,26.113000869750977,26.124000549316406,25.56599998474121,25.972000122070312,20720
2016-03-17,26.118000030517578,26.118000030517578,26.5,26.0049991607666,26.499000549316406,10800
2016-03-18,26.57900047302246,26.57900047302246,26.649999618530273,26.113000869750977,26.113000869750977,25060
2016-03-21,27.26300048828125,27.26300048828125,27.299999237060547,26.83099937438965,26.83099937438965,12010
2016-03-22,27.222000122070312,27.222000122070312,27.489999771118164,27.038000106811523,27.479999542236328,5930
2016-03-23,27.034000396728516,27.034000396728516,27.200000762939453,26.937000274658203,27.0,7900
2016-03-28,26.621999740600586,26.621999740600586,27.329999923706055,26.0,27.145000457763672,13020
2016-03-29,26.364999771118164,26.364999771118164,26.6200008392334,26.058000564575195,26.200000762939453,12220
2016-03-30,27.2450008392334,27.2450008392334,27.450000762939453,26.299999237060547,26.613000869750977,30230
2016-03-31,27.011999130249023,27.011999130249023,27.468000411987305,26.968000411987305,26.968000411987305,14970
2016-04-01,27.575000762939453,27.575000762939453,27.781999588012695,27.05299949645996,27.19499969482422,18990
2016-04-04,27.19300079345703,27.19300079345703,28.198999404907227,27.0049991607666,27.799999237060547,15740
2016-04-05,26.187000274658203,26.187000274658203,27.416000366210938,26.049999237060547,27.238000869750977,30290
2016-04-06,26.038999557495117,26.038999557495117,26.246000289916992,25.81999969482422,26.167999267578125,9200
2016-04-07,25.812000274658203,25.812000274658203,26.09000015258789,25.51099967956543,26.0,8100
2016-04-08,25.80500030517578,25.80500030517578,25.996999740600586,25.69499969482422,25.799999237060547,690
2016-04-11,26.540000915527344,26.540000915527344,26.704999923706055,25.863000869750977,25.902000427246094,2730
2016-04-12,26.45199966430664,26.45199966430664,26.91900062561035,26.299999237060547,26.5,9370
2016-04-13,27.194000244140625,27.194000244140625,27.42300033569336,26.700000762939453,26.700000762939453,16880
2016-04-18,26.56100082397461,26.56100082397461,27.200000762939453,26.365999221801758,27.200000762939453,5620
2016-04-20,26.875,26.875,26.889999389648438,26.299999237060547,26.698999404907227,14110
2016-04-21,27.625999450683594,27.625999450683594,28.0,27.0,27.0,38590
2016-04-22,28.226999282836914,28.226999282836914,28.499000549316406,27.3439998626709,27.374000549316406,35330
2016-04-25,28.000999450683594,28.000999450683594,28.5,27.84000015258789,28.33799934387207,11060
2016-04-26,28.341999053955078,28.341999053955078,28.3799991607666,27.790000915527344,27.790000915527344,5390
2016-04-27,28.10300064086914,28.10300064086914,28.444000244140625,28.000999450683594,28.42300033569336,11070
2016-04-28,27.333999633789062,27.333999633789062,28.301000595092773,27.266000747680664,28.246000289916992,9560
2016-04-29,27.288999557495117,27.288999557495117,27.86400032043457,26.799999237060547,27.799999237060547,101850
2016-05-02,26.808000564575195,26.808000564575195,27.399999618530273,26.700000762939453,27.39900016784668,44310
2016-05-03,26.363000869750977,26.363000869750977,27.399999618530273,26.363000869750977,27.385000228881836,15560
2016-05-04,25.72599983215332,25.72599983215332,26.42799949645996,25.520000457763672,26.2810001373291,25490
2016-05-05,25.799999237060547,25.799999237060547,25.86400032043457,25.600000381469727,25.700000762939453,9900
2016-05-06,25.933000564575195,25.933000564575195,26.132999420166016,25.871999740600586,25.94499969482422,6390
2016-05-09,26.57200050354004,26.57200050354004,26.886999130249023,26.0,26.0,4830
2016-05-10,26.799999237060547,26.799999237060547,26.999000549316406,26.381999969482422,26.698999404907227,2830
2016-05-11,26.336999893188477,26.336999893188477,26.687000274658203,25.649999618530273,26.385000228881836,9930
2016-05-12,26.520000457763672,26.520000457763672,26.643999099731445,26.413000106811523,26.643999099731445,360
2016-05-13,26.18000030517578,26.18000030517578,26.450000762939453,25.966999053955078,26.299999237060547,23150
2016-05-16,24.857999801635742,24.857999801635742,25.600000381469727,24.514999389648438,25.600000381469727,67820
2016-05-17,24.79599952697754,24.79599952697754,25.099000930786133,24.600000381469727,25.099000930786133,39370
2016-05-18,25.264999389648438,25.264999389648438,25.332000732421875,24.03499984741211,24.600000381469727,20970
2016-05-19,24.43199920654297,24.43199920654297,25.34000015258789,24.395000457763672,24.916000366210938,23550
2016-05-20,24.280000686645508,24.280000686645508,24.47599983215332,24.1200008392334,24.299999237060547,17010
2016-05-23,23.825000762939453,23.825000762939453,24.257999420166016,23.809999465942383,24.257999420166016,13050
2016-05-24,23.71500015258789,23.71500015258789,24.52899932861328,23.5,23.77899932861328,38980
2016-05-25,24.459999084472656,24.459999084472656,24.641000747680664,23.700000762939453,23.700000762939453,61670
2016-05-26,25.2450008392334,25.2450008392334,25.440000534057617,24.458999633789062,24.458999633789062,12060
2016-05-27,26.694000244140625,26.694000244140625,27.100000381469727,25.236000061035156,25.408000946044922,99810
2016-05-30,26.55699920654297,26.55699920654297,27.200000762939453,26.350000381469727,26.700000762939453,208170
2016-05-31,27.54199981689453,27.54199981689453,27.775999069213867,26.399999618530273,26.58099937438965,148790
2016-06-01,26.607999801635742,26.607999801635742,27.979999542236328,26.540000915527344,27.788999557495117,70810
2016-06-02,27.1560001373291,27.1560001373291,27.299999237060547,26.611000061035156,26.749000549316406,6680
2016-06-03,26.770000457763672,26.770000457763672,28.790000915527344,26.700000762939453,28.239999771118164,16000
2016-06-06,27.11400032043457,27.11400032043457,27.34000015258789,27.020000457763672,27.100000381469727,22970
2016-06-07,28.048999786376953,28.048999786376953,28.229000091552734,27.39900016784668,27.558000564575195,64020
2016-06-08,28.43899917602539,28.43899917602539,28.665000915527344,27.840999603271484,28.204999923706055,30080
2016-06-09,28.599000930786133,28.599000930786133,28.961000442504883,28.21500015258789,28.58300018310547,35540
2016-06-10,28.21500015258789,28.21500015258789,28.799999237060547,27.92099952697754,28.599000930786133,11480
2016-06-13,27.601999282836914,27.601999282836914,28.0,27.450000762939453,27.65999984741211,11350
2016-06-14,28.67799949645996,28.67799949645996,28.969999313354492,27.600000381469727,27.600000381469727,19650
2016-06-15,29.183000564575195,29.183000564575195,29.635000228881836,28.700000762939453,28.75,163110
2016-06-16,29.48900032043457,29.48900032043457,29.729000091552734,28.899999618530273,29.25,94500
2016-06-17,29.450000762939453,29.450000762939453,29.826000213623047,29.118999481201172,29.770000457763672,22330
2016-06-20,29.738000869750977,29.738000869750977,29.867000579833984,28.645999908447266,28.645999908447266,20460
2016-06-21,29.552000045776367,29.552000045776367,29.926000595092773,29.5310001373291,29.76799964904785,30250
2016-06-22,29.2189998626709,29.2189998626709,29.989999771118164,29.076000213623047,29.500999450683594,39960
2016-06-23,29.738000869750977,29.738000869750977,30.132999420166016,29.240999221801758,29.29599952697754,21840
2016-06-24,29.17799949645996,29.17799949645996,29.302000045776367,28.049999237060547,29.0,75870
2016-06-27,29.966999053955078,29.966999053955078,30.219999313354492,29.5,29.599000930786133,14660
2016-06-28,29.86199951171875,29.86199951171875,30.865999221801758,29.78700065612793,30.865999221801758,18940
2016-06-29,30.038999557495117,30.038999557495117,30.260000228881836,30.0,30.100000381469727,17310
2016-06-30,30.492000579833984,30.492000579833984,30.874000549316406,30.209999084472656,30.600000381469727,49660
2016-07-01,30.579999923706055,30.579999923706055,30.899999618530273,30.25,30.89900016784668,8710
2016-07-04,31.32900047302246,31.32900047302246,31.57200050354004,30.631000518798828,30.649999618530273,29290
2016-07-05,31.496000289916992,31.496000289916992,31.799999237060547,31.187999725341797,31.5,50380
2016-07-07,31.277000427246094,31.277000427246094,31.8799991607666,30.799999237060547,30.799999237060547,12380
2016-07-08,30.75200080871582,30.75200080871582,31.0,30.520000457763672,31.0,9500
2016-07-11,31.96299934387207,31.96299934387207,32.24399948120117,30.700000762939453,30.700000762939453,58540
2016-07-12,32.06999969482422,32.06999969482422,32.45000076293945,31.5,32.400001525878906,34230
2016-07-13,31.920000076293945,31.920000076293945,33.9900016784668,31.700000762939453,33.349998474121094,19150
2016-07-14,32.83000183105469,32.83000183105469,33.150001525878906,32.0,32.0,33260
2016-07-15,32.95800018310547,32.95800018310547,33.400001525878906,32.79999923706055,32.79999923706055,25210
2016-07-18,32.361000061035156,32.361000061035156,33.33700180053711,32.2599983215332,33.196998596191406,19070
2016-07-19,32.202999114990234,32.202999114990234,32.89899826049805,31.899999618530273,32.10100173950195,29670
2016-07-20,32.29800033569336,32.29800033569336,32.73899841308594,32.27199935913086,32.5,25290
2016-07-21,31.690000534057617,31.690000534057617,32.5,31.559999465942383,32.5,27720
2016-07-22,31.299999237060547,31.299999237060547,31.43400001525879,31.000999450683594,31.155000686645508,5630
2016-07-25,32.198001861572266,32.198001861572266,32.39899826049805,31.399999618530273,31.399999618530273,8370
2016-07-26,32.0629997253418,32.0629997253418,32.79999923706055,31.815000534057617,32.49399948120117,5140
2016-07-27,32.20000076293945,32.20000076293945,32.61000061035156,31.805999755859375,32.46699905395508,36250
2016-07-28,32.29999923706055,32.29999923706055,32.75,32.150001525878906,32.150001525878906,28730
2016-07-29,31.975000381469727,31.975000381469727,32.35900115966797,31.915000915527344,31.916000366210938,19260
2016-08-01,31.34600067138672,31.34600067138672,32.400001525878906,31.082000732421875,31.799999237060547,69440
2016-08-02,31.517000198364258,31.517000198364258,32.0,31.393999099731445,31.64299964904785,12550
2016-08-03,31.492000579833984,31.492000579833984,32.055999755859375,31.299999237060547,31.950000762939453,6690
2016-08-04,31.73699951171875,31.73699951171875,31.891000747680664,30.996999740600586,31.000999450683594,7340
2016-08-05,32.38600158691406,32.38600158691406,32.599998474121094,31.974000930786133,32.0,19350
2016-08-08,32.23500061035156,32.23500061035156,32.737998962402344,32.0,32.3849983215332,18040
2016-08-09,32.551998138427734,32.551998138427734,32.96200180053711,32.20000076293945,32.22600173950195,19690
2016-08-10,32.152000427246094,32.152000427246094,33.0,31.979999542236328,33.0,5550
2016-08-11,31.207000732421875,31.207000732421875,31.65399932861328,30.86400032043457,31.65399932861328,47950
2016-08-12,32.875,32.875,33.3120002746582,31.06800079345703,31.16699981689453,116260
2016-08-16,33.28300094604492,33.28300094604492,33.5,32.77000045776367,33.0,17090
2016-08-17,33.459999084472656,33.459999084472656,33.79999923706055,33.0,33.01499938964844,44870
2016-08-18,33.729000091552734,33.729000091552734,33.849998474121094,33.48400115966797,33.55799865722656,16440
2016-08-19,34.9109992980957,34.9109992980957,35.03200149536133,34.0,34.0,45480
2016-08-22,34.41899871826172,34.41899871826172,35.099998474121094,34.340999603271484,35.099998474121094,16410
2016-08-23,34.49700164794922,34.49700164794922,34.624000549316406,33.900001525878906,34.29399871826172,19390
2016-08-24,34.630001068115234,34.630001068115234,34.7140007019043,34.369998931884766,34.7140007019043,6600
2016-08-25,34.10900115966797,34.10900115966797,34.70000076293945,34.08700180053711,34.698001861572266,5720
2016-08-26,33.6609992980957,33.6609992980957,34.27399826049805,33.5,34.27399826049805,4060
2016-08-29,34.04499816894531,34.04499816894531,34.051998138427734,33.222999572753906,33.222999572753906,8250
2016-08-30,34.395999908447266,34.395999908447266,36.09000015258789,34.099998474121094,35.06999969482422,21050
2016-08-31,34.60599899291992,34.60599899291992,34.970001220703125,34.31100082397461,34.525001525878906,19910
2016-09-01,34.310001373291016,34.310001373291016,34.90999984741211,34.310001373291016,34.5,12670
2016-09-02,34.69900131225586,34.69900131225586,34.70000076293945,34.263999938964844,34.5,8470
2016-09-06,35.391998291015625,35.391998291015625,35.5,34.70000076293945,34.79999923706055,50270
2016-09-07,36.75400161743164,36.75400161743164,37.33399963378906,35.38999938964844,35.38999938964844,51720
2016-09-08,36.88399887084961,36.88399887084961,37.19499969482422,36.75,36.89899826049805,46460
2016-09-09,36.652000427246094,36.652000427246094,36.810001373291016,35.35499954223633,36.5,85510
2016-09-12,35.053001403808594,35.053001403808594,35.9900016784668,34.45000076293945,35.91999816894531,33560
2016-09-14,35.71699905395508,35.71699905395508,35.88600158691406,35.20000076293945,35.38999938964844,4490
2016-09-15,35.242000579833984,35.242000579833984,35.981998443603516,35.099998474121094,35.981998443603516,34430
2016-09-16,35.29499816894531,35.29499816894531,36.29999923706055,34.87099838256836,35.849998474121094,174520
2016-09-19,35.28300094604492,35.28300094604492,35.595001220703125,34.810001373291016,35.02399826049805,7420
2016-09-20,35.37200164794922,35.37200164794922,35.42900085449219,35.0,35.07099914550781,12890
2016-09-21,34.82400131225586,34.82400131225586,35.525001525878906,34.560001373291016,35.29899978637695,25150
2016-09-22,35.58399963378906,35.58399963378906,35.880001068115234,35.2400016784668,35.77299880981445,31580
2016-09-23,35.659000396728516,35.659000396728516,35.78499984741211,35.36600112915039,35.367000579833984,35330
2016-09-26,35.08300018310547,35.08300018310547,35.2869987487793,34.95100021362305,34.96099853515625,12380
2016-09-27,34.63399887084961,34.63399887084961,35.0880012512207,34.625,35.0880012512207,13400
2016-09-28,35.45199966430664,35.45199966430664,35.65599822998047,34.400001525878906,34.4010009765625,19120
2016-09-29,34.02299880981445,34.02299880981445,35.790000915527344,33.68199920654297,35.45000076293945,36030
2016-09-30,34.880001068115234,34.880001068115234,35.7400016784668,34.04999923706055,35.040000915527344,70210
2016-10-03,35.68899917602539,35.68899917602539,35.91999816894531,34.84000015258789,35.20000076293945,25600
2016-10-04,36.27799987792969,36.27799987792969,36.400001525878906,35.150001525878906,35.900001525878906,25800
2016-10-05,36.24100112915039,36.24100112915039,37.0,36.0,37.0,25270
2016-10-06,35.702999114990234,35.702999114990234,36.20000076293945,35.50199890136719,36.10200119018555,21340
2016-10-07,35.68000030517578,35.68000030517578,35.9010009765625,35.250999450683594,35.400001525878906,6010
2016-10-10,35.20500183105469,35.20500183105469,36.0,35.20000076293945,35.599998474121094,22570
2016-10-13,34.23699951171875,34.23699951171875,35.20000076293945,33.900001525878906,35.000999450683594,21340
2016-10-14,34.67100143432617,34.67100143432617,34.79999923706055,34.40800094604492,34.599998474121094,9820
2016-10-17,34.32699966430664,34.32699966430664,34.9370002746582,33.20000076293945,34.20000076293945,15810
2016-10-18,35.0,35.0,35.099998474121094,34.31999969482422,34.66999816894531,8180
2016-10-19,34.900001525878906,34.900001525878906,35.13999938964844,34.900001525878906,35.099998474121094,780
2016-10-20,35.51100158691406,35.51100158691406,35.69900131225586,35.00699996948242,35.00699996948242,6870
2016-10-21,35.6619987487793,35.6619987487793,35.7760009765625,34.70000076293945,35.0,31620
2016-10-24,36.13999938964844,36.13999938964844,36.20000076293945,35.20000076293945,35.20000076293945,3800
2016-10-25,35.59199905395508,35.59199905395508,36.12900161743164,35.24599838256836,35.834999084472656,30610
2016-10-26,35.31999969482422,35.31999969482422,36.20000076293945,35.31999969482422,35.60100173950195,8140
2016-10-27,35.10200119018555,35.10200119018555,35.349998474121094,34.733001708984375,35.349998474121094,22530
2016-10-28,35.13100051879883,35.13100051879883,35.48699951171875,34.9370002746582,35.099998474121094,6080
2016-11-01,35.400001525878906,35.400001525878906,35.89899826049805,35.400001525878906,35.89899826049805,4260
2016-11-02,34.29800033569336,34.29800033569336,34.742000579833984,31.68000030517578,31.68000030517578,13000
2016-11-03,33.57699966430664,33.57699966430664,34.49100112915039,33.51499938964844,34.4119987487793,37390
2016-11-04,32.981998443603516,32.981998443603516,33.61800003051758,32.56999969482422,33.402000427246094,101850
2016-11-07,34.108001708984375,34.108001708984375,34.22700119018555,33.38600158691406,33.5,20480
2016-11-08,33.952999114990234,33.952999114990234,34.154998779296875,33.582000732421875,33.92300033569336,4470
2016-11-09,34.96500015258789,34.96500015258789,35.9900016784668,32.64500045776367,34.970001220703125,209890
2016-11-10,37.91299819946289,37.91299819946289,38.29999923706055,35.65999984741211,35.65999984741211,106170
2016-11-11,36.99800109863281,36.99800109863281,38.900001525878906,36.67499923706055,38.01900100708008,100740
2016-11-15,37.790000915527344,37.790000915527344,38.5,36.92300033569336,37.0099983215332,185080
2016-11-16,37.64099884033203,37.64099884033203,38.290000915527344,37.29499816894531,37.73899841308594,135820
2016-11-17,37.42499923706055,37.42499923706055,38.20000076293945,37.42499923706055,37.999000549316406,7850
2016-11-18,37.69499969482422,37.69499969482422,38.08000183105469,37.29999923706055,37.30099868774414,9500
2016-11-21,35.00699996948242,35.00699996948242,37.33000183105469,34.92900085449219,37.33000183105469,54490
2016-11-22,35.09299850463867,35.09299850463867,35.599998474121094,34.15299987792969,35.1619987487793,25730
2016-11-23,35.04999923706055,35.04999923706055,35.349998474121094,34.900001525878906,35.11399841308594,2780
2016-11-24,35.5,35.5,35.70800018310547,35.0,35.0,8230
2016-11-25,35.71900177001953,35.71900177001953,35.95000076293945,35.36000061035156,35.86000061035156,31730
2016-11-28,34.849998474121094,34.849998474121094,35.41699981689453,34.810001373291016,34.97100067138672,19470
2016-11-29,34.737998962402344,34.737998962402344,35.349998474121094,34.558998107910156,35.19900131225586,14720
2016-11-30,35.5,35.5,35.54999923706055,34.77899932861328,34.8650016784668,14190
2016-12-01,34.87799835205078,34.87799835205078,35.650001525878906,34.83000183105469,35.650001525878906,45980
2016-12-02,34.70000076293945,34.70000076293945,35.57500076293945,34.5,35.0,18760
2016-12-05,34.9370002746582,34.9370002746582,35.04999923706055,34.60499954223633,34.904998779296875,4660
2016-12-06,35.20199966430664,35.20199966430664,35.400001525878906,34.5099983215332,34.5099983215332,3200
2016-12-07,34.82400131225586,34.82400131225586,35.599998474121094,34.40999984741211,35.30500030517578,31270
2016-12-08,35.00199890136719,35.00199890136719,35.29999923706055,34.91899871826172,35.20899963378906,5110
2016-12-09,35.893001556396484,35.893001556396484,35.98899841308594,35.08000183105469,35.082000732421875,12160
2016-12-12,35.45800018310547,35.45800018310547,36.034000396728516,35.0,35.0,13520
2016-12-13,35.47200012207031,35.47200012207031,35.487998962402344,35.25299835205078,35.43600082397461,1230
2016-12-14,35.020999908447266,35.020999908447266,35.35100173950195,34.97100067138672,35.35100173950195,2540
2016-12-15,35.22100067138672,35.22100067138672,35.75299835205078,35.018001556396484,35.48699951171875,17600
2016-12-16,35.11899948120117,35.11899948120117,35.44900131225586,35.10499954223633,35.224998474121094,1760
2016-12-19,34.96900177001953,34.96900177001953,35.24700164794922,34.880001068115234,35.2400016784668,9590
2016-12-20,33.97999954223633,33.97999954223633,35.04199981689453,33.935001373291016,35.04199981689453,11120
2016-12-21,34.099998474121094,34.099998474121094,34.4900016784668,34.0,34.4900016784668,3000
2016-12-22,33.25699996948242,33.25699996948242,33.79999923706055,33.143001556396484,33.79999923706055,15490
2016-12-23,33.20399856567383,33.20399856567383,33.70600128173828,33.090999603271484,33.4900016784668,2000
2016-12-26,32.47700119018555,32.47700119018555,33.150001525878906,32.20100021362305,33.150001525878906,58110
2016-12-27,32.70899963378906,32.70899963378906,33.20000076293945,32.189998626708984,32.4630012512207,29170
2016-12-28,32.51100158691406,32.51100158691406,33.20000076293945,32.46500015258789,32.71699905395508,143500
2016-12-29,32.845001220703125,32.845001220703125,32.90700149536133,32.34199905395508,32.63800048828125,58670
2016-12-30,33.00299835205078,33.00299835205078,33.28900146484375,32.58000183105469,32.650001525878906,11390
2017-01-02,32.64099884033203,32.64099884033203,32.85900115966797,32.250999450683594,32.81399917602539,7690
2017-01-03,32.75,32.75,32.869998931884766,32.29999923706055,32.29999923706055,6230
2017-01-04,32.48400115966797,32.48400115966797,32.821998596191406,32.38800048828125,32.79999923706055,5620
2017-01-05,32.900001525878906,32.900001525878906,32.91999816894531,32.70000076293945,32.70000076293945,11080
2017-01-06,33.01599884033203,33.01599884033203,33.44900131225586,33.0,33.099998474121094,7110
2017-01-09,33.020999908447266,33.020999908447266,33.31700134277344,32.95800018310547,33.316001892089844,1250
2017-01-10,33.176998138427734,33.176998138427734,33.25,32.856998443603516,33.1609992980957,10630
2017-01-11,34.02899932861328,34.02899932861328,34.08000183105469,33.35300064086914,33.5,24620
2017-01-12,34.099998474121094,34.099998474121094,34.20000076293945,33.805999755859375,34.099998474121094,4920
2017-01-13,33.900001525878906,33.900001525878906,34.099998474121094,33.599998474121094,34.099998474121094,3400
2017-01-16,34.327999114990234,34.327999114990234,34.34199905395508,33.87799835205078,33.87799835205078,1740
2017-01-17,34.39099884033203,34.39099884033203,37.7599983215332,34.15999984741211,37.7599983215332,70000
2017-01-18,34.79399871826172,34.79399871826172,34.849998474121094,34.59000015258789,34.79899978637695,2630
2017-01-19,34.650001525878906,34.650001525878906,35.20000076293945,34.52000045776367,34.79999923706055,10530
2017-01-20,33.87300109863281,33.87300109863281,34.832000732421875,33.79999923706055,34.80400085449219,10480
2017-01-23,33.9900016784668,33.9900016784668,34.20000076293945,33.599998474121094,33.972999572753906,17630
2017-01-24,34.38999938964844,34.38999938964844,34.5260009765625,34.20000076293945,34.20000076293945,12390
2017-01-25,34.650001525878906,34.650001525878906,34.95000076293945,34.29999923706055,34.29999923706055,48860
2017-01-27,35.91400146484375,35.91400146484375,36.099998474121094,34.97999954223633,35.0,21710
2017-01-30,35.7599983215332,35.7599983215332,36.19499969482422,35.49399948120117,35.71699905395508,5330
2017-01-31,35.33000183105469,35.33000183105469,36.0,35.16999816894531,36.0,8420
2017-02-01,36.44200134277344,36.44200134277344,36.55699920654297,35.49399948120117,35.68899917602539,44420
2017-02-02,37.020999908447266,37.020999908447266,37.340999603271484,36.45600128173828,36.5,27360
2017-02-03,38.196998596191406,38.196998596191406,38.43299865722656,37.0,37.0,30750
2017-02-06,37.97100067138672,37.97100067138672,40.0,37.93199920654297,40.0,16350
2017-02-07,38.35900115966797,38.35900115966797,38.900001525878906,38.04499816894531,38.5,23910
2017-02-08,38.13800048828125,38.13800048828125,38.47600173950195,37.70000076293945,38.29999923706055,30940
2017-02-09,37.54800033569336,37.54800033569336,38.099998474121094,36.59000015258789,38.0,18310
2017-02-10,38.02799987792969,38.02799987792969,38.400001525878906,37.87900161743164,38.19900131225586,13930
2017-02-13,36.90700149536133,36.90700149536133,38.0,36.70000076293945,38.0,11560
2017-02-14,36.72100067138672,36.72100067138672,37.138999938964844,36.400001525878906,37.138999938964844,15070
2017-02-15,36.01900100708008,36.01900100708008,36.96699905395508,35.95000076293945,36.965999603271484,5380
2017-02-16,36.63100051879883,36.63100051879883,36.79999923706055,36.2140007019043,36.698001861572266,1200
2017-02-17,36.20100021362305,36.20100021362305,36.650001525878906,36.17300033569336,36.650001525878906,5870
2017-02-20,36.73500061035156,36.73500061035156,36.73500061035156,36.20100021362305,36.20100021362305,1890
2017-02-21,36.79999923706055,36.79999923706055,36.900001525878906,36.73899841308594,36.821998596191406,750
2017-02-22,36.70100021362305,36.70100021362305,37.0,36.70100021362305,36.79999923706055,4660
2017-02-23,36.599998474121094,36.599998474121094,37.0,36.599998474121094,36.79999923706055,1180
2017-02-27,36.082000732421875,36.082000732421875,36.63199996948242,36.025001525878906,36.63199996948242,3700
2017-02-28,36.599998474121094,36.599998474121094,36.994998931884766,36.35100173950195,36.994998931884766,1620
2017-03-01,36.83300018310547,36.83300018310547,36.95000076293945,36.52199935913086,36.599998474121094,3080
2017-03-02,36.106998443603516,36.106998443603516,36.994998931884766,35.900001525878906,36.79999923706055,14260
2017-03-03,35.79999923706055,35.79999923706055,36.20000076293945,35.73400115966797,36.20000076293945,790
2017-03-06,36.1870002746582,36.1870002746582,36.44200134277344,35.869998931884766,36.32500076293945,210840
2017-03-07,35.95000076293945,35.95000076293945,36.393001556396484,35.94900131225586,36.150001525878906,6220
2017-03-08,36.0,36.0,36.099998474121094,35.9370002746582,36.099998474121094,12170
2017-03-09,36.349998474121094,36.349998474121094,36.47999954223633,35.992000579833984,35.992000579833984,2330
2017-03-10,36.099998474121094,36.099998474121094,36.66400146484375,36.018001556396484,36.5,7670
2017-03-14,36.70399856567383,36.70399856567383,37.0,36.099998474121094,36.099998474121094,24790
2017-03-15,37.194000244140625,37.194000244140625,37.4379997253418,36.48899841308594,36.599998474121094,16250
2017-03-16,37.297000885009766,37.297000885009766,37.64899826049805,36.89500045776367,37.196998596191406,26340
2017-03-17,36.9630012512207,36.9630012512207,37.29999923706055,36.849998474121094,37.255001068115234,6040
2017-03-20,36.88600158691406,36.88600158691406,37.099998474121094,36.5,36.5,2500
2017-03-21,36.79999923706055,36.79999923706055,37.29999923706055,36.5,37.099998474121094,11270
2017-03-22,36.064998626708984,36.064998626708984,36.33000183105469,36.04600143432617,36.20000076293945,9150
2017-03-23,36.00899887084961,36.00899887084961,36.29999923706055,35.86899948120117,36.29999923706055,2730
2017-03-24,37.380001068115234,37.380001068115234,37.599998474121094,35.599998474121094,35.70000076293945,23490
2017-03-27,37.625,37.625,37.74300003051758,37.380001068115234,37.380001068115234,35020
2017-03-28,38.19900131225586,38.19900131225586,38.20000076293945,37.52000045776367,37.52000045776367,20700
2017-03-29,38.821998596191406,38.821998596191406,38.85900115966797,38.20000076293945,38.20000076293945,21280
2017-03-30,38.80500030517578,38.80500030517578,39.233001708984375,38.77000045776367,38.79899978637695,17130
2017-03-31,39.233001708984375,39.233001708984375,39.40999984741211,38.79999923706055,39.09199905395508,82860
2017-04-03,38.99800109863281,38.99800109863281,39.361000061035156,38.93000030517578,39.22999954223633,2780
2017-04-05,39.650001525878906,39.650001525878906,39.75,39.0,39.0,26830
2017-04-06,39.33000183105469,39.33000183105469,39.54999923706055,39.11199951171875,39.37799835205078,15780
2017-04-07,38.80400085449219,38.80400085449219,39.25,38.599998474121094,39.23500061035156,28800
2017-04-10,38.97600173950195,38.97600173950195,39.79999923706055,38.595001220703125,39.0,3240
2017-04-11,39.547000885009766,39.547000885009766,39.685001373291016,39.0,39.0,15390
2017-04-12,39.14500045776367,39.14500045776367,39.75,39.0,39.606998443603516,4550
2017-04-13,39.22100067138672,39.22100067138672,39.599998474121094,39.099998474121094,39.099998474121094,14610
2017-04-17,39.02799987792969,39.02799987792969,39.38100051879883,39.025001525878906,39.10499954223633,13720
2017-04-18,39.29600143432617,39.29600143432617,40.099998474121094,39.20000076293945,39.6150016784668,25010
2017-04-19,38.4900016784668,38.4900016784668,39.29999923706055,38.4900016784668,39.20000076293945,16800
2017-04-20,39.00400161743164,39.00400161743164,39.17499923706055,38.400001525878906,38.5,28810
2017-04-21,38.5,38.5,39.099998474121094,38.310001373291016,39.099998474121094,19290
2017-04-24,39.16999816894531,39.16999816894531,39.20000076293945,38.500999450683594,38.500999450683594,5580
2017-04-25,39.494998931884766,39.494998931884766,39.5,39.13600158691406,39.20000076293945,32570
2017-04-26,39.70600128173828,39.70600128173828,39.79999923706055,39.45199966430664,39.67399978637695,59130
2017-04-27,39.34700012207031,39.34700012207031,39.58700180053711,39.15700149536133,39.31399917602539,16630
2017-04-28,40.54899978637695,40.54899978637695,43.47999954223633,39.345001220703125,43.029998779296875,58430
2017-05-02,40.7140007019043,40.7140007019043,41.05799865722656,40.2239990234375,40.75,22300
2017-05-03,40.99800109863281,40.99800109863281,41.499000549316406,40.10200119018555,40.76599884033203,8970
2017-05-04,42.448001861572266,42.448001861572266,42.54199981689453,41.0,41.0,83300
2017-05-05,41.51900100708008,41.51900100708008,43.400001525878906,40.75,41.599998474121094,70390
2017-05-08,42.10900115966797,42.10900115966797,42.349998474121094,41.44499969482422,41.44499969482422,8300
2017-05-09,41.67399978637695,41.67399978637695,42.04199981689453,41.237998962402344,42.0,25840
2017-05-10,41.21900177001953,41.21900177001953,41.73400115966797,41.01100158691406,41.5989990234375,8460
2017-05-11,41.69200134277344,41.69200134277344,41.957000732421875,41.237998962402344,41.41600036621094,12520
2017-05-12,41.12699890136719,41.12699890136719,46.06999969482422,40.861000061035156,46.06999969482422,54020
2017-05-15,41.44200134277344,41.44200134277344,41.709999084472656,41.375,41.375,2880
2017-05-16,42.349998474121094,42.349998474121094,42.5,41.15999984741211,41.82500076293945,32930
2017-05-17,42.404998779296875,42.404998779296875,45.0,42.0099983215332,45.0,15300
2017-05-18,41.49599838256836,41.49599838256836,42.20000076293945,41.154998779296875,42.0,4040
2017-05-19,41.816001892089844,41.816001892089844,42.494998931884766,41.25,41.96799850463867,35280
2017-05-22,39.95000076293945,39.95000076293945,41.87099838256836,39.900001525878906,41.87099838256836,25810
2017-05-23,39.23899841308594,39.23899841308594,41.939998626708984,39.073001861572266,41.939998626708984,11990
2017-05-24,38.31800079345703,38.31800079345703,39.42300033569336,38.263999938964844,39.20000076293945,16020
2017-05-25,39.32500076293945,39.32500076293945,39.5989990234375,38.63100051879883,38.888999938964844,13970
2017-05-26,39.45000076293945,39.45000076293945,39.611000061035156,39.125999450683594,39.400001525878906,30880
2017-05-29,38.48500061035156,38.48500061035156,39.7130012512207,38.44200134277344,39.45000076293945,21700
2017-05-30,39.20000076293945,39.20000076293945,39.20000076293945,38.63800048828125,38.63800048828125,10760
2017-05-31,39.099998474121094,39.099998474121094,39.441001892089844,39.099998474121094,39.29999923706055,2010
2017-06-01,39.11399841308594,39.11399841308594,39.4900016784668,38.79999923706055,39.31800079345703,13980
2017-06-02,39.31100082397461,39.31100082397461,39.50299835205078,39.25400161743164,39.492000579833984,2470
2017-06-05,39.20000076293945,39.20000076293945,39.70000076293945,39.183998107910156,39.31100082397461,7430
2017-06-06,39.1619987487793,39.1619987487793,39.88100051879883,38.400001525878906,38.400001525878906,3720
2017-06-07,39.66999816894531,39.66999816894531,39.750999450683594,39.071998596191406,39.3650016784668,18980
2017-06-08,39.029998779296875,39.029998779296875,39.494998931884766,39.0,39.194000244140625,7260
2017-06-09,39.17499923706055,39.17499923706055,39.34000015258789,38.952999114990234,39.0,5850
2017-06-12,38.57699966430664,38.57699966430664,38.98099899291992,38.402000427246094,38.98099899291992,12610
2017-06-13,38.4109992980957,38.4109992980957,38.80799865722656,38.4109992980957,38.80799865722656,9170
2017-06-14,38.72100067138672,38.72100067138672,38.957000732421875,38.40999984741211,38.40999984741211,3370
2017-06-15,38.54999923706055,38.54999923706055,38.775001525878906,38.395999908447266,38.65299987792969,8380
2017-06-16,38.499000549316406,38.499000549316406,38.74700164794922,38.20000076293945,38.29999923706055,362820
2017-06-19,38.89899826049805,38.89899826049805,38.946998596191406,38.59600067138672,38.821998596191406,5010
2017-06-20,38.672000885009766,38.672000885009766,39.89899826049805,38.560001373291016,39.89899826049805,51450
2017-06-21,39.09299850463867,39.09299850463867,39.249000549316406,38.810001373291016,38.88199996948242,4660
2017-06-22,39.13399887084961,39.13399887084961,39.33399963378906,39.00600051879883,39.297000885009766,12100
2017-06-23,38.48400115966797,38.48400115966797,39.22800064086914,38.349998474121094,39.130001068115234,2540
2017-06-27,37.000999450683594,37.000999450683594,38.0,36.79999923706055,38.0,26420
2017-06-28,36.849998474121094,36.849998474121094,37.5,36.5,36.74300003051758,17790
2017-06-29,36.707000732421875,36.707000732421875,37.400001525878906,36.599998474121094,37.0,6600
2017-06-30,36.900001525878906,36.900001525878906,37.00899887084961,36.3489990234375,36.5,7730
2017-07-03,36.90299987792969,36.90299987792969,37.099998474121094,35.0,36.79999923706055,9220
2017-07-04,36.724998474121094,36.724998474121094,37.5,36.724998474121094,37.5,2210
2017-07-05,37.0,37.0,37.150001525878906,36.59299850463867,36.869998931884766,6970
2017-07-06,37.814998626708984,37.814998626708984,38.0,37.0,37.0,7940
2017-07-07,37.827999114990234,37.827999114990234,38.04999923706055,37.60599899291992,37.81999969482422,29700
2017-07-10,38.63999938964844,38.63999938964844,39.79999923706055,38.599998474121094,39.099998474121094,1000
2017-07-11,38.08399963378906,38.08399963378906,39.29999923706055,38.0,38.0,9160
2017-07-12,38.62900161743164,38.62900161743164,38.70000076293945,38.025001525878906,38.13100051879883,14170
2017-07-13,38.76100158691406,38.76100158691406,39.0,38.599998474121094,38.82600021362305,2330
2017-07-14,39.35900115966797,39.35900115966797,39.400001525878906,38.66999816894531,38.75,3060
2017-07-17,39.29999923706055,39.29999923706055,39.48099899291992,39.07099914550781,39.36000061035156,2170
2017-07-18,39.332000732421875,39.332000732421875,40.0,39.30400085449219,39.582000732421875,12480
2017-07-19,39.435001373291016,39.435001373291016,39.659000396728516,39.332000732421875,39.349998474121094,1690
2017-07-20,38.99300003051758,38.99300003051758,39.61000061035156,38.95000076293945,39.58700180053711,3760
2017-07-21,39.00600051879883,39.00600051879883,39.505001068115234,38.70399856567383,39.36800003051758,2400
2017-07-24,39.60300064086914,39.60300064086914,39.86800003051758,39.0,39.0,138130
2017-07-25,40.0,40.0,40.0,39.77799987792969,40.0,7040
2017-07-26,39.7400016784668,39.7400016784668,40.29999923706055,39.71699905395508,40.04999923706055,3130
2017-07-27,39.904998779296875,39.904998779296875,40.400001525878906,39.88600158691406,40.231998443603516,1690
2017-07-28,39.89799880981445,39.89799880981445,40.20000076293945,39.571998596191406,39.64799880981445,439280
2017-07-31,41.42900085449219,41.42900085449219,41.599998474121094,39.79999923706055,39.79999923706055,40770
2017-08-01,41.2140007019043,41.2140007019043,41.650001525878906,40.900001525878906,41.400001525878906,10360
2017-08-02,40.9900016784668,40.9900016784668,41.255001068115234,40.755001068115234,41.255001068115234,29800
2017-08-03,39.51900100708008,39.51900100708008,40.5,39.29999923706055,40.5,428440
2017-08-04,40.20899963378906,40.20899963378906,40.21200180053711,39.45800018310547,39.45800018310547,2580
2017-08-07,40.5629997253418,40.5629997253418,40.79999923706055,40.22600173950195,40.54999923706055,154190
2017-08-08,39.61600112915039,39.61600112915039,40.974998474121094,39.61600112915039,40.974998474121094,3200
2017-08-09,39.14699935913086,39.14699935913086,40.215999603271484,38.5,40.14899826049805,263040
2017-08-10,38.435001373291016,38.435001373291016,39.70000076293945,37.400001525878906,39.70000076293945,36480
2017-08-11,36.709999084472656,36.709999084472656,39.23500061035156,36.61800003051758,38.0,10580
2017-08-14,36.742000579833984,36.742000579833984,38.0,36.654998779296875,38.0,5050
2017-08-16,37.45000076293945,37.45000076293945,37.564998626708984,36.099998474121094,36.79999923706055,7430
2017-08-17,37.270999908447266,37.270999908447266,37.974998474121094,37.17100143432617,37.400001525878906,10310
2017-08-18,36.96799850463867,36.96799850463867,37.013999938964844,36.70000076293945,37.0,6940
2017-08-21,36.459999084472656,36.459999084472656,37.5,36.0,37.5,5910
2017-08-22,35.900001525878906,35.900001525878906,36.39099884033203,35.66400146484375,36.39099884033203,33320
2017-08-23,36.97600173950195,36.97600173950195,37.01499938964844,36.32099914550781,36.400001525878906,18360
2017-08-24,37.05099868774414,37.05099868774414,37.099998474121094,36.57899856567383,36.9010009765625,2130
2017-08-28,37.150001525878906,37.150001525878906,37.42499923706055,37.1150016784668,37.32899856567383,3740
2017-08-29,36.6609992980957,36.6609992980957,37.25,36.619998931884766,36.9370002746582,2110
2017-08-30,36.73099899291992,36.73099899291992,37.012001037597656,36.63600158691406,37.012001037597656,4430
2017-08-31,36.512001037597656,36.512001037597656,36.8129997253418,36.316001892089844,36.70000076293945,12880
2017-09-01,36.70100021362305,36.70100021362305,37.16299819946289,36.67100143432617,36.749000549316406,1800
2017-09-04,36.659000396728516,36.659000396728516,37.01100158691406,36.33399963378906,36.60599899291992,6530
2017-09-05,36.599998474121094,36.599998474121094,36.957000732421875,36.57500076293945,36.650001525878906,4750
2017-09-06,36.393001556396484,36.393001556396484,36.6619987487793,36.099998474121094,36.099998474121094,2520
2017-09-07,36.38600158691406,36.38600158691406,37.29999923706055,36.215999603271484,37.0,6450
2017-09-08,36.03200149536133,36.03200149536133,36.79999923706055,35.900001525878906,36.79999923706055,5360
2017-09-11,36.02299880981445,36.02299880981445,36.79999923706055,35.7239990234375,36.79999923706055,24700
2017-09-12,36.44200134277344,36.44200134277344,36.65399932861328,35.84299850463867,35.8650016784668,6990
2017-09-13,36.65800094604492,36.65800094604492,36.79999923706055,36.57500076293945,36.79899978637695,3990
2017-09-14,36.8489990234375,36.8489990234375,36.849998474121094,36.43600082397461,36.64899826049805,9060
2017-09-15,36.685001373291016,36.685001373291016,36.685001373291016,36.0,36.0,1770
2017-09-18,36.41999816894531,36.41999816894531,36.95000076293945,35.29999923706055,36.0,94120
2017-09-19,36.38999938964844,36.38999938964844,36.38999938964844,36.099998474121094,36.29999923706055,3240
2017-09-20,36.45600128173828,36.45600128173828,36.69900131225586,36.1349983215332,36.29999923706055,4400
2017-09-21,36.0620002746582,36.0620002746582,36.39400100708008,36.04399871826172,36.334999084472656,2680
2017-09-22,35.30699920654297,35.30699920654297,36.0,35.20100021362305,36.0,12220
2017-09-25,35.00299835205078,35.00299835205078,35.20000076293945,34.29999923706055,35.20000076293945,10350
2017-09-26,34.797000885009766,34.797000885009766,35.058998107910156,34.75,34.90299987792969,3340
2017-09-27,33.68600082397461,33.68600082397461,35.071998596191406,33.5,35.0,39490
2017-09-28,34.005001068115234,34.005001068115234,34.20800018310547,30.687999725341797,31.969999313354492,2120
2017-09-29,33.94499969482422,33.94499969482422,34.29999923706055,33.59000015258789,33.59299850463867,59100
2017-10-03,33.926998138427734,33.926998138427734,34.29999923706055,33.400001525878906,34.29999923706055,119450
2017-10-04,33.95000076293945,33.95000076293945,34.00400161743164,33.612998962402344,33.95000076293945,3860
2017-10-05,33.779998779296875,33.779998779296875,34.099998474121094,27.190000534057617,32.220001220703125,9540
2017-10-06,34.308998107910156,34.308998107910156,34.59199905395508,33.994998931884766,33.994998931884766,154670
2017-10-09,34.30400085449219,34.30400085449219,34.79999923706055,34.1510009765625,34.5,21830
2017-10-10,34.5,34.5,34.79999923706055,34.29199981689453,34.79999923706055,69750
2017-10-11,33.88600158691406,33.88600158691406,34.79999923706055,33.86899948120117,34.79999923706055,3630
2017-10-12,33.65999984741211,33.65999984741211,34.0,33.3380012512207,34.0,10500
2017-10-13,34.0,34.0,34.257999420166016,33.869998931884766,34.0,58090
2017-10-16,33.654998779296875,33.654998779296875,34.79999923706055,33.55400085449219,34.70000076293945,18910
2017-10-17,34.25,34.25,34.25,33.630001068115234,34.249000549316406,1580
2017-10-18,33.17399978637695,33.17399978637695,34.005001068115234,33.10499954223633,33.5,15390
2017-10-19,33.111000061035156,33.111000061035156,33.5,32.79999923706055,33.5,7150
2017-10-23,33.104000091552734,33.104000091552734,33.150001525878906,32.81399917602539,33.0,11650
2017-10-24,34.308998107910156,34.308998107910156,34.803001403808594,33.0,33.099998474121094,43860
2017-10-25,39.82400131225586,39.82400131225586,39.82400131225586,36.29999923706055,36.29999923706055,110460
2017-10-26,41.332000732421875,41.332000732421875,41.332000732421875,39.79999923706055,39.81999969482422,49670
2017-10-27,42.5880012512207,42.5880012512207,44.400001525878906,42.29999923706055,43.0,81020
2017-10-30,43.29199981689453,43.29199981689453,44.400001525878906,42.650001525878906,42.70000076293945,42060
2017-10-31,42.00199890136719,42.00199890136719,43.29800033569336,41.85499954223633,43.29800033569336,27080
2017-11-01,43.52299880981445,43.52299880981445,43.70000076293945,42.5,42.5,33730
2017-11-02,43.0,43.0,44.099998474121094,42.900001525878906,43.34700012207031,34100
2017-11-03,44.34700012207031,44.34700012207031,44.452999114990234,42.736000061035156,43.0,45110
2017-11-06,44.58599853515625,44.58599853515625,44.79999923706055,43.02000045776367,43.994998931884766,211920
2017-11-07,43.112998962402344,43.112998962402344,44.89699935913086,42.849998474121094,44.79999923706055,34170
2017-11-08,41.92399978637695,41.92399978637695,43.194000244140625,41.81999969482422,42.849998474121094,39700
2017-11-09,42.60599899291992,42.60599899291992,42.917999267578125,42.099998474121094,42.79899978637695,15080
2017-11-10,44.4630012512207,44.4630012512207,45.25600051879883,41.0,41.33000183105469,26090
2017-11-13,44.24300003051758,44.24300003051758,45.62699890136719,43.130001068115234,43.130001068115234,24560
2017-11-14,44.12200164794922,44.12200164794922,44.54999923706055,43.941001892089844,44.5,6900
2017-11-15,43.6150016784668,43.6150016784668,44.4900016784668,43.23699951171875,44.125,4630
2017-11-16,44.68199920654297,44.68199920654297,44.900001525878906,43.29800033569336,43.62900161743164,8260
2017-11-17,45.46799850463867,45.46799850463867,48.79999923706055,44.0,44.0,40070
2017-11-20,44.82500076293945,44.82500076293945,45.470001220703125,44.551998138427734,45.470001220703125,5710
2017-11-21,44.51499938964844,44.51499938964844,45.27299880981445,43.06999969482422,45.0,5160
2017-11-22,45.01900100708008,45.01900100708008,45.5,44.0,44.5,105280
2017-11-23,44.869998931884766,44.869998931884766,45.270999908447266,44.62699890136719,44.92499923706055,13950
2017-11-24,45.0,45.0,45.130001068115234,44.869998931884766,44.90999984741211,530
2017-11-27,44.85100173950195,44.85100173950195,44.85100173950195,44.29999923706055,44.5,27870
2017-11-28,44.43199920654297,44.43199920654297,45.0,44.31100082397461,45.0,8200
2017-11-29,43.900001525878906,43.900001525878906,44.650001525878906,40.43199920654297,42.43199920654297,12650
2017-11-30,43.2239990234375,43.2239990234375,43.715999603271484,42.900001525878906,43.60499954223633,16760
2017-12-01,42.099998474121094,42.099998474121094,45.222999572753906,42.00199890136719,45.222999572753906,4480
2017-12-04,41.95000076293945,41.95000076293945,42.20000076293945,41.888999938964844,42.20000076293945,16190
2017-12-05,42.61199951171875,42.61199951171875,42.76599884033203,41.67499923706055,42.0880012512207,2640
2017-12-06,41.625,41.625,42.55500030517578,41.529998779296875,42.55500030517578,5730
2017-12-07,42.29899978637695,42.29899978637695,42.29999923706055,42.0,42.12200164794922,800
2017-12-08,42.55400085449219,42.55400085449219,42.79899978637695,41.9119987487793,42.29999923706055,3750
2017-12-11,42.5,42.5,43.39500045776367,42.44200134277344,42.6879997253418,940
2017-12-12,42.0,42.0,42.608001708984375,41.78099822998047,42.19900131225586,6970
2017-12-13,41.60599899291992,41.60599899291992,42.400001525878906,41.4900016784668,42.39899826049805,1770
2017-12-14,41.638999938964844,41.638999938964844,41.67399978637695,34.09000015258789,37.2400016784668,6970
2017-12-15,41.73500061035156,41.73500061035156,42.40700149536133,41.685001373291016,42.0,19110
2017-12-18,42.60499954223633,42.60499954223633,45.4900016784668,40.64799880981445,42.9900016784668,24610
2017-12-19,42.82600021362305,42.82600021362305,43.16999816894531,42.47200012207031,42.499000549316406,778630
2017-12-20,42.45600128173828,42.45600128173828,42.51599884033203,42.08700180053711,42.400001525878906,203740
2017-12-21,42.14500045776367,42.14500045776367,42.54600143432617,42.013999938964844,42.45500183105469,166520
2017-12-22,42.46099853515625,42.46099853515625,43.099998474121094,42.02199935913086,42.13199996948242,9420
2017-12-26,42.172000885009766,42.172000885009766,42.5,42.00299835205078,42.4900016784668,108230
2017-12-27,41.99800109863281,41.99800109863281,42.702999114990234,41.82500076293945,42.4370002746582,16770
2017-12-28,41.30699920654297,41.30699920654297,42.2130012512207,41.24399948120117,42.2130012512207,138860
2017-12-29,41.25699996948242,41.25699996948242,41.66299819946289,41.20000076293945,41.6619987487793,26780
2018-01-01,41.08700180053711,41.08700180053711,41.63600158691406,41.0,41.5,90350
2018-01-02,40.487998962402344,40.487998962402344,40.99100112915039,40.29999923706055,40.99100112915039,82850
2018-01-03,40.459999084472656,40.459999084472656,40.834999084472656,40.25,40.73099899291992,47300
2018-01-04,41.3650016784668,41.3650016784668,41.525001525878906,40.459999084472656,40.68000030517578,8110
2018-01-05,41.21699905395508,41.21699905395508,41.9010009765625,40.95199966430664,41.606998443603516,4010
2018-01-08,41.0,41.0,42.130001068115234,41.0,42.0,96180
2018-01-09,40.922000885009766,40.922000885009766,42.0,40.922000885009766,41.81999969482422,4400
2018-01-10,40.500999450683594,40.500999450683594,41.0,40.42900085449219,41.0,15700
2018-01-11,40.52000045776367,40.52000045776367,40.70399856567383,40.48099899291992,40.48099899291992,10240
2018-01-12,40.61000061035156,40.61000061035156,40.875,40.400001525878906,40.599998474121094,134570
2018-01-15,40.709999084472656,40.709999084472656,40.9119987487793,40.45000076293945,40.737998962402344,54430
2018-01-16,39.305999755859375,39.305999755859375,40.66699981689453,39.29999923706055,40.66699981689453,60020
2018-01-17,40.999000549316406,40.999000549316406,41.10599899291992,39.099998474121094,39.305999755859375,39030
2018-01-18,40.29999923706055,40.29999923706055,41.994998931884766,40.099998474121094,41.04999923706055,44890
2018-01-19,41.185001373291016,41.185001373291016,41.37099838256836,40.29999923706055,40.29999923706055,217780
2018-01-22,40.97700119018555,40.97700119018555,41.400001525878906,40.66299819946289,41.20000076293945,6650
2018-01-23,42.49300003051758,42.49300003051758,42.79999923706055,41.042999267578125,41.042999267578125,50290
2018-01-24,44.025001525878906,44.025001525878906,44.178001403808594,42.099998474121094,42.099998474121094,87760
2018-01-25,41.89400100708008,41.89400100708008,50.400001525878906,41.599998474121094,50.400001525878906,141270
2018-01-29,41.28900146484375,41.28900146484375,42.494998931884766,41.20000076293945,41.994998931884766,9220
2018-01-30,41.22999954223633,41.22999954223633,41.944000244140625,41.042999267578125,41.099998474121094,30660
2018-01-31,41.09000015258789,41.09000015258789,41.433998107910156,40.542999267578125,40.999000549316406,32100
2018-02-01,40.16899871826172,40.16899871826172,41.41699981689453,40.05500030517578,41.400001525878906,117840
2018-02-02,38.9379997253418,38.9379997253418,40.099998474121094,38.71500015258789,40.099998474121094,112400
2018-02-05,39.189998626708984,39.189998626708984,39.814998626708984,37.5,38.79999923706055,119360
2018-02-06,38.137001037597656,38.137001037597656,39.5,37.308998107910156,39.5,103770
2018-02-07,38.380001068115234,38.380001068115234,38.97800064086914,38.099998474121094,38.900001525878906,141120
2018-02-08,39.20000076293945,39.20000076293945,39.400001525878906,37.79999923706055,37.79999923706055,60930
2018-02-09,38.79800033569336,38.79800033569336,39.099998474121094,38.696998596191406,39.099998474121094,54230
2018-02-12,38.75699996948242,38.75699996948242,39.099998474121094,38.34000015258789,38.553001403808594,600180
2018-02-14,36.86899948120117,36.86899948120117,38.79999923706055,36.70000076293945,37.97999954223633,225370
2018-02-15,36.48400115966797,36.48400115966797,37.345001220703125,36.14500045776367,37.060001373291016,222050
2018-02-16,35.564998626708984,35.564998626708984,36.340999603271484,35.25,36.340999603271484,649780
2018-02-19,34.558998107910156,34.558998107910156,35.5,33.29999923706055,35.5,340530
2018-02-20,34.85599899291992,34.85599899291992,35.29999923706055,34.349998474121094,34.404998779296875,245740
2018-02-21,35.249000549316406,35.249000549316406,35.25,34.5,34.86000061035156,59780
2018-02-22,35.19300079345703,35.19300079345703,35.25,34.83399963378906,34.83399963378906,105980
2018-02-23,35.57099914550781,35.57099914550781,35.75,35.28799819946289,35.47999954223633,171110
2018-02-26,35.06399917602539,35.06399917602539,35.599998474121094,35.05500030517578,35.599998474121094,5040
2018-02-27,34.141998291015625,34.141998291015625,35.25600051879883,33.78200149536133,35.17499923706055,427440
2018-02-28,34.20600128173828,34.20600128173828,34.29999923706055,33.0,33.790000915527344,361760
2018-03-01,33.70199966430664,33.70199966430664,35.56999969482422,33.665000915527344,34.0,148030
2018-03-05,33.50699996948242,33.50699996948242,34.11000061035156,33.29999923706055,34.11000061035156,52930
2018-03-06,32.69599914550781,32.69599914550781,34.7400016784668,32.5099983215332,34.5099983215332,26450
2018-03-07,31.47599983215332,31.47599983215332,32.79999923706055,31.34000015258789,32.79999923706055,154650
2018-03-08,32.31800079345703,32.31800079345703,32.465999603271484,31.219999313354492,32.095001220703125,103260
2018-03-09,31.823999404907227,31.823999404907227,32.099998474121094,31.600000381469727,32.005001068115234,43760
2018-03-12,31.357999801635742,31.357999801635742,33.040000915527344,30.899999618530273,32.040000915527344,138700
2018-03-13,32.25699996948242,32.25699996948242,33.356998443603516,31.5,32.0,148190
2018-03-14,32.875,32.875,33.400001525878906,31.6200008392334,33.400001525878906,53810
2018-03-15,32.67300033569336,32.67300033569336,33.07400131225586,32.599998474121094,33.0,3660
2018-03-16,32.40999984741211,32.40999984741211,33.20000076293945,32.400001525878906,33.196998596191406,16080
2018-03-19,31.759000778198242,31.759000778198242,32.78499984741211,31.356000900268555,32.78499984741211,16170
2018-03-20,31.874000549316406,31.874000549316406,32.23899841308594,31.400999069213867,31.799999237060547,102080
2018-03-21,31.799999237060547,31.799999237060547,32.5,31.799999237060547,32.400001525878906,8450
2018-03-22,31.13599967956543,31.13599967956543,31.77400016784668,30.951000213623047,31.75,300720
2018-03-23,30.23200035095215,30.23200035095215,31.5,29.899999618530273,31.200000762939453,308790
2018-03-26,31.476999282836914,31.476999282836914,31.700000762939453,30.20199966430664,30.399999618530273,58470
2018-03-27,32.49300003051758,32.49300003051758,32.75,31.8700008392334,31.8700008392334,72080
2018-03-28,31.98699951171875,31.98699951171875,32.659000396728516,31.926000595092773,32.099998474121094,4860
2018-04-02,32.8489990234375,32.8489990234375,33.5,31.700000762939453,32.900001525878906,67870
2018-04-03,32.34199905395508,32.34199905395508,33.0,32.0099983215332,33.0,36190
2018-04-04,31.882999420166016,31.882999420166016,32.698001861572266,31.700000762939453,32.14400100708008,19240
2018-04-05,33.12099838256836,33.12099838256836,33.5,32.20000076293945,32.30400085449219,22150
2018-04-06,33.551998138427734,33.551998138427734,33.808998107910156,32.67900085449219,33.22800064086914,33440
2018-04-09,33.893001556396484,33.893001556396484,33.9900016784668,33.400001525878906,33.79999923706055,386330
2018-04-10,33.88800048828125,33.88800048828125,34.099998474121094,33.43600082397461,33.893001556396484,10110
2018-04-11,33.41999816894531,33.41999816894531,33.70000076293945,33.0,33.70000076293945,132960
2018-04-12,32.904998779296875,32.904998779296875,33.79999923706055,32.80099868774414,33.79999923706055,9420
2018-04-13,32.58000183105469,32.58000183105469,33.16899871826172,32.54899978637695,33.16899871826172,5790
2018-04-16,32.520999908447266,32.520999908447266,32.73500061035156,32.266998291015625,32.5,19710
2018-04-17,32.277000427246094,32.277000427246094,33.0,32.20000076293945,32.79999923706055,28490
2018-04-18,32.01900100708008,32.01900100708008,32.457000732421875,31.823999404907227,32.382999420166016,36920
2018-04-19,31.909000396728516,31.909000396728516,32.124000549316406,31.77199935913086,32.0,35590
2018-04-20,31.19300079345703,31.19300079345703,32.0,30.924999237060547,32.0,35590
2018-04-23,31.160999298095703,31.160999298095703,33.19200134277344,31.0,33.19200134277344,61890
2018-04-24,31.094999313354492,31.094999313354492,31.54400062561035,31.0049991607666,31.149999618530273,21980
2018-04-25,30.590999603271484,30.590999603271484,31.04400062561035,30.5,31.0,80150
2018-04-26,30.24799919128418,30.24799919128418,30.65999984741211,30.170000076293945,30.600000381469727,29270
2018-04-27,31.29599952697754,31.29599952697754,31.80699920654297,30.325000762939453,30.5,67000
2018-04-30,31.889999389648438,31.889999389648438,32.23099899291992,31.45599937438965,31.663999557495117,304800
2018-05-02,30.999000549316406,30.999000549316406,31.9950008392334,30.80500030517578,31.9950008392334,94810
2018-05-03,31.131999969482422,31.131999969482422,31.277000427246094,30.80500030517578,30.899999618530273,85070
2018-05-04,30.899999618530273,30.899999618530273,31.260000228881836,30.899999618530273,31.260000228881836,15980
2018-05-07,31.665000915527344,31.665000915527344,31.700000762939453,30.899999618530273,30.899999618530273,11680
2018-05-08,31.933000564575195,31.933000564575195,32.29999923706055,31.274999618530273,31.700000762939453,19190
2018-05-09,31.836000442504883,31.836000442504883,31.843000411987305,31.645000457763672,31.843000411987305,2690
2018-05-10,31.062000274658203,31.062000274658203,31.836999893188477,31.0,31.652000427246094,17410
2018-05-11,31.520000457763672,31.520000457763672,31.670000076293945,31.049999237060547,31.219999313354492,27750
2018-05-14,31.83799934387207,31.83799934387207,31.996000289916992,31.600000381469727,31.600000381469727,57440
2018-05-15,31.05900001525879,31.05900001525879,32.290000915527344,30.899999618530273,31.795000076293945,81860
2018-05-16,30.173999786376953,30.173999786376953,30.899999618530273,29.910999298095703,30.899999618530273,141640
2018-05-17,30.09000015258789,30.09000015258789,30.43000030517578,30.062000274658203,30.149999618530273,67790
2018-05-18,29.621000289916992,29.621000289916992,30.211999893188477,29.479999542236328,30.13599967956543,123020
2018-05-21,30.172000885009766,30.172000885009766,30.399999618530273,29.729999542236328,29.93000030517578,121570
2018-05-22,31.325000762939453,31.325000762939453,31.84000015258789,30.0,30.229999542236328,163980
2018-05-23,32.24100112915039,32.24100112915039,32.84299850463867,31.600000381469727,31.600000381469727,122820
2018-05-24,32.638999938964844,32.638999938964844,32.77000045776367,31.969999313354492,32.374000549316406,65620
2018-05-25,32.6349983215332,32.6349983215332,32.83000183105469,32.400001525878906,32.599998474121094,12170
2018-05-28,33.53900146484375,33.53900146484375,33.79899978637695,32.797000885009766,32.797000885009766,102470
2018-05-29,32.65700149536133,32.65700149536133,33.26499938964844,32.41999816894531,33.0,46900
2018-05-30,32.96500015258789,32.96500015258789,32.96699905395508,32.37699890136719,32.619998931884766,31100
2018-05-31,32.98500061035156,32.98500061035156,33.28099822998047,32.5,32.94499969482422,39170
2018-06-01,32.57699966430664,32.57699966430664,33.10499954223633,32.10499954223633,32.11000061035156,7460
2018-06-04,32.08000183105469,32.08000183105469,32.70000076293945,32.08000183105469,32.6510009765625,87490
2018-06-05,32.14699935913086,32.14699935913086,32.18299865722656,31.899999618530273,32.18299865722656,22820
2018-06-06,32.694000244140625,32.694000244140625,32.779998779296875,31.982999801635742,31.982999801635742,38320
2018-06-07,33.0,33.0,33.17900085449219,32.599998474121094,32.81999969482422,31220
2018-06-08,33.40999984741211,33.40999984741211,33.45000076293945,32.75,32.75,27180
2018-06-11,33.79499816894531,33.79499816894531,34.198001861572266,33.5,33.5,22210
2018-06-12,34.24399948120117,34.24399948120117,34.400001525878906,33.599998474121094,33.68199920654297,53120
2018-06-13,34.82899856567383,34.82899856567383,35.06999969482422,34.5,34.5,29440
2018-06-14,34.3120002746582,34.3120002746582,34.7599983215332,34.16999816894531,34.7599983215332,42190
2018-06-15,33.709999084472656,33.709999084472656,34.54600143432617,33.70000076293945,34.54600143432617,10230
2018-06-18,33.66999816894531,33.66999816894531,33.777000427246094,33.5,33.724998474121094,12650
2018-06-19,32.91899871826172,32.91899871826172,33.66699981689453,32.79999923706055,33.66699981689453,29110
2018-06-20,32.82400131225586,32.82400131225586,33.130001068115234,32.7599983215332,32.874000549316406,4820
2018-06-21,32.441001892089844,32.441001892089844,33.130001068115234,32.40999984741211,32.54999923706055,13630
2018-06-22,32.82899856567383,32.82899856567383,32.83000183105469,32.13800048828125,32.20500183105469,11490
2018-06-25,32.16400146484375,32.16400146484375,32.93600082397461,32.099998474121094,32.93600082397461,23150
2018-06-26,32.13199996948242,32.13199996948242,32.20000076293945,31.860000610351562,32.20000076293945,17610
2018-06-27,31.20800018310547,31.20800018310547,31.80500030517578,31.204999923706055,31.80500030517578,41520
2018-06-28,30.94300079345703,30.94300079345703,31.399999618530273,30.6200008392334,31.0,38640
2018-06-29,31.01300048828125,31.01300048828125,31.405000686645508,31.010000228881836,31.405000686645508,28900
2018-07-02,31.049999237060547,31.049999237060547,31.25,30.400999069213867,30.94700050354004,9290
2018-07-03,30.871999740600586,30.871999740600586,31.124000549316406,30.652999877929688,31.124000549316406,11630
2018-07-04,30.788000106811523,30.788000106811523,30.822999954223633,30.5,30.56599998474121,6550
2018-07-05,30.70800018310547,30.70800018310547,30.847999572753906,30.5049991607666,30.799999237060547,31820
2018-07-06,31.42099952697754,31.42099952697754,31.579999923706055,30.618000030517578,30.677000045776367,28790
2018-07-09,31.447999954223633,31.447999954223633,31.520000457763672,30.871999740600586,31.31999969482422,13240
2018-07-10,31.70199966430664,31.70199966430664,31.719999313354492,31.406999588012695,31.47599983215332,11700
2018-07-11,31.0,31.0,31.799999237060547,30.90999984741211,31.799999237060547,7900
2018-07-12,31.42099952697754,31.42099952697754,31.690000534057617,31.167999267578125,31.374000549316406,4880
2018-07-13,30.525999069213867,30.525999069213867,30.78700065612793,30.51799964904785,30.75,27800
2018-07-16,30.020999908447266,30.020999908447266,30.503000259399414,29.899999618530273,30.503000259399414,32090
2018-07-17,30.924999237060547,30.924999237060547,31.131999969482422,30.0,30.0,40820
2018-07-18,31.048999786376953,31.048999786376953,31.200000762939453,30.472999572753906,31.040000915527344,15380
2018-07-19,30.878000259399414,30.878000259399414,31.29599952697754,30.520000457763672,31.0,6630
2018-07-20,31.099000930786133,31.099000930786133,31.26300048828125,30.797000885009766,31.26300048828125,8660
2018-07-23,31.87700080871582,31.87700080871582,31.895000457763672,30.927000045776367,31.0,25690
2018-07-24,32.111000061035156,32.111000061035156,32.189998626708984,31.731000900268555,31.899999618530273,37100
2018-07-25,32.41999816894531,32.41999816894531,32.5,31.899999618530273,32.20000076293945,28580
2018-07-26,34.25,34.25,34.400001525878906,32.41999816894531,32.41999816894531,111320
2018-07-27,34.430999755859375,34.430999755859375,35.26499938964844,33.96099853515625,33.96099853515625,46300
2018-07-30,35.91899871826172,35.91899871826172,35.999000549316406,34.84000015258789,34.84000015258789,70140
2018-07-31,35.46200180053711,35.46200180053711,36.31999969482422,35.20000076293945,35.82099914550781,176860
2018-08-01,35.483001708984375,35.483001708984375,35.77799987792969,34.86000061035156,35.36800003051758,16630
2018-08-02,35.22100067138672,35.22100067138672,35.573001861572266,34.9900016784668,35.02799987792969,55270
2018-08-03,35.946998596191406,35.946998596191406,35.97999954223633,35.332000732421875,35.332000732421875,36870
2018-08-06,36.99300003051758,36.99300003051758,37.189998626708984,36.0,36.0,52620
2018-08-07,36.30099868774414,36.30099868774414,37.0,35.94900131225586,37.0,20100
2018-08-08,36.28300094604492,36.28300094604492,36.566001892089844,36.1870002746582,36.35599899291992,7660
2018-08-09,37.571998596191406,37.571998596191406,37.599998474121094,36.5,36.5,36180
2018-08-10,36.20399856567383,36.20399856567383,38.21699905395508,35.81999969482422,36.900001525878906,70180
2018-08-13,35.0,35.0,35.72200012207031,34.70500183105469,35.20500183105469,22110
2018-08-14,34.85599899291992,34.85599899291992,35.55400085449219,34.85599899291992,35.55400085449219,6580
2018-08-16,34.87900161743164,34.87900161743164,35.391998291015625,34.5,35.005001068115234,13420
2018-08-17,35.875999450683594,35.875999450683594,35.880001068115234,34.85499954223633,34.95500183105469,23100
2018-08-20,36.43899917602539,36.43899917602539,36.479000091552734,35.29999923706055,35.29999923706055,26380
2018-08-21,36.29999923706055,36.29999923706055,36.35300064086914,35.9119987487793,36.15800094604492,20510
2018-08-23,35.849998474121094,35.849998474121094,36.356998443603516,35.38100051879883,36.356998443603516,9630
2018-08-24,35.79800033569336,35.79800033569336,36.310001373291016,35.500999450683594,36.005001068115234,6690
2018-08-27,36.41899871826172,36.41899871826172,36.54899978637695,36.189998626708984,36.20000076293945,8920
2018-08-28,35.777000427246094,35.777000427246094,36.5,35.5,35.619998931884766,5230
2018-08-29,36.45199966430664,36.45199966430664,36.73099899291992,35.99100112915039,36.099998474121094,17290
2018-08-30,36.494998931884766,36.494998931884766,37.20000076293945,36.150001525878906,36.599998474121094,18940
2018-08-31,36.691001892089844,36.691001892089844,36.70000076293945,36.16299819946289,36.61000061035156,6340
2018-09-03,36.40999984741211,36.40999984741211,37.28099822998047,36.400001525878906,36.400001525878906,11690
2018-09-04,35.016998291015625,35.016998291015625,36.3390007019043,34.95500183105469,36.16600036621094,36900
2018-09-05,35.064998626708984,35.064998626708984,35.32600021362305,34.500999450683594,35.099998474121094,32370
2018-09-06,35.178001403808594,35.178001403808594,35.439998626708984,35.099998474121094,35.40399932861328,7330
2018-09-07,34.874000549316406,34.874000549316406,34.95000076293945,34.650001525878906,34.77899932861328,57510
2018-09-10,34.125999450683594,34.125999450683594,35.00400161743164,34.00699996948242,35.00400161743164,3890
2018-09-11,33.808998107910156,33.808998107910156,34.731998443603516,33.61000061035156,34.57899856567383,1980
2018-09-12,33.68199920654297,33.68199920654297,34.400001525878906,33.29999923706055,34.400001525878906,20340
2018-09-14,34.29999923706055,34.29999923706055,34.444000244140625,34.0,34.0,16360
2018-09-17,33.99800109863281,33.99800109863281,34.09600067138672,33.10499954223633,33.27000045776367,21070
2018-09-18,32.12099838256836,32.12099838256836,34.79999923706055,32.04999923706055,34.79999923706055,39060
2018-09-19,31.996000289916992,31.996000289916992,33.29999923706055,31.92799949645996,32.220001220703125,118710
2018-09-21,31.545000076293945,31.545000076293945,32.71699905395508,30.399999618530273,32.52399826049805,22000
2018-09-24,30.454999923706055,30.454999923706055,31.542999267578125,30.100000381469727,31.399999618530273,44920
2018-09-25,31.150999069213867,31.150999069213867,31.323999404907227,30.280000686645508,30.450000762939453,30730
2018-09-26,30.89699935913086,30.89699935913086,33.29999923706055,30.600000381469727,32.09000015258789,43610
2018-09-27,30.503000259399414,30.503000259399414,30.899999618530273,30.5,30.690000534057617,61390
2018-09-28,29.979999542236328,29.979999542236328,30.986000061035156,29.799999237060547,30.920000076293945,79790
2018-10-01,30.976999282836914,30.976999282836914,31.200000762939453,29.5,29.5,11930
2018-10-03,30.959999084472656,30.959999084472656,31.600000381469727,30.799999237060547,31.030000686645508,14340
2018-10-04,30.989999771118164,30.989999771118164,30.992000579833984,30.51099967956543,30.750999450683594,22740
2018-10-05,29.59600067138672,29.59600067138672,33.099998474121094,29.299999237060547,31.5,56330
2018-10-08,30.132999420166016,30.132999420166016,30.270000457763672,29.399999618530273,29.649999618530273,58950
2018-10-09,29.69499969482422,29.69499969482422,30.08799934387207,27.3700008392334,29.229999542236328,118560
2018-10-10,31.108999252319336,31.108999252319336,31.399999618530273,29.700000762939453,29.700000762939453,37460
2018-10-11,29.632999420166016,29.632999420166016,30.163000106811523,29.510000228881836,30.118999481201172,24510
2018-10-12,29.993999481201172,29.993999481201172,30.31399917602539,29.899999618530273,30.2189998626709,9080
2018-10-15,29.924999237060547,29.924999237060547,30.134000778198242,29.777999877929688,30.100000381469727,4390
2018-10-16,30.895000457763672,30.895000457763672,30.937999725341797,30.299999237060547,30.5,20720
2018-10-17,29.833999633789062,29.833999633789062,31.5,29.729000091552734,31.100000381469727,18980
2018-10-19,29.850000381469727,29.850000381469727,30.141000747680664,29.40999984741211,29.40999984741211,124200
2018-10-22,29.756000518798828,29.756000518798828,30.33300018310547,29.700000762939453,30.0,11700
2018-10-23,29.226999282836914,29.226999282836914,30.299999237060547,29.16900062561035,29.54199981689453,86150
2018-10-24,29.17099952697754,29.17099952697754,29.698999404907227,29.000999450683594,29.549999237060547,19690
2018-10-25,28.69499969482422,28.69499969482422,29.100000381469727,28.540000915527344,29.100000381469727,16030
2018-10-26,28.614999771118164,28.614999771118164,29.299999237060547,28.5,28.666000366210938,116780
2018-10-29,30.8700008392334,30.8700008392334,30.899999618530273,29.079999923706055,29.079999923706055,55730
2018-10-30,31.481000900268555,31.481000900268555,32.20000076293945,30.816999435424805,30.816999435424805,22080
2018-10-31,32.20899963378906,32.20899963378906,33.599998474121094,31.111000061035156,32.400001525878906,61750
2018-11-01,32.72100067138672,32.72100067138672,32.880001068115234,32.20000076293945,32.20000076293945,58140
2018-11-02,32.32400131225586,32.32400131225586,33.3489990234375,32.22100067138672,32.9900016784668,22610
2018-11-05,33.231998443603516,33.231998443603516,33.78099822998047,32.45500183105469,32.900001525878906,7870
2018-11-06,32.65999984741211,32.65999984741211,33.49599838256836,32.45000076293945,33.4640007019043,11140
2018-11-07,32.724998474121094,32.724998474121094,33.0,32.70000076293945,33.0,2340
2018-11-09,32.599998474121094,32.599998474121094,32.98500061035156,32.5,32.689998626708984,9950
2018-11-12,31.775999069213867,31.775999069213867,32.196998596191406,31.667999267578125,32.196998596191406,10530
2018-11-13,31.736000061035156,31.736000061035156,31.780000686645508,31.29199981689453,31.5,3540
2018-11-14,32.48899841308594,32.48899841308594,36.900001525878906,31.985000610351562,32.68000030517578,93140
2018-11-15,32.691001892089844,32.691001892089844,32.82899856567383,32.150001525878906,32.5620002746582,8980
2018-11-16,33.22100067138672,33.22100067138672,33.349998474121094,32.400001525878906,32.430999755859375,12910
2018-11-19,33.257999420166016,33.257999420166016,33.5,32.224998474121094,33.0,113170
2018-11-20,32.23699951171875,32.23699951171875,33.25,31.93000030517578,32.59000015258789,201570
2018-11-21,32.9739990234375,32.9739990234375,33.09700012207031,32.551998138427734,32.770999908447266,25240
2018-11-22,32.39400100708008,32.39400100708008,32.79800033569336,32.38600158691406,32.75,9910
2018-11-26,32.72100067138672,32.72100067138672,32.73400115966797,32.06100082397461,32.319000244140625,87180
2018-11-27,32.89899826049805,32.89899826049805,33.400001525878906,32.599998474121094,33.099998474121094,22770
2018-11-28,32.303001403808594,32.303001403808594,33.29100036621094,32.29999923706055,32.7760009765625,188460
2018-11-29,32.43299865722656,32.43299865722656,33.279998779296875,32.400001525878906,32.95000076293945,10740
2018-11-30,32.36399841308594,32.36399841308594,32.801998138427734,32.30799865722656,32.619998931884766,9210
2018-12-03,32.599998474121094,32.599998474121094,32.61000061035156,32.35200119018555,32.45000076293945,1650
2018-12-04,32.28799819946289,32.28799819946289,32.84299850463867,32.0,32.66999816894531,1840
2018-12-05,31.711999893188477,31.711999893188477,32.292999267578125,31.700000762939453,32.20000076293945,18530
2018-12-06,31.41200065612793,31.41200065612793,32.0,31.360000610351562,32.0,36810
2018-12-07,31.341999053955078,31.341999053955078,31.600000381469727,30.915000915527344,31.600000381469727,23230
2018-12-10,31.190000534057617,31.190000534057617,31.899999618530273,30.5,30.700000762939453,4710
2018-12-11,31.517000198364258,31.517000198364258,31.951000213623047,30.600000381469727,30.600000381469727,6130
2018-12-12,32.59000015258789,32.59000015258789,32.69900131225586,32.099998474121094,32.47999954223633,115910
2018-12-13,32.85200119018555,32.85200119018555,33.470001220703125,32.70000076293945,32.70000076293945,31730
2018-12-14,33.04999923706055,33.04999923706055,33.5,32.70000076293945,32.70000076293945,18750
2018-12-17,32.8489990234375,32.8489990234375,33.25699996948242,32.79999923706055,33.1510009765625,4880
2018-12-18,33.33599853515625,33.33599853515625,33.45000076293945,32.599998474121094,32.599998474121094,10660
2018-12-19,34.305999755859375,34.305999755859375,34.79999923706055,33.5,33.5,368500
2018-12-20,33.70199966430664,33.70199966430664,34.875,33.70199966430664,34.0099983215332,25660
2018-12-21,33.63800048828125,33.63800048828125,34.79999923706055,33.47999954223633,34.400001525878906,13940
2018-12-24,33.61600112915039,33.61600112915039,34.00699996948242,33.4010009765625,33.63800048828125,4530
2018-12-26,33.98400115966797,33.98400115966797,34.137001037597656,32.90399932861328,33.20000076293945,25750
2018-12-27,33.81399917602539,33.81399917602539,34.599998474121094,33.694000244140625,34.099998474121094,19370
2018-12-28,34.24300003051758,34.24300003051758,34.26900100708008,33.900001525878906,34.099998474121094,2550
2018-12-31,34.35100173950195,34.35100173950195,34.499000549316406,34.020999908447266,34.24300003051758,11210
2019-01-01,34.92100143432617,34.92100143432617,35.0,34.19200134277344,34.31999969482422,13740
2019-01-02,34.2859992980957,34.2859992980957,35.06399917602539,34.11000061035156,34.7869987487793,13490
2019-01-03,33.7859992980957,33.7859992980957,34.28499984741211,33.67499923706055,34.28499984741211,6330
2019-01-04,34.654998779296875,34.654998779296875,34.689998626708984,33.7869987487793,34.0,22520
2019-01-07,34.10100173950195,34.10100173950195,35.099998474121094,33.66899871826172,34.97999954223633,12110
2019-01-08,35.2599983215332,35.2599983215332,35.29999923706055,34.417999267578125,34.5,112320
2019-01-09,35.150001525878906,35.150001525878906,35.31700134277344,34.481998443603516,35.29999923706055,214190
2019-01-10,35.18199920654297,35.18199920654297,35.54999923706055,34.80099868774414,35.08000183105469,14150
2019-01-11,34.939998626708984,34.939998626708984,35.255001068115234,34.86000061035156,35.08000183105469,91860
2019-01-14,34.792999267578125,34.792999267578125,35.19900131225586,34.61399841308594,34.900001525878906,14170
2019-01-15,34.82600021362305,34.82600021362305,38.099998474121094,34.749000549316406,35.24399948120117,149860
2019-01-16,35.196998596191406,35.196998596191406,35.52399826049805,31.690000534057617,34.5,176050
2019-01-17,34.40700149536133,34.40700149536133,35.599998474121094,34.39400100708008,35.599998474121094,14760
2019-01-18,34.71799850463867,34.71799850463867,35.5,33.97200012207031,34.29600143432617,38390
2019-01-21,33.784000396728516,33.784000396728516,34.30699920654297,33.51499938964844,34.20000076293945,25030
2019-01-22,33.46500015258789,33.46500015258789,34.470001220703125,33.15399932861328,33.52000045776367,23820
2019-01-23,33.05099868774414,33.05099868774414,33.67499923706055,32.92599868774414,33.375999450683594,36860
2019-01-24,33.051998138427734,33.051998138427734,33.244998931884766,32.9739990234375,33.20000076293945,9760
2019-01-25,32.597999572753906,32.597999572753906,33.4109992980957,32.54999923706055,33.38999938964844,3220
2019-01-28,32.04899978637695,32.04899978637695,32.54399871826172,31.5,32.20000076293945,17580
2019-01-29,32.51499938964844,32.51499938964844,32.900001525878906,31.959999084472656,32.50400161743164,46370
2019-01-30,32.6510009765625,32.6510009765625,32.92300033569336,32.30799865722656,32.67499923706055,7270
2019-01-31,33.387001037597656,33.387001037597656,33.608001708984375,32.79999923706055,33.0,14080
2019-02-01,32.58399963378906,32.58399963378906,34.099998474121094,32.209999084472656,33.43000030517578,23630
2019-02-04,32.32500076293945,32.32500076293945,32.625,31.799999237060547,32.625,24370
2019-02-05,32.244998931884766,32.244998931884766,33.25,32.04600143432617,33.0,8780
2019-02-06,32.50600051879883,32.50600051879883,33.0,32.0,33.0,3440
2019-02-07,32.599998474121094,32.599998474121094,33.02399826049805,32.5620002746582,32.74700164794922,7240
2019-02-08,31.9950008392334,31.9950008392334,32.29999923706055,31.882999420166016,32.20000076293945,8150
2019-02-11,31.591999053955078,31.591999053955078,32.29999923706055,31.549999237060547,32.29999923706055,10250
2019-02-12,31.07200050354004,31.07200050354004,31.673999786376953,31.0,31.591999053955078,26060
2019-02-14,30.382999420166016,30.382999420166016,30.899999618530273,30.100000381469727,30.5,9020
2019-02-15,29.827999114990234,29.827999114990234,30.799999237060547,29.700000762939453,30.799999237060547,116440
2019-02-18,29.506000518798828,29.506000518798828,30.141000747680664,29.400999069213867,29.799999237060547,17420
2019-02-19,29.801000595092773,29.801000595092773,30.325000762939453,29.511999130249023,30.0,5450
2019-02-20,30.44499969482422,30.44499969482422,30.46299934387207,29.5,29.700000762939453,128160
2019-02-21,30.559999465942383,30.559999465942383,31.100000381469727,30.35300064086914,30.889999389648438,7990
2019-02-22,30.711000442504883,30.711000442504883,30.731000900268555,30.5,30.610000610351562,194710
2019-02-25,30.746999740600586,30.746999740600586,30.75200080871582,30.402000427246094,30.600000381469727,142370
2019-02-26,30.22599983215332,30.22599983215332,30.32699966430664,29.798999786376953,30.291000366210938,267060
2019-02-27,30.231000900268555,30.231000900268555,31.0,30.106000900268555,30.65999984741211,179480
2019-02-28,30.44499969482422,30.44499969482422,30.77899932861328,30.371999740600586,30.450000762939453,115950
2019-03-01,31.280000686645508,31.280000686645508,31.399999618530273,30.937000274658203,31.0,4410
2019-03-05,32.10300064086914,32.10300064086914,32.11600112915039,31.464000701904297,31.600000381469727,17950
2019-03-06,32.1150016784668,32.1150016784668,32.520999908447266,32.099998474121094,32.47999954223633,39100
2019-03-07,32.5880012512207,32.5880012512207,32.720001220703125,32.000999450683594,32.000999450683594,7660
2019-03-08,32.53900146484375,32.53900146484375,32.749000549316406,32.5,32.749000549316406,7950
2019-03-11,33.20399856567383,33.20399856567383,33.79999923706055,32.5,32.5,83670
2019-03-12,33.13800048828125,33.13800048828125,33.86000061035156,33.099998474121094,33.599998474121094,50580
2019-03-13,33.60499954223633,33.60499954223633,33.749000549316406,32.89500045776367,33.130001068115234,17030
2019-03-14,33.52799987792969,33.52799987792969,33.72600173950195,33.40999984741211,33.599998474121094,10630
2019-03-15,34.513999938964844,34.513999938964844,34.8390007019043,33.599998474121094,33.599998474121094,113790
2019-03-18,34.34199905395508,34.34199905395508,35.20000076293945,33.89899826049805,35.20000076293945,10850
2019-03-19,35.11399841308594,35.11399841308594,35.400001525878906,34.58399963378906,34.70000076293945,139030
2019-03-20,35.35599899291992,35.35599899291992,36.0,34.85200119018555,35.79999923706055,73460
2019-03-22,34.56999969482422,34.56999969482422,36.0,34.5,34.5,8770
2019-03-25,34.11000061035156,34.11000061035156,34.99700164794922,33.92300033569336,34.16999816894531,2140
2019-03-26,35.10900115966797,35.10900115966797,35.32400131225586,34.465999603271484,34.59600067138672,115400
2019-03-27,35.81800079345703,35.81800079345703,35.97999954223633,35.099998474121094,35.099998474121094,244370
2019-03-28,36.6870002746582,36.6870002746582,36.95000076293945,35.814998626708984,35.814998626708984,339120
2019-04-01,37.143001556396484,37.143001556396484,37.9900016784668,36.900001525878906,36.900001525878906,226230
2019-04-02,37.74700164794922,37.74700164794922,38.11800003051758,37.257999420166016,37.33000183105469,149140
2019-04-03,36.66600036621094,36.66600036621094,38.099998474121094,36.65700149536133,38.0,158640
2019-04-04,36.67599868774414,36.67599868774414,37.30500030517578,36.39099884033203,36.89899826049805,28700
2019-04-05,36.34600067138672,36.34600067138672,36.70500183105469,36.150001525878906,36.65999984741211,11430
2019-04-08,35.99599838256836,35.99599838256836,37.0,35.7239990234375,36.0,6270
2019-04-09,36.402000427246094,36.402000427246094,36.61899948120117,35.525001525878906,35.93600082397461,12050
2019-04-10,36.20000076293945,36.20000076293945,36.689998626708984,36.20000076293945,36.400001525878906,3040
2019-04-11,36.09000015258789,36.09000015258789,36.400001525878906,35.94200134277344,36.400001525878906,2460
2019-04-12,36.29999923706055,36.29999923706055,36.59000015258789,35.76300048828125,36.59000015258789,5610
2019-04-15,36.457000732421875,36.457000732421875,36.79999923706055,36.29999923706055,36.79999923706055,3580
2019-04-16,36.29999923706055,36.29999923706055,36.79999923706055,35.39500045776367,36.79999923706055,5210
2019-04-18,35.45500183105469,35.45500183105469,36.79999923706055,35.45000076293945,36.79999923706055,25440
2019-04-22,34.641998291015625,34.641998291015625,36.79999923706055,34.5099983215332,36.79999923706055,14350
2019-04-23,34.43199920654297,34.43199920654297,35.19499969482422,34.32400131225586,35.099998474121094,8730
2019-04-24,34.92399978637695,34.92399978637695,35.400001525878906,34.33100128173828,35.400001525878906,8660
2019-04-25,34.45600128173828,34.45600128173828,36.400001525878906,34.30500030517578,36.400001525878906,6470
2019-04-26,34.803001403808594,34.803001403808594,35.400001525878906,33.79999923706055,35.400001525878906,10000
2019-04-30,33.624000549316406,33.624000549316406,35.0,33.31999969482422,35.0,52550
2019-05-02,33.832000732421875,33.832000732421875,34.143001556396484,33.4109992980957,33.70000076293945,48020
2019-05-03,34.130001068115234,34.130001068115234,35.29999923706055,33.0,35.29999923706055,4510
2019-05-06,33.70199966430664,33.70199966430664,34.5,33.095001220703125,34.099998474121094,62340
2019-05-07,33.012001037597656,33.012001037597656,34.599998474121094,32.87200164794922,34.5,109080
2019-05-08,32.5260009765625,32.5260009765625,33.09199905395508,32.42499923706055,33.04999923706055,139110
2019-05-09,32.630001068115234,32.630001068115234,33.18000030517578,32.3489990234375,33.18000030517578,103350
2019-05-10,33.52299880981445,33.52299880981445,33.685001373291016,32.56399917602539,33.279998779296875,52890
2019-05-13,31.792999267578125,31.792999267578125,33.900001525878906,31.680999755859375,33.900001525878906,51450
2019-05-14,32.55799865722656,32.55799865722656,32.744998931884766,31.5,31.825000762939453,69140
2019-05-15,32.14500045776367,32.14500045776367,33.0,32.07400131225586,33.0,99680
2019-05-16,32.05400085449219,32.05400085449219,32.999000549316406,31.80500030517578,32.790000915527344,14060
2019-05-17,32.5,32.5,32.58100128173828,31.80500030517578,32.5,22600
2019-05-20,35.132999420166016,35.132999420166016,35.29999923706055,33.0,33.0,103330
2019-05-21,34.62300109863281,34.62300109863281,35.84000015258789,34.433998107910156,35.84000015258789,939420
2019-05-22,34.86800003051758,34.86800003051758,35.0,34.41999816894531,35.0,49230
2019-05-23,34.65999984741211,34.65999984741211,37.444000244140625,34.59199905395508,34.900001525878906,238350
2019-05-24,36.75899887084961,36.75899887084961,36.88999938964844,34.400001525878906,35.349998474121094,192900
2019-05-27,37.415000915527344,37.415000915527344,37.56800079345703,37.0,37.20000076293945,191430
2019-05-28,37.2400016784668,37.2400016784668,37.900001525878906,36.893001556396484,37.900001525878906,48120
2019-05-29,36.1879997253418,36.1879997253418,37.70000076293945,36.09600067138672,37.70000076293945,22570
2019-05-30,36.22800064086914,36.22800064086914,36.624000549316406,36.0099983215332,36.400001525878906,14220
2019-05-31,35.75600051879883,35.75600051879883,36.79999923706055,35.29999923706055,36.79999923706055,24140
2019-06-03,35.92100143432617,35.92100143432617,36.29999923706055,35.5,36.29999923706055,390860
2019-06-04,36.1870002746582,36.1870002746582,36.70000076293945,36.0,36.099998474121094,15490
2019-06-06,34.44499969482422,34.44499969482422,36.29999923706055,34.400001525878906,36.29999923706055,86660
2019-06-07,34.452999114990234,34.452999114990234,34.7859992980957,33.87799835205078,34.5,92960
2019-06-10,33.82699966430664,33.82699966430664,34.779998779296875,33.691001892089844,34.779998779296875,70810
2019-06-11,34.29999923706055,34.29999923706055,34.48500061035156,33.72700119018555,34.400001525878906,74510
2019-06-12,34.270999908447266,34.270999908447266,34.5,34.095001220703125,34.5,66540
2019-06-13,33.88600158691406,33.88600158691406,34.0,33.11000061035156,34.0,116600
2019-06-14,33.900001525878906,33.900001525878906,34.20000076293945,33.51300048828125,34.20000076293945,57540
2019-06-17,33.22800064086914,33.22800064086914,34.20000076293945,32.89500045776367,34.20000076293945,8000
2019-06-18,33.099998474121094,33.099998474121094,33.900001525878906,33.03799819946289,33.900001525878906,3790
2019-06-19,32.85900115966797,32.85900115966797,33.79999923706055,32.709999084472656,33.79999923706055,14810
2019-06-20,33.79399871826172,33.79399871826172,33.900001525878906,32.874000549316406,33.5,31280
2019-06-21,34.04199981689453,34.04199981689453,34.21200180053711,33.689998626708984,33.689998626708984,10790
2019-06-24,34.04999923706055,34.04999923706055,35.099998474121094,34.04999923706055,34.20000076293945,7570
2019-06-25,34.119998931884766,34.119998931884766,34.46099853515625,33.70000076293945,34.400001525878906,111140
2019-06-26,34.96900177001953,34.96900177001953,35.20000076293945,34.29999923706055,34.5,110300
2019-06-27,34.944000244140625,34.944000244140625,35.29999923706055,34.888999938964844,35.29999923706055,38080
2019-06-28,35.54800033569336,35.54800033569336,35.939998626708984,35.150001525878906,35.20000076293945,139560
2019-07-01,35.35499954223633,35.35499954223633,35.900001525878906,35.099998474121094,35.900001525878906,25730
2019-07-02,35.18899917602539,35.18899917602539,35.619998931884766,35.099998474121094,35.56999969482422,9130
2019-07-03,35.67399978637695,35.67399978637695,35.94300079345703,35.099998474121094,35.63999938964844,103890
2019-07-04,36.44599914550781,36.44599914550781,36.79499816894531,35.88999938964844,35.900001525878906,275130
2019-07-05,36.354000091552734,36.354000091552734,36.810001373291016,35.900001525878906,36.79999923706055,293210
2019-07-08,34.270999908447266,34.270999908447266,41.0,34.20000076293945,41.0,194980
2019-07-09,34.65599822998047,34.65599822998047,34.82500076293945,34.1619987487793,34.79999923706055,73150
2019-07-10,34.28799819946289,34.28799819946289,35.12799835205078,34.165000915527344,34.79999923706055,16560
2019-07-11,34.90999984741211,34.90999984741211,35.099998474121094,34.35300064086914,34.79999923706055,22290
2019-07-12,34.992000579833984,34.992000579833984,35.29999923706055,34.849998474121094,35.20000076293945,30550
2019-07-15,34.13600158691406,34.13600158691406,35.29999923706055,34.099998474121094,35.29999923706055,14070
2019-07-16,34.505001068115234,34.505001068115234,34.70000076293945,34.29999923706055,34.70000076293945,14450
2019-07-17,34.92300033569336,34.92300033569336,35.0,34.49800109863281,34.49800109863281,6920
2019-07-18,33.98899841308594,33.98899841308594,34.757999420166016,33.94599914550781,34.56999969482422,10320
2019-07-19,33.242000579833984,33.242000579833984,34.0,33.099998474121094,33.97999954223633,30950
2019-07-22,33.082000732421875,33.082000732421875,33.52299880981445,32.81999969482422,33.2400016784668,36840
2019-07-23,32.15399932861328,32.15399932861328,33.138999938964844,31.899999618530273,32.935001373291016,94200
2019-07-24,31.51300048828125,31.51300048828125,32.224998474121094,31.40999984741211,32.224998474121094,12420
2019-07-25,31.149999618530273,31.149999618530273,31.799999237060547,30.906999588012695,31.799999237060547,37810
2019-07-26,31.61400032043457,31.61400032043457,32.09600067138672,31.48900032043457,31.48900032043457,60850
2019-07-29,31.44099998474121,31.44099998474121,31.899999618530273,31.14699935913086,31.899999618530273,24920
2019-07-30,29.97100067138672,29.97100067138672,31.5049991607666,29.899999618530273,31.44099998474121,42410
2019-07-31,30.336000442504883,30.336000442504883,30.520000457763672,29.8700008392334,30.100000381469727,107700
2019-08-01,29.73699951171875,29.73699951171875,30.44099998474121,29.155000686645508,30.44099998474121,27260
2019-08-02,29.357999801635742,29.357999801635742,30.014999389648438,29.010000228881836,29.56999969482422,17330
2019-08-05,29.11400032043457,29.11400032043457,29.350000381469727,27.81999969482422,29.0,321080
2019-08-06,29.159000396728516,29.159000396728516,29.5,28.865999221801758,29.5,30340
2019-08-07,28.27400016784668,28.27400016784668,29.53700065612793,28.100000381469727,29.53700065612793,10790
2019-08-08,28.613000869750977,28.613000869750977,28.73900032043457,27.954999923706055,28.325000762939453,28410
2019-08-09,28.589000701904297,28.589000701904297,29.899999618530273,28.427000045776367,29.0,27850
2019-08-13,27.924999237060547,27.924999237060547,28.834999084472656,27.888999938964844,28.589000701904297,28710
2019-08-14,28.284000396728516,28.284000396728516,28.350000381469727,27.924999237060547,28.100000381469727,10620
2019-08-16,28.58799934387207,28.58799934387207,28.799999237060547,27.860000610351562,28.284000396728516,120810
2019-08-19,28.538000106811523,28.538000106811523,28.739999771118164,27.469999313354492,28.3700008392334,13250
2019-08-20,27.822999954223633,27.822999954223633,29.079999923706055,27.639999389648438,28.899999618530273,14680
2019-08-21,26.988000869750977,26.988000869750977,27.92099952697754,26.80500030517578,27.600000381469727,46410
2019-08-22,26.027000427246094,26.027000427246094,27.0,25.868999481201172,27.0,24340
2019-08-23,26.558000564575195,26.558000564575195,26.799999237060547,25.549999237060547,25.969999313354492,38930
2019-08-26,27.232999801635742,27.232999801635742,27.700000762939453,26.507999420166016,27.399999618530273,53470
2019-08-27,28.18000030517578,28.18000030517578,28.464000701904297,27.25,28.100000381469727,39610
2019-08-28,27.78499984741211,27.78499984741211,28.167999267578125,27.52899932861328,28.100000381469727,19950
2019-08-29,27.045000076293945,27.045000076293945,27.65999984741211,26.895000457763672,27.600000381469727,20920
2019-08-30,27.386999130249023,27.386999130249023,27.426000595092773,26.5,27.236000061035156,37290
2019-09-03,27.764999389648438,27.764999389648438,31.5,24.920000076293945,26.5,122900
2019-09-04,26.204999923706055,26.204999923706055,27.209999084472656,25.899999618530273,27.209999084472656,142170
2019-09-05,26.1560001373291,26.1560001373291,26.3799991607666,26.030000686645508,26.34600067138672,15390
2019-09-06,26.30299949645996,26.30299949645996,26.549999237060547,26.1560001373291,26.40999984741211,23050
2019-09-09,26.58099937438965,26.58099937438965,26.700000762939453,26.094999313354492,26.5,21030
2019-09-11,27.489999771118164,27.489999771118164,27.549999237060547,26.72100067138672,26.72100067138672,216570
2019-09-12,27.64699935913086,27.64699935913086,27.88800048828125,27.450000762939453,27.549999237060547,26530
2019-09-13,27.68899917602539,27.68899917602539,27.770999908447266,26.969999313354492,27.469999313354492,160130
2019-09-16,27.350000381469727,27.350000381469727,27.78499984741211,27.299999237060547,27.469999313354492,9440
2019-09-17,26.350000381469727,26.350000381469727,27.422000885009766,26.309999465942383,27.30500030517578,106670
2019-09-18,26.698999404907227,26.698999404907227,26.899999618530273,26.309999465942383,26.510000228881836,16060
2019-09-19,26.017000198364258,26.017000198364258,26.493999481201172,26.0,26.493999481201172,32780
2019-09-20,27.70599937438965,27.70599937438965,28.180999755859375,25.565000534057617,26.100000381469727,417840
2019-09-23,28.381000518798828,28.381000518798828,28.569000244140625,27.524999618530273,28.15999984741211,190220
2019-09-24,27.804000854492188,27.804000854492188,28.450000762939453,27.780000686645508,28.299999237060547,22280
2019-09-25,26.273000717163086,26.273000717163086,27.549999237060547,26.150999069213867,27.549999237060547,35640
2019-09-26,26.506999969482422,26.506999969482422,27.12299919128418,26.30900001525879,26.30900001525879,58730
2019-09-27,26.138999938964844,26.138999938964844,27.0,26.100000381469727,26.549999237060547,27290
2019-09-30,25.368999481201172,25.368999481201172,27.099000930786133,25.125,26.5,50020
2019-10-01,24.31399917602539,24.31399917602539,25.718000411987305,23.447999954223633,25.635000228881836,109930
2019-10-03,24.344999313354492,24.344999313354492,24.649999618530273,24.104000091552734,24.399999618530273,69750
2019-10-04,23.958999633789062,23.958999633789062,24.770999908447266,23.899999618530273,24.600000381469727,23370
2019-10-07,23.743000030517578,23.743000030517578,27.549999237060547,23.600000381469727,25.639999389648438,42680
2019-10-09,24.423999786376953,24.423999786376953,24.719999313354492,23.385000228881836,23.5049991607666,18380
2019-10-10,23.773000717163086,23.773000717163086,24.5,23.680999755859375,24.3700008392334,14250
2019-10-11,23.922000885009766,23.922000885009766,24.134000778198242,23.440000534057617,23.635000228881836,33310
2019-10-14,23.82200050354004,23.82200050354004,24.549999237060547,23.72599983215332,24.100000381469727,24360
2019-10-15,23.797000885009766,23.797000885009766,24.100000381469727,23.548999786376953,24.100000381469727,18500
2019-10-16,23.77400016784668,23.77400016784668,24.177000045776367,23.5,23.5,21580
2019-10-17,24.441999435424805,24.441999435424805,24.5,23.700000762939453,23.714000701904297,31500
2019-10-18,24.761999130249023,24.761999130249023,24.923999786376953,24.549999237060547,24.549999237060547,39760
2019-10-22,25.00200080871582,25.00200080871582,25.399999618530273,24.67300033569336,25.0,42490
2019-10-23,25.454999923706055,25.454999923706055,25.549999237060547,24.660999298095703,25.0,34980
2019-10-24,24.482999801635742,24.482999801635742,25.490999221801758,24.0,25.454999923706055,173000
2019-10-25,25.26799964904785,25.26799964904785,25.450000762939453,24.600000381469727,24.600000381469727,31920
2019-10-27,25.49799919128418,25.49799919128418,25.55699920654297,25.100000381469727,25.4950008392334,5070
2019-10-29,25.613000869750977,25.613000869750977,25.899999618530273,24.799999237060547,25.57900047302246,33230
2019-10-30,26.503999710083008,26.503999710083008,26.70199966430664,25.700000762939453,25.812000274658203,100060
2019-10-31,27.524999618530273,27.524999618530273,28.0,26.649999618530273,26.899999618530273,230310
2019-11-01,27.820999145507812,27.820999145507812,28.29400062561035,27.530000686645508,27.53499984741211,2443320
2019-11-04,28.113000869750977,28.113000869750977,28.93000030517578,27.0,28.0,129640
2019-11-05,27.941999435424805,27.941999435424805,28.65999984741211,27.799999237060547,28.5,44030
2019-11-06,27.707000732421875,27.707000732421875,27.93899917602539,26.895000457763672,27.700000762939453,56440
2019-11-07,27.333999633789062,27.333999633789062,28.06399917602539,27.308000564575195,27.968000411987305,104890
2019-11-08,26.81100082397461,26.81100082397461,27.386999130249023,26.75,27.31999969482422,27720
2019-11-11,27.104999542236328,27.104999542236328,27.177000045776367,26.81100082397461,26.81100082397461,44310
2019-11-13,26.320999145507812,26.320999145507812,27.232999801635742,26.21500015258789,27.06999969482422,61800
2019-11-14,26.15999984741211,26.15999984741211,26.48699951171875,25.628999710083008,26.17799949645996,32850
2019-11-15,27.06999969482422,27.06999969482422,27.398000717163086,26.15999984741211,26.200000762939453,115290
2019-11-18,27.458999633789062,27.458999633789062,27.549999237060547,27.0,27.0,17580
2019-11-19,28.430999755859375,28.430999755859375,28.575000762939453,27.33300018310547,27.524999618530273,105980
2019-11-20,28.20400047302246,28.20400047302246,28.95599937438965,28.100000381469727,28.600000381469727,2157630
2019-11-21,28.231000900268555,28.231000900268555,29.059999465942383,28.139999389648438,28.600000381469727,344610
2019-11-22,28.26300048828125,28.26300048828125,28.5,28.082000732421875,28.285999298095703,55180
2019-11-25,28.506999969482422,28.506999969482422,28.600000381469727,28.200000762939453,28.200000762939453,112330
2019-11-26,28.423999786376953,28.423999786376953,29.077999114990234,28.200000762939453,28.799999237060547,100420
2019-11-27,28.770000457763672,28.770000457763672,28.9950008392334,28.398000717163086,28.600000381469727,44580
2019-11-28,29.9060001373291,29.9060001373291,29.996999740600586,28.780000686645508,28.799999237060547,162050
2019-11-29,29.40399932861328,29.40399932861328,30.190000534057617,29.34000015258789,30.100000381469727,42730
2019-12-02,29.0939998626709,29.0939998626709,29.999000549316406,29.0,29.799999237060547,23770
2019-12-03,28.33799934387207,28.33799934387207,29.450000762939453,28.215999603271484,29.450000762939453,60000
2019-12-04,28.804000854492188,28.804000854492188,28.889999389648438,28.031999588012695,28.299999237060547,52130
2019-12-05,28.319000244140625,28.319000244140625,29.049999237060547,28.290000915527344,28.804000854492188,56050
2019-12-06,27.167999267578125,27.167999267578125,28.75,27.010000228881836,28.75,115900
2019-12-09,27.065000534057617,27.065000534057617,27.562000274658203,26.833999633789062,27.200000762939453,276370
2019-12-10,26.687999725341797,26.687999725341797,27.2810001373291,26.600000381469727,27.0,45800
2019-12-11,26.64699935913086,26.64699935913086,26.884000778198242,26.22100067138672,26.71500015258789,122010
2019-12-12,27.264999389648438,27.264999389648438,27.284000396728516,26.700000762939453,26.700000762939453,16500
2019-12-13,28.256000518798828,28.256000518798828,28.382999420166016,27.299999237060547,27.299999237060547,61690
2019-12-16,27.996000289916992,27.996000289916992,28.399999618530273,27.94300079345703,28.299999237060547,15210
2019-12-17,28.14299964904785,28.14299964904785,28.49799919128418,28.0,28.0,25870
2019-12-18,27.631999969482422,27.631999969482422,28.600000381469727,27.575000762939453,28.399999618530273,14640
2019-12-19,2.7720000743865967,2.7720000743865967,3.2899999618530273,2.75,3.2899999618530273,903290
2019-12-20,2.8299999237060547,2.8299999237060547,2.990000009536743,2.7899999618530273,2.9700000286102295,354850
2019-12-23,27.81999969482422,27.81999969482422,28.360000610351562,27.799999237060547,28.299999237060547,17456
2019-12-24,27.75,27.75,28.020000457763672,27.709999084472656,27.809999465942383,17214
2019-12-26,27.6299991607666,27.6299991607666,28.0,27.600000381469727,28.0,12751
2019-12-27,28.280000686645508,28.280000686645508,28.440000534057617,27.649999618530273,27.649999618530273,22372
2019-12-30,27.739999771118164,27.739999771118164,28.190000534057617,27.6299991607666,28.1299991607666,142193
2019-12-31,27.84000015258789,27.84000015258789,27.989999771118164,27.770000457763672,27.889999389648438,23377
2020-01-01,27.809999465942383,27.809999465942383,27.969999313354492,27.600000381469727,27.600000381469727,7060
2020-01-02,28.360000610351562,28.360000610351562,28.399999618530273,27.739999771118164,28.0,17378
2020-01-03,27.81999969482422,27.81999969482422,28.299999237060547,27.739999771118164,28.299999237060547,30473
2020-01-06,26.670000076293945,26.670000076293945,28.31999969482422,26.489999771118164,27.899999618530273,90592
2020-01-07,26.59000015258789,26.59000015258789,27.149999618530273,26.329999923706055,26.799999237060547,30090
2020-01-08,26.389999389648438,26.389999389648438,26.399999618530273,25.959999084472656,26.399999618530273,28701
2020-01-09,26.989999771118164,26.989999771118164,27.100000381469727,26.799999237060547,26.899999618530273,25517
2020-01-10,27.170000076293945,27.170000076293945,27.489999771118164,26.950000762939453,26.989999771118164,25736
2020-01-13,27.100000381469727,27.100000381469727,27.34000015258789,26.700000762939453,26.700000762939453,2164
2020-01-14,27.1299991607666,27.1299991607666,27.31999969482422,26.950000762939453,27.1299991607666,12984
2020-01-15,27.09000015258789,27.09000015258789,27.15999984741211,26.700000762939453,27.0,7235
2020-01-16,27.200000762939453,27.200000762939453,27.299999237060547,26.899999618530273,27.15999984741211,24873
2020-01-17,27.079999923706055,27.079999923706055,27.200000762939453,26.760000228881836,26.950000762939453,17855
2020-01-20,26.649999618530273,26.649999618530273,26.979999542236328,26.5,26.899999618530273,26729
2020-01-21,26.649999618530273,26.649999618530273,26.75,26.520000457763672,26.75,16798
2020-01-22,26.489999771118164,26.489999771118164,26.809999465942383,26.420000076293945,26.809999465942383,8430
2020-01-23,26.84000015258789,26.84000015258789,26.950000762939453,26.5,26.5,22996
2020-01-24,26.940000534057617,26.940000534057617,27.100000381469727,26.889999389648438,27.0,8480
2020-01-27,26.360000610351562,26.360000610351562,26.799999237060547,26.34000015258789,26.799999237060547,24402
2020-01-28,26.049999237060547,26.049999237060547,26.600000381469727,25.940000534057617,26.5,13453
2020-01-29,26.1299991607666,26.1299991607666,26.420000076293945,26.079999923706055,26.3799991607666,18960
2020-01-30,25.920000076293945,25.920000076293945,26.100000381469727,25.709999084472656,26.100000381469727,45473
2020-01-31,26.299999237060547,26.299999237060547,27.600000381469727,25.809999465942383,26.040000915527344,78951
2020-02-03,24.510000228881836,24.510000228881836,26.200000762939453,24.3700008392334,25.700000762939453,62880
2020-02-04,24.739999771118164,24.739999771118164,25.200000762939453,24.549999237060547,25.0,49970
2020-02-05,24.729999542236328,24.729999542236328,25.700000762939453,24.56999969482422,25.0,17608
2020-02-06,26.079999923706055,26.079999923706055,26.8799991607666,24.850000381469727,24.940000534057617,470853
2020-02-07,25.510000228881836,25.510000228881836,25.799999237060547,25.239999771118164,25.700000762939453,45245
2020-02-10,25.1299991607666,25.1299991607666,25.459999084472656,25.049999237060547,25.450000762939453,41208
2020-02-11,25.270000457763672,25.270000457763672,25.479999542236328,25.1200008392334,25.3799991607666,10700
2020-02-12,24.709999084472656,24.709999084472656,25.489999771118164,24.700000762939453,25.299999237060547,19488
2020-02-13,24.829999923706055,24.829999923706055,25.059999465942383,24.739999771118164,24.989999771118164,28217
2020-02-14,24.299999237060547,24.299999237060547,24.989999771118164,24.299999237060547,24.850000381469727,42779
2020-02-17,23.610000610351562,23.610000610351562,24.549999237060547,23.600000381469727,24.549999237060547,59268
2020-02-18,23.479999542236328,23.479999542236328,23.799999237060547,22.899999618530273,23.799999237060547,147634
2020-02-19,23.610000610351562,23.610000610351562,24.399999618530273,23.350000381469727,23.899999618530273,30183
2020-02-20,23.8700008392334,23.8700008392334,24.049999237060547,23.0,23.899999618530273,50680
2020-02-24,23.239999771118164,23.239999771118164,24.299999237060547,23.0,23.600000381469727,63077
2020-02-25,23.239999771118164,23.239999771118164,23.5,23.020000457763672,23.5,23705
2020-02-26,23.040000915527344,23.040000915527344,23.5,22.979999542236328,23.5,23980
2020-02-27,22.559999465942383,22.559999465942383,23.25,22.5,23.25,459784
2020-02-28,21.489999771118164,21.489999771118164,22.489999771118164,21.200000762939453,21.899999618530273,185351
2020-03-02,20.459999084472656,20.459999084472656,21.8700008392334,20.239999771118164,21.8700008392334,154926
2020-03-03,20.739999771118164,20.739999771118164,20.81999969482422,20.399999618530273,20.75,51641
2020-03-04,20.6200008392334,20.6200008392334,21.0,20.049999237060547,20.899999618530273,70751
2020-03-05,20.860000610351562,20.860000610351562,21.239999771118164,20.0,20.799999237060547,96734
2020-03-06,19.93000030517578,19.93000030517578,20.700000762939453,19.399999618530273,20.549999237060547,187152
2020-03-09,19.1299991607666,19.1299991607666,20.350000381469727,18.579999923706055,19.899999618530273,208779
2020-03-11,17.860000610351562,17.860000610351562,19.299999237060547,17.799999237060547,18.940000534057617,262998
2020-03-12,16.06999969482422,16.06999969482422,18.100000381469727,15.850000381469727,18.100000381469727,380047
2020-03-13,17.899999618530273,17.899999618530273,18.719999313354492,15.010000228881836,15.850000381469727,119356
2020-03-16,17.3700008392334,17.3700008392334,18.5,16.010000228881836,17.200000762939453,124525
2020-03-17,17.84000015258789,17.84000015258789,18.049999237060547,16.700000762939453,17.5,39985
2020-03-18,17.06999969482422,17.06999969482422,18.049999237060547,16.84000015258789,18.049999237060547,33601
2020-03-19,16.1200008392334,16.1200008392334,17.399999618530273,15.5,16.799999237060547,68674
2020-03-20,15.880000114440918,15.880000114440918,16.790000915527344,15.600000381469727,16.5,38133
2020-03-23,14.949999809265137,14.949999809265137,16.450000762939453,14.0,15.84000015258789,43681
2020-03-24,14.8100004196167,14.8100004196167,16.399999618530273,13.100000381469727,15.949999809265137,36580
2020-03-25,15.350000381469727,15.350000381469727,15.5,12.65999984741211,14.699999809265137,36638
2020-03-26,14.15999984741211,14.15999984741211,15.800000190734863,13.5,15.399999618530273,147811
2020-03-27,14.920000076293945,14.920000076293945,15.199999809265137,14.300000190734863,15.100000381469727,51115
2020-03-30,14.989999771118164,14.989999771118164,15.5,14.5,14.869999885559082,22062
2020-03-31,14.670000076293945,14.670000076293945,15.5,14.5,14.75,36693
2020-04-01,15.229999542236328,15.229999542236328,15.75,14.449999809265137,15.75,22245
2020-04-03,15.100000381469727,15.100000381469727,15.489999771118164,14.800000190734863,14.989999771118164,29719
2020-04-07,14.829999923706055,14.829999923706055,16.5,14.600000381469727,16.5,95291
2020-04-08,14.680000305175781,14.680000305175781,15.0,14.510000228881836,14.829999923706055,41013
2020-04-09,14.989999771118164,14.989999771118164,15.1899995803833,14.75,14.800000190734863,41867
2020-04-13,15.039999961853027,15.039999961853027,15.100000381469727,14.649999618530273,15.100000381469727,19101
2020-04-15,15.130000114440918,15.130000114440918,16.8799991607666,14.300000190734863,15.399999618530273,63644
2020-04-16,15.0,15.0,15.449999809265137,14.550000190734863,15.449999809265137,40571
2020-04-17,15.020000457763672,15.020000457763672,15.800000190734863,14.75,15.800000190734863,83556
2020-04-20,15.399999618530273,15.399999618530273,15.699999809265137,14.90999984741211,15.350000381469727,238469
2020-04-21,14.869999885559082,14.869999885559082,15.260000228881836,14.800000190734863,15.260000228881836,65740
2020-04-22,14.5600004196167,14.5600004196167,14.949999809265137,14.199999809265137,14.920000076293945,121172
2020-04-23,14.670000076293945,14.670000076293945,14.899999618530273,14.510000228881836,14.699999809265137,63445
2020-04-24,14.029999732971191,14.029999732971191,14.670000076293945,14.0,14.670000076293945,125069
2020-04-27,14.09000015258789,14.09000015258789,14.449999809265137,14.0,14.029999732971191,44529
2020-04-28,14.199999809265137,14.199999809265137,14.449999809265137,14.100000381469727,14.449999809265137,70940
2020-04-29,14.449999809265137,14.449999809265137,14.550000190734863,14.199999809265137,14.390000343322754,45563
2020-04-30,14.609999656677246,14.609999656677246,14.890000343322754,14.539999961853027,14.550000190734863,92875
2020-05-04,13.8100004196167,13.8100004196167,14.5,13.75,14.5,116578
2020-05-05,13.6899995803833,13.6899995803833,14.130000114440918,13.100000381469727,14.130000114440918,78767
2020-05-06,13.270000457763672,13.270000457763672,13.850000381469727,13.149999618530273,13.300000190734863,147703
2020-05-07,13.25,13.25,13.420000076293945,13.199999809265137,13.369999885559082,54275
2020-05-08,12.989999771118164,12.989999771118164,13.489999771118164,12.800000190734863,13.329999923706055,106772
2020-05-11,12.829999923706055,12.829999923706055,13.449999809265137,12.800000190734863,13.449999809265137,95435
2020-05-12,12.850000381469727,12.850000381469727,12.930000305175781,12.5,12.829999923706055,122072
2020-05-13,13.770000457763672,13.770000457763672,14.0,12.600000381469727,13.350000381469727,522648
2020-05-14,13.420000076293945,13.420000076293945,13.6899995803833,12.75,13.350000381469727,74659
2020-05-15,13.180000305175781,13.180000305175781,13.5,13.100000381469727,13.5,58049
2020-05-18,12.350000381469727,12.350000381469727,15.899999618530273,12.119999885559082,15.899999618530273,298066
2020-05-19,12.079999923706055,12.079999923706055,12.600000381469727,12.050000190734863,12.350000381469727,200333
2020-05-20,12.0600004196167,12.0600004196167,12.479999542236328,9.880000114440918,12.449999809265137,200812
2020-05-21,12.140000343322754,12.140000343322754,12.420000076293945,12.0,12.0,147671
2020-05-22,12.0600004196167,12.0600004196167,12.40999984741211,11.949999809265137,12.199999809265137,269204
2020-05-26,12.029999732971191,12.029999732971191,12.550000190734863,11.899999618530273,12.550000190734863,105161
2020-05-27,12.369999885559082,12.369999885559082,12.420000076293945,11.949999809265137,12.300000190734863,132974
2020-05-28,12.390000343322754,12.390000343322754,12.699999809265137,12.25,12.369999885559082,186339
2020-05-29,12.350000381469727,12.350000381469727,12.449999809265137,12.130000114440918,12.300000190734863,120776
2020-06-01,13.34000015258789,13.34000015258789,13.4399995803833,12.6899995803833,12.6899995803833,352840
2020-06-02,13.489999771118164,13.489999771118164,13.600000381469727,13.210000038146973,13.380000114440918,143979
2020-06-03,14.1899995803833,14.1899995803833,14.649999618530273,13.600000381469727,13.600000381469727,415862
2020-06-04,14.229999542236328,14.229999542236328,14.899999618530273,14.0,14.479999542236328,318831
2020-06-05,15.210000038146973,15.210000038146973,15.329999923706055,14.399999618530273,14.600000381469727,361985
2020-06-08,15.109999656677246,15.109999656677246,16.25,15.100000381469727,16.0,392264
2020-06-09,14.869999885559082,14.869999885559082,16.25,14.6899995803833,15.300000190734863,479069
2020-06-10,15.289999961853027,15.289999961853027,15.460000038146973,14.199999809265137,14.199999809265137,1293761
2020-06-11,14.800000190734863,14.800000190734863,15.9399995803833,14.75,15.289999961853027,519110
2020-06-12,14.8100004196167,14.8100004196167,14.899999618530273,13.399999618530273,14.800000190734863,456679
2020-06-15,15.119999885559082,15.119999885559082,15.1899995803833,14.550000190734863,15.0,190765
2020-06-16,14.90999984741211,14.90999984741211,15.800000190734863,14.600000381469727,15.300000190734863,484002
2020-06-17,14.899999618530273,14.899999618530273,15.130000114440918,14.449999809265137,14.800000190734863,181181
2020-06-18,15.229999542236328,15.229999542236328,15.4399995803833,14.84000015258789,14.890000343322754,154817
2020-06-19,15.520000457763672,15.520000457763672,15.640000343322754,15.109999656677246,15.4399995803833,216788
2020-06-22,16.149999618530273,16.149999618530273,16.299999237060547,14.829999923706055,15.520000457763672,436179
2020-06-23,16.68000030517578,16.68000030517578,16.770000457763672,15.680000305175781,16.219999313354492,236702
2020-06-24,16.739999771118164,16.739999771118164,18.200000762939453,16.329999923706055,17.299999237060547,457035
2020-06-25,16.389999389648438,16.389999389648438,16.979999542236328,15.649999618530273,16.100000381469727,210583
2020-06-26,16.68000030517578,16.68000030517578,16.799999237060547,16.389999389648438,16.5,72367
2020-06-29,16.020000457763672,16.020000457763672,16.81999969482422,16.0,16.68000030517578,289233
2020-06-30,15.65999984741211,15.65999984741211,16.399999618530273,15.609999656677246,16.399999618530273,515900
2020-07-01,16.170000076293945,16.170000076293945,16.190000534057617,15.199999809265137,15.850000381469727,439350
2020-07-02,16.149999618530273,16.149999618530273,16.43000030517578,16.06999969482422,16.170000076293945,204520
2020-07-03,15.920000076293945,15.920000076293945,16.350000381469727,15.800000190734863,16.25,581172
2020-07-06,16.219999313354492,16.219999313354492,16.350000381469727,15.949999809265137,16.049999237060547,294657
2020-07-07,16.209999084472656,16.209999084472656,16.270000457763672,15.8100004196167,16.200000762939453,118727
2020-07-08,16.770000457763672,16.770000457763672,17.040000915527344,16.190000534057617,16.219999313354492,509519
2020-07-09,16.93000030517578,16.93000030517578,17.110000610351562,16.5,16.770000457763672,137205
2020-07-10,16.399999618530273,16.399999618530273,17.200000762939453,16.34000015258789,17.200000762939453,199095
2020-07-13,16.170000076293945,16.170000076293945,16.899999618530273,16.100000381469727,16.899999618530273,102906
2020-07-14,15.649999618530273,15.649999618530273,16.299999237060547,15.5,16.100000381469727,318245
2020-07-15,15.449999809265137,15.449999809265137,15.989999771118164,15.329999923706055,15.989999771118164,103072
2020-07-16,15.510000228881836,15.510000228881836,15.550000190734863,15.149999618530273,15.449999809265137,86706
2020-07-17,15.739999771118164,15.739999771118164,15.859999656677246,15.40999984741211,15.40999984741211,78573
2020-07-20,15.869999885559082,15.869999885559082,16.100000381469727,15.800000190734863,16.0,313001
2020-07-21,16.1200008392334,16.1200008392334,16.5,15.399999618530273,16.5,180001
2020-07-22,15.90999984741211,15.90999984741211,16.43000030517578,15.609999656677246,16.389999389648438,97689
2020-07-23,16.059999465942383,16.059999465942383,16.200000762939453,15.800000190734863,16.200000762939453,125233
2020-07-24,15.800000190734863,15.800000190734863,16.049999237060547,15.619999885559082,16.020000457763672,137696
2020-07-27,15.399999618530273,15.399999618530273,15.800000190734863,15.380000114440918,15.800000190734863,171445
2020-07-28,15.260000228881836,15.260000228881836,15.510000228881836,15.180000305175781,15.430000305175781,310277
2020-07-29,15.59000015258789,15.59000015258789,15.850000381469727,15.180000305175781,15.550000190734863,163380
2020-07-30,15.390000343322754,15.390000343322754,15.899999618530273,15.350000381469727,15.899999618530273,49776
2020-07-31,15.489999771118164,15.489999771118164,15.800000190734863,15.15999984741211,15.390000343322754,73714
2020-08-03,15.59000015258789,15.59000015258789,15.75,14.119999885559082,15.0,120033
2020-08-04,15.579999923706055,15.579999923706055,15.789999961853027,15.420000076293945,15.600000381469727,78043
2020-08-05,15.600000381469727,15.600000381469727,15.789999961853027,15.550000190734863,15.579999923706055,67843
2020-08-06,15.539999961853027,15.539999961853027,15.729999542236328,15.5,15.699999809265137,53247
2020-08-07,15.699999809265137,15.699999809265137,15.75,15.5,15.65999984741211,51709
2020-08-10,15.770000457763672,15.770000457763672,15.989999771118164,15.5,15.899999618530273,100218
2020-08-11,15.6899995803833,15.6899995803833,15.949999809265137,15.5,15.800000190734863,49604
2020-08-12,16.280000686645508,16.280000686645508,16.40999984741211,15.859999656677246,16.200000762939453,354727
2020-08-13,16.1299991607666,16.1299991607666,16.43000030517578,16.059999465942383,16.280000686645508,112770
2020-08-14,15.729999542236328,15.729999542236328,16.420000076293945,15.600000381469727,16.25,129121
2020-08-17,15.600000381469727,15.600000381469727,16.149999618530273,15.5,16.0,141374
2020-08-18,15.729999542236328,15.729999542236328,15.800000190734863,15.5,15.649999618530273,294026
2020-08-19,16.139999389648438,16.139999389648438,16.25,15.609999656677246,15.75,156621
2020-08-20,16.049999237060547,16.049999237060547,16.15999984741211,15.699999809265137,16.049999237060547,68489
2020-08-21,16.450000762939453,16.450000762939453,17.31999969482422,16.049999237060547,17.31999969482422,291980
2020-08-24,16.350000381469727,16.350000381469727,16.8799991607666,16.200000762939453,16.8799991607666,137836
2020-08-25,16.739999771118164,16.739999771118164,17.649999618530273,16.309999465942383,17.649999618530273,295679
2020-08-26,16.610000610351562,16.610000610351562,16.950000762939453,16.40999984741211,16.5,130206
2020-08-27,16.709999084472656,16.709999084472656,16.950000762939453,16.5,16.610000610351562,114323
2020-08-28,17.479999542236328,17.479999542236328,17.6200008392334,16.719999313354492,16.719999313354492,505591
2020-08-31,16.799999237060547,16.799999237060547,19.100000381469727,16.520000457763672,17.700000762939453,343163
2020-09-01,16.690000534057617,16.690000534057617,17.329999923706055,16.420000076293945,17.100000381469727,146618
2020-09-02,16.719999313354492,16.719999313354492,17.0,16.420000076293945,16.979999542236328,84559
2020-09-03,16.56999969482422,16.56999969482422,16.979999542236328,16.479999542236328,16.979999542236328,29166
2020-09-04,16.110000610351562,16.110000610351562,16.5,16.049999237060547,16.43000030517578,115052
2020-09-07,16.09000015258789,16.09000015258789,17.600000381469727,15.510000228881836,17.600000381469727,85559
2020-09-08,15.850000381469727,15.850000381469727,16.68000030517578,15.699999809265137,16.68000030517578,85213
2020-09-09,15.329999923706055,15.329999923706055,16.3799991607666,15.199999809265137,16.3799991607666,189184
2020-09-10,15.630000114440918,15.630000114440918,15.899999618530273,15.329999923706055,15.5,72222
2020-09-11,15.829999923706055,15.829999923706055,15.920000076293945,15.550000190734863,15.550000190734863,32920
2020-09-14,15.770000457763672,15.770000457763672,17.299999237060547,15.609999656677246,17.299999237060547,93866
2020-09-15,15.720000267028809,15.720000267028809,15.960000038146973,15.630000114440918,15.899999618530273,75689
2020-09-16,15.729999542236328,15.729999542236328,15.989999771118164,15.520000457763672,15.989999771118164,121909
2020-09-17,15.520000457763672,15.520000457763672,15.649999618530273,14.949999809265137,15.260000228881836,39341
2020-09-18,15.260000228881836,15.260000228881836,15.979999542236328,15.199999809265137,15.979999542236328,128990
2020-09-21,14.640000343322754,14.640000343322754,15.289999961853027,14.5600004196167,15.289999961853027,273399
2020-09-22,14.420000076293945,14.420000076293945,15.199999809265137,14.0600004196167,14.699999809265137,287654
2020-09-23,14.1899995803833,14.1899995803833,14.819999694824219,14.029999732971191,14.760000228881836,103112
2020-09-24,13.65999984741211,13.65999984741211,14.109999656677246,13.579999923706055,14.050000190734863,208500
2020-09-25,14.020000457763672,14.020000457763672,14.09000015258789,13.5600004196167,14.09000015258789,113253
2020-09-28,14.510000228881836,14.510000228881836,14.850000381469727,14.069999694824219,14.850000381469727,63813
2020-09-29,14.1899995803833,14.1899995803833,15.0,14.109999656677246,15.0,73934
2020-09-30,14.069999694824219,14.069999694824219,14.59000015258789,13.930000305175781,14.59000015258789,66753
2020-10-01,14.210000038146973,14.210000038146973,14.399999618530273,14.100000381469727,14.350000381469727,179389
2020-10-05,14.140000343322754,14.140000343322754,14.670000076293945,14.119999885559082,14.670000076293945,98974
2020-10-06,14.289999961853027,14.289999961853027,14.649999618530273,14.109999656677246,14.649999618530273,37816
2020-10-07,14.119999885559082,14.119999885559082,14.369999885559082,14.100000381469727,14.109999656677246,71363
2020-10-08,14.210000038146973,14.210000038146973,14.479999542236328,14.119999885559082,14.130000114440918,82891
2020-10-09,14.720000267028809,14.720000267028809,14.84000015258789,14.15999984741211,14.779999732971191,170358
2020-10-12,14.550000190734863,14.550000190734863,14.989999771118164,14.119999885559082,14.850000381469727,137716
2020-10-13,14.510000228881836,14.510000228881836,14.65999984741211,14.329999923706055,14.550000190734863,11578
2020-10-14,14.1899995803833,14.1899995803833,14.34000015258789,14.0,14.329999923706055,182636
2020-10-15,14.079999923706055,14.079999923706055,14.4399995803833,14.020000457763672,14.239999771118164,95268
2020-10-16,13.989999771118164,13.989999771118164,14.6899995803833,13.880000114440918,14.399999618530273,84207
2020-10-19,14.460000038146973,14.460000038146973,14.5,13.960000038146973,14.300000190734863,82665
2020-10-20,14.380000114440918,14.380000114440918,14.5,14.0,14.0,37177
2020-10-21,14.380000114440918,14.380000114440918,14.619999885559082,14.15999984741211,14.380000114440918,218744
2020-10-22,14.460000038146973,14.460000038146973,14.600000381469727,14.300000190734863,14.600000381469727,37576
2020-10-23,14.550000190734863,14.550000190734863,14.739999771118164,14.329999923706055,14.739999771118164,155792
2020-10-26,14.239999771118164,14.239999771118164,14.829999923706055,14.210000038146973,14.829999923706055,68072
2020-10-27,14.260000228881836,14.260000228881836,14.550000190734863,14.010000228881836,14.550000190734863,61597
2020-10-28,14.029999732971191,14.029999732971191,14.319999694824219,13.960000038146973,14.199999809265137,236995
2020-10-29,13.899999618530273,13.899999618530273,14.029999732971191,13.75,14.029999732971191,185481
2020-10-30,13.899999618530273,13.899999618530273,14.140000343322754,13.75,13.75,101764
2020-11-02,14.260000228881836,14.260000228881836,14.34000015258789,13.880000114440918,14.279999732971191,150009
2020-11-03,14.489999771118164,14.489999771118164,14.520000457763672,14.1899995803833,14.5,146987
2020-11-04,14.5600004196167,14.5600004196167,14.619999885559082,14.220000267028809,14.489999771118164,162567
2020-11-05,14.899999618530273,14.899999618530273,14.979999542236328,14.5,14.5,267918
2020-11-06,15.0600004196167,15.0600004196167,15.199999809265137,14.510000228881836,14.510000228881836,390484
2020-11-09,15.170000076293945,15.170000076293945,15.279999732971191,15.010000228881836,15.210000038146973,197391
2020-11-10,15.800000190734863,15.800000190734863,15.890000343322754,15.260000228881836,15.399999618530273,719545
2020-11-11,15.649999618530273,15.649999618530273,16.06999969482422,15.430000305175781,16.0,182881
2020-11-12,15.399999618530273,15.399999618530273,15.699999809265137,15.34000015258789,15.40999984741211,70960
2020-11-13,15.430000305175781,15.430000305175781,15.550000190734863,15.029999732971191,15.399999618530273,100465
2020-11-14,15.609999656677246,15.609999656677246,16.020000457763672,15.5,15.5,93396
2020-11-17,15.829999923706055,15.829999923706055,15.9399995803833,15.609999656677246,15.75,109955
2020-11-18,16.43000030517578,16.43000030517578,16.489999771118164,15.670000076293945,15.829999923706055,378753
2020-11-19,15.989999771118164,15.989999771118164,18.899999618530273,15.949999809265137,18.899999618530273,276867
2020-11-20,16.040000915527344,16.040000915527344,16.5,15.800000190734863,15.989999771118164,152969
2020-11-23,16.139999389648438,16.139999389648438,16.5,15.949999809265137,16.299999237060547,115414
2020-11-24,16.299999237060547,16.299999237060547,16.5,15.720000267028809,16.139999389648438,167037
2020-11-25,16.610000610351562,16.610000610351562,16.979999542236328,16.3799991607666,16.399999618530273,583275
2020-11-26,16.940000534057617,16.940000534057617,17.329999923706055,16.5,16.989999771118164,391843
2020-11-27,17.079999923706055,17.079999923706055,17.350000381469727,16.90999984741211,17.06999969482422,318840
2020-12-01,17.639999389648438,17.639999389648438,17.68000030517578,17.149999618530273,17.200000762939453,913123
2020-12-02,17.440000534057617,17.440000534057617,17.75,17.229999542236328,17.639999389648438,354332
2020-12-03,18.360000610351562,18.360000610351562,18.479999542236328,17.639999389648438,17.649999618530273,479235
2020-12-04,18.729999542236328,18.729999542236328,19.0,17.75,18.670000076293945,716945
2020-12-07,19.040000915527344,19.040000915527344,19.670000076293945,18.1299991607666,19.0,686706
2020-12-08,20.31999969482422,20.31999969482422,20.700000762939453,18.5,19.579999923706055,1195145
2020-12-09,20.209999084472656,20.209999084472656,21.989999771118164,20.1200008392334,21.5,3435725
2020-12-10,19.899999618530273,19.899999618530273,21.399999618530273,19.399999618530273,21.399999618530273,959649
2020-12-11,20.020000457763672,20.020000457763672,21.100000381469727,19.899999618530273,20.350000381469727,831440
2020-12-14,20.360000610351562,20.360000610351562,20.469999313354492,19.950000762939453,20.1200008392334,567171
2020-12-15,20.100000381469727,20.100000381469727,20.399999618530273,19.75,20.399999618530273,419827
2020-12-16,19.790000915527344,19.790000915527344,20.34000015258789,19.600000381469727,20.100000381469727,367173
2020-12-17,19.399999618530273,19.399999618530273,20.0,19.34000015258789,20.0,456538
2020-12-18,19.299999237060547,19.299999237060547,19.790000915527344,18.950000762939453,19.690000534057617,438943
2020-12-21,18.020000457763672,18.020000457763672,19.5,17.670000076293945,19.100000381469727,650090
2020-12-22,18.170000076293945,18.170000076293945,18.59000015258789,17.280000686645508,18.049999237060547,611895
2020-12-23,18.530000686645508,18.530000686645508,18.579999923706055,18.149999618530273,18.329999923706055,168355
2020-12-24,18.799999237060547,18.799999237060547,19.329999923706055,18.510000228881836,18.670000076293945,291001
2020-12-28,19.149999618530273,19.149999618530273,19.5,18.81999969482422,18.899999618530273,136352
2020-12-29,19.360000610351562,19.360000610351562,19.579999923706055,19.049999237060547,19.350000381469727,334527
2020-12-30,19.229999542236328,19.229999542236328,19.739999771118164,18.899999618530273,19.479999542236328,159014
2020-12-31,19.190000534057617,19.190000534057617,19.68000030517578,19.049999237060547,19.68000030517578,171208
2021-01-01,19.889999389648438,19.889999389648438,19.950000762939453,19.31999969482422,19.479999542236328,842237
2021-01-04,20.100000381469727,20.100000381469727,20.65999984741211,18.700000762939453,20.65999984741211,621330
2021-01-05,20.100000381469727,20.100000381469727,20.200000762939453,19.700000762939453,20.200000762939453,281436
2021-01-06,19.969999313354492,19.969999313354492,20.780000686645508,19.799999237060547,20.780000686645508,458651
2021-01-07,20.079999923706055,20.079999923706055,20.399999618530273,18.200000762939453,18.200000762939453,365400
2021-01-08,20.059999465942383,20.059999465942383,20.59000015258789,20.0,20.139999389648438,228995
2021-01-11,19.81999969482422,19.81999969482422,20.5,19.639999389648438,20.450000762939453,269051
2021-01-12,20.8700008392334,20.8700008392334,21.0,19.5,19.950000762939453,866593
2021-01-13,21.68000030517578,21.68000030517578,21.780000686645508,20.770000457763672,21.0,1399225
2021-01-14,21.719999313354492,21.719999313354492,21.93000030517578,21.399999618530273,21.899999618530273,807751
2021-01-15,21.229999542236328,21.229999542236328,22.0,21.059999465942383,21.899999618530273,353628
2021-01-18,20.829999923706055,20.829999923706055,21.700000762939453,20.709999084472656,21.700000762939453,370371
2021-01-19,21.280000686645508,21.280000686645508,21.420000076293945,20.829999923706055,21.399999618530273,426448
2021-01-20,21.829999923706055,21.829999923706055,21.989999771118164,21.280000686645508,21.280000686645508,518856
2021-01-21,21.010000228881836,21.010000228881836,22.25,20.809999465942383,21.850000381469727,737090
2021-01-22,20.43000030517578,20.43000030517578,21.5,20.3799991607666,21.5,467850
2021-01-25,20.209999084472656,20.209999084472656,21.200000762939453,19.829999923706055,21.200000762939453,294757
2021-01-27,19.920000076293945,19.920000076293945,20.700000762939453,19.760000228881836,20.700000762939453,914207
2021-01-28,19.56999969482422,19.56999969482422,20.100000381469727,18.700000762939453,19.81999969482422,1832779
2021-01-29,19.920000076293945,19.920000076293945,20.389999389648438,19.5,19.690000534057617,924438
2021-02-01,21.3700008392334,21.3700008392334,21.5,19.81999969482422,20.489999771118164,3032257
2021-02-02,22.110000610351562,22.110000610351562,22.540000915527344,21.479999542236328,21.75,1972193
2021-02-03,22.670000076293945,22.670000076293945,23.399999618530273,21.950000762939453,23.399999618530273,14173139
2021-02-04,24.06999969482422,24.06999969482422,24.149999618530273,22.110000610351562,23.0,2279725
2021-02-05,24.920000076293945,24.920000076293945,27.280000686645508,24.350000381469727,25.0,4863157
2021-02-08,24.690000534057617,24.690000534057617,26.399999618530273,24.559999465942383,26.399999618530273,1668657
2021-02-09,24.559999465942383,24.559999465942383,26.200000762939453,24.200000762939453,26.200000762939453,1349009
2021-02-10,24.65999984741211,24.65999984741211,25.149999618530273,24.290000915527344,24.799999237060547,535058
2021-02-11,24.360000610351562,24.360000610351562,24.889999389648438,23.200000762939453,23.200000762939453,428840
2021-02-12,24.34000015258789,24.34000015258789,25.200000762939453,24.059999465942383,25.200000762939453,444457
2021-02-15,25.040000915527344,25.040000915527344,25.799999237060547,24.5,24.639999389648438,763775
2021-02-16,25.260000228881836,25.260000228881836,25.979999542236328,24.950000762939453,25.829999923706055,1632353
2021-02-17,26.889999389648438,26.889999389648438,27.030000686645508,25.1299991607666,25.799999237060547,2004429
2021-02-18,28.75,28.75,29.649999618530273,26.889999389648438,27.100000381469727,3489143
2021-02-19,26.950000762939453,26.950000762939453,29.799999237060547,26.43000030517578,29.799999237060547,2180663
2021-02-22,26.170000076293945,26.170000076293945,28.600000381469727,25.760000228881836,27.049999237060547,1714009
2021-02-23,26.190000534057617,26.190000534057617,26.899999618530273,26.0,26.399999618530273,1124962
2021-02-24,27.18000030517578,27.18000030517578,27.5,26.25,26.329999923706055,605973
2021-02-25,27.170000076293945,27.170000076293945,27.989999771118164,26.8700008392334,27.280000686645508,1038853
2021-02-26,26.25,26.25,27.200000762939453,25.5,26.399999618530273,1292858
2021-03-01,25.969999313354492,25.969999313354492,27.049999237060547,25.90999984741211,27.0,1576665
2021-03-02,25.989999771118164,25.989999771118164,26.5,25.860000610351562,26.399999618530273,452299
2021-03-03,26.81999969482422,26.81999969482422,26.920000076293945,26.149999618530273,26.440000534057617,604192
2021-03-04,26.649999618530273,26.649999618530273,27.399999618530273,26.049999237060547,26.850000381469727,862369
2021-03-05,25.520000457763672,25.520000457763672,27.0,25.389999389648438,27.0,1653822
2021-03-08,26.030000686645508,26.030000686645508,26.389999389648438,25.799999237060547,26.0,712119
2021-03-09,25.68000030517578,25.68000030517578,26.649999618530273,25.3799991607666,26.649999618530273,379541
2021-03-10,25.559999465942383,25.559999465942383,26.450000762939453,25.5,25.549999237060547,193079
2021-03-12,25.229999542236328,25.229999542236328,26.350000381469727,25.059999465942383,26.350000381469727,724138
2021-03-15,25.219999313354492,25.219999313354492,25.700000762939453,24.610000610351562,25.5,596230
2021-03-16,24.989999771118164,24.989999771118164,25.670000076293945,24.799999237060547,25.670000076293945,255755
2021-03-17,24.09000015258789,24.09000015258789,26.0,23.940000534057617,26.0,493222
2021-03-18,23.360000610351562,23.360000610351562,24.899999618530273,23.139999389648438,24.799999237060547,668411
2021-03-19,23.860000610351562,23.860000610351562,24.0,22.75,24.0,361685
2021-03-22,23.639999389648438,23.639999389648438,24.5,23.350000381469727,24.5,535690
2021-03-23,24.219999313354492,24.219999313354492,24.799999237060547,23.850000381469727,24.469999313354492,669829
2021-03-24,23.579999923706055,23.579999923706055,24.489999771118164,23.479999542236328,24.219999313354492,440520
2021-03-25,22.93000030517578,22.93000030517578,23.719999313354492,22.329999923706055,23.719999313354492,1069693
2021-03-26,23.079999923706055,23.079999923706055,23.5,22.5,23.5,1369214
2021-03-30,23.459999084472656,23.459999084472656,24.0,22.950000762939453,23.299999237060547,978462
2021-03-31,23.670000076293945,23.670000076293945,24.049999237060547,23.200000762939453,23.5,653543
2021-04-01,24.020000457763672,24.020000457763672,24.200000762939453,23.700000762939453,23.950000762939453,357929
2021-04-05,23.229999542236328,23.229999542236328,24.299999237060547,22.940000534057617,24.299999237060547,760895
2021-04-06,23.18000030517578,23.18000030517578,23.5,23.040000915527344,23.5,252257
2021-04-07,23.510000228881836,23.510000228881836,23.979999542236328,23.0,23.399999618530273,313775
2021-04-08,23.389999389648438,23.389999389648438,23.799999237060547,23.31999969482422,23.450000762939453,172539
2021-04-09,24.399999618530273,24.399999618530273,25.219999313354492,23.18000030517578,23.5,1253756
2021-04-12,21.84000015258789,21.84000015258789,24.399999618530273,21.65999984741211,23.700000762939453,3455450
2021-04-13,22.649999618530273,22.649999618530273,22.700000762939453,21.600000381469727,22.190000534057617,704615
2021-04-15,22.329999923706055,22.329999923706055,22.709999084472656,22.040000915527344,22.700000762939453,450635
2021-04-16,22.290000915527344,22.290000915527344,23.25,22.209999084472656,23.25,636354
2021-04-19,21.329999923706055,21.329999923706055,22.100000381469727,20.889999389648438,22.0,1560891
2021-04-20,21.260000228881836,21.260000228881836,21.75,21.0,21.5,478601
2021-04-22,21.389999389648438,21.389999389648438,21.5,20.799999237060547,21.5,804903
2021-04-23,21.459999084472656,21.459999084472656,21.729999542236328,20.100000381469727,20.25,310313
2021-04-26,21.889999389648438,21.889999389648438,21.969999313354492,21.600000381469727,21.700000762939453,763067
2021-04-27,22.299999237060547,22.299999237060547,22.360000610351562,21.850000381469727,21.950000762939453,409875
2021-04-28,22.920000076293945,22.920000076293945,22.950000762939453,22.299999237060547,22.299999237060547,963053
2021-04-29,22.700000762939453,22.700000762939453,23.25,22.5,22.979999542236328,814954
2021-04-30,22.469999313354492,22.469999313354492,22.950000762939453,22.260000228881836,22.399999618530273,459422
2021-05-03,22.270000457763672,22.270000457763672,23.799999237060547,21.799999237060547,22.25,438706
2021-05-04,23.06999969482422,23.06999969482422,23.850000381469727,22.399999618530273,22.5,3482510
2021-05-05,23.329999923706055,23.329999923706055,23.799999237060547,23.0,23.0,917629
2021-05-06,23.149999618530273,23.149999618530273,24.200000762939453,22.899999618530273,23.600000381469727,1189809
2021-05-07,23.1200008392334,23.1200008392334,24.200000762939453,22.899999618530273,24.200000762939453,702326
2021-05-10,23.469999313354492,23.469999313354492,24.200000762939453,23.1200008392334,24.0,1411734
2021-05-11,23.6200008392334,23.6200008392334,24.8799991607666,23.010000228881836,24.200000762939453,1824577
2021-05-12,24.43000030517578,24.43000030517578,24.979999542236328,23.540000915527344,24.0,2451405
2021-05-14,23.959999084472656,23.959999084472656,25.479999542236328,23.899999618530273,24.700000762939453,1655454
2021-05-17,24.950000762939453,24.950000762939453,25.200000762939453,24.0,24.209999084472656,2806294
2021-05-18,24.549999237060547,24.549999237060547,25.690000534057617,24.5,25.209999084472656,1178993
2021-05-19,24.600000381469727,24.600000381469727,24.8700008392334,24.100000381469727,24.5,566341
2021-05-20,24.639999389648438,24.639999389648438,24.950000762939453,24.420000076293945,24.600000381469727,374715
2021-05-21,25.510000228881836,25.510000228881836,25.649999618530273,24.760000228881836,24.799999237060547,1701362
2021-05-24,26.110000610351562,26.110000610351562,26.459999084472656,25.549999237060547,26.25,1739075
2021-05-25,25.729999542236328,25.729999542236328,26.5,24.5,24.5,1266656
2021-05-26,25.8700008392334,25.8700008392334,26.100000381469727,25.479999542236328,25.5,409981
2021-05-27,26.420000076293945,26.420000076293945,26.5,25.6200008392334,26.0,877332
2021-05-28,26.6200008392334,26.6200008392334,27.0,26.31999969482422,26.600000381469727,4374489
2021-05-31,26.510000228881836,26.510000228881836,26.84000015258789,26.200000762939453,26.700000762939453,1046054
2021-06-01,26.31999969482422,26.31999969482422,26.700000762939453,26.100000381469727,26.700000762939453,824137
2021-06-02,27.170000076293945,27.170000076293945,27.219999313354492,26.209999084472656,26.479999542236328,1620331
2021-06-03,27.239999771118164,27.239999771118164,27.559999465942383,27.100000381469727,27.350000381469727,1281510
2021-06-04,27.25,27.25,27.559999465942383,27.0,27.559999465942383,1019632
2021-06-07,27.3700008392334,27.3700008392334,27.989999771118164,27.25,27.850000381469727,463713
2021-06-08,26.889999389648438,26.889999389648438,27.739999771118164,26.700000762939453,27.739999771118164,1841858
2021-06-09,26.540000915527344,26.540000915527344,27.450000762939453,26.360000610351562,26.899999618530273,1381838
2021-06-10,27.1200008392334,27.1200008392334,27.299999237060547,26.399999618530273,26.399999618530273,471628
2021-06-11,27.149999618530273,27.149999618530273,27.899999618530273,26.899999618530273,27.899999618530273,642634
2021-06-14,27.209999084472656,27.209999084472656,27.40999984741211,26.399999618530273,27.149999618530273,1282679
2021-06-15,27.110000610351562,27.110000610351562,27.799999237060547,27.049999237060547,27.399999618530273,1449722
2021-06-16,26.920000076293945,26.920000076293945,27.700000762939453,26.899999618530273,27.649999618530273,577687
2021-06-17,26.489999771118164,26.489999771118164,27.059999465942383,26.420000076293945,26.809999465942383,692139
2021-06-18,26.06999969482422,26.06999969482422,26.950000762939453,25.280000686645508,26.950000762939453,1296014
2021-06-21,27.18000030517578,27.18000030517578,27.59000015258789,25.510000228881836,26.200000762939453,1969126
2021-06-22,27.079999923706055,27.079999923706055,28.0,27.0,28.0,1501443
2021-06-23,26.889999389648438,26.889999389648438,27.600000381469727,26.3799991607666,27.25,1502363
2021-06-24,26.709999084472656,26.709999084472656,27.399999618530273,26.600000381469727,26.889999389648438,1320586
2021-06-25,27.5,27.5,27.75,26.709999084472656,26.709999084472656,2324073
2021-06-28,28.1200008392334,28.1200008392334,28.239999771118164,27.40999984741211,27.649999618530273,1618664
2021-06-29,27.68000030517578,27.68000030517578,28.399999618530273,27.579999923706055,28.399999618530273,1735487
2021-06-30,27.579999923706055,27.579999923706055,28.399999618530273,26.0,26.0,374984
2021-07-01,27.510000228881836,27.510000228881836,27.780000686645508,26.0,26.0,363942
2021-07-02,27.670000076293945,27.670000076293945,28.190000534057617,27.450000762939453,27.510000228881836,438336
2021-07-05,27.760000228881836,27.760000228881836,28.139999389648438,27.549999237060547,27.799999237060547,1536936
2021-07-06,27.530000686645508,27.530000686645508,28.049999237060547,27.450000762939453,27.760000228881836,1038440
2021-07-07,27.6200008392334,27.6200008392334,27.770000457763672,27.399999618530273,27.770000457763672,462421
2021-07-08,27.1299991607666,27.1299991607666,27.829999923706055,27.0,27.5,570926
2021-07-09,26.979999542236328,26.979999542236328,27.399999618530273,26.81999969482422,27.200000762939453,741893
2021-07-12,27.049999237060547,27.049999237060547,27.549999237060547,26.950000762939453,27.549999237060547,183158
2021-07-13,27.139999389648438,27.139999389648438,27.290000915527344,27.079999923706055,27.200000762939453,444023
2021-07-14,27.170000076293945,27.170000076293945,29.829999923706055,27.100000381469727,29.829999923706055,662925
2021-07-15,26.989999771118164,26.989999771118164,27.6299991607666,26.93000030517578,27.6299991607666,611180
2021-07-16,26.950000762939453,26.950000762939453,27.59000015258789,26.799999237060547,27.59000015258789,217304
2021-07-19,26.610000610351562,26.610000610351562,27.18000030517578,26.5,27.18000030517578,497802
2021-07-20,26.110000610351562,26.110000610351562,26.850000381469727,25.959999084472656,26.799999237060547,871779
2021-07-22,26.209999084472656,26.209999084472656,26.6299991607666,25.8799991607666,26.299999237060547,3034499
2021-07-23,26.459999084472656,26.459999084472656,26.549999237060547,26.079999923706055,26.489999771118164,895215
2021-07-26,26.309999465942383,26.309999465942383,26.65999984741211,26.219999313354492,26.65999984741211,1132459
2021-07-27,26.420000076293945,26.420000076293945,26.8799991607666,26.229999542236328,26.8799991607666,230798
2021-07-28,25.829999923706055,25.829999923706055,26.760000228881836,25.719999313354492,26.760000228881836,921091
2021-07-29,26.690000534057617,26.690000534057617,26.799999237060547,25.90999984741211,26.399999618530273,478242
2021-07-30,26.610000610351562,26.610000610351562,26.989999771118164,26.559999465942383,26.889999389648438,335233
2021-08-02,26.790000915527344,26.790000915527344,26.989999771118164,26.610000610351562,26.989999771118164,532006
2021-08-03,26.329999923706055,26.329999923706055,27.25,25.399999618530273,26.940000534057617,14784648
2021-08-04,27.25,27.25,27.56999969482422,26.059999465942383,26.989999771118164,2481343
2021-08-05,26.610000610351562,26.610000610351562,27.700000762939453,26.299999237060547,26.299999237060547,653064
2021-08-06,26.65999984741211,26.65999984741211,27.25,26.530000686645508,26.799999237060547,534423
2021-08-09,26.260000228881836,26.260000228881836,26.979999542236328,26.110000610351562,26.979999542236328,501310
2021-08-10,25.610000610351562,25.610000610351562,26.899999618530273,25.440000534057617,26.600000381469727,1136837
2021-08-11,25.719999313354492,25.719999313354492,25.889999389648438,25.0,25.600000381469727,1852545
2021-08-12,25.989999771118164,25.989999771118164,26.110000610351562,25.610000610351562,26.09000015258789,220457
2021-08-13,26.030000686645508,26.030000686645508,26.25,25.829999923706055,26.25,204314
2021-08-16,25.799999237060547,25.799999237060547,26.25,25.709999084472656,26.25,441091
2021-08-17,25.40999984741211,25.40999984741211,26.09000015258789,25.200000762939453,26.09000015258789,319357
2021-08-18,25.40999984741211,25.40999984741211,25.790000915527344,25.219999313354492,25.700000762939453,415542
2021-08-20,24.56999969482422,24.56999969482422,25.59000015258789,24.5,25.59000015258789,2582988
2021-08-23,24.450000762939453,24.450000762939453,24.989999771118164,24.06999969482422,24.989999771118164,407082
2021-08-24,24.790000915527344,24.790000915527344,24.979999542236328,24.399999618530273,24.600000381469727,156362
2021-08-25,24.889999389648438,24.889999389648438,25.06999969482422,24.799999237060547,25.0,163829
2021-08-26,24.700000762939453,24.700000762939453,25.5,24.5,25.0,269451
2021-08-27,24.829999923706055,24.829999923706055,24.989999771118164,24.440000534057617,24.989999771118164,265250
2021-08-30,25.350000381469727,25.350000381469727,25.399999618530273,24.90999984741211,25.100000381469727,707388
2021-08-31,25.479999542236328,25.479999542236328,25.770000457763672,25.1299991607666,25.5,479585
2021-09-01,25.729999542236328,25.729999542236328,25.84000015258789,25.399999618530273,25.600000381469727,275819
2021-09-02,25.6200008392334,25.6200008392334,26.149999618530273,25.520000457763672,26.149999618530273,220854
2021-09-03,25.81999969482422,25.81999969482422,27.489999771118164,25.649999618530273,27.489999771118164,861126
2021-09-06,25.739999771118164,25.739999771118164,26.190000534057617,25.649999618530273,26.190000534057617,268308
2021-09-07,25.420000076293945,25.420000076293945,25.940000534057617,25.31999969482422,25.799999237060547,1429720
2021-09-08,25.579999923706055,25.579999923706055,25.950000762939453,25.350000381469727,25.889999389648438,297767
2021-09-09,25.700000762939453,25.700000762939453,25.8799991607666,25.600000381469727,25.8799991607666,483915
2021-09-13,25.549999237060547,25.549999237060547,25.979999542236328,25.420000076293945,25.979999542236328,294413
2021-09-14,25.579999923706055,25.579999923706055,25.790000915527344,25.399999618530273,25.790000915527344,207260
2021-09-15,26.31999969482422,26.31999969482422,26.389999389648438,25.530000686645508,25.8700008392334,553657
2021-09-16,27.780000686645508,27.780000686645508,27.899999618530273,26.15999984741211,26.989999771118164,2256783
2021-09-17,26.979999542236328,26.979999542236328,28.5,26.610000610351562,28.5,6121359
2021-09-20,25.829999923706055,25.829999923706055,27.06999969482422,25.690000534057617,26.989999771118164,890258
2021-09-21,25.850000381469727,25.850000381469727,26.0,25.360000610351562,26.0,463662
2021-09-22,25.799999237060547,25.799999237060547,26.139999389648438,25.399999618530273,25.399999618530273,812671
2021-09-23,26.219999313354492,26.219999313354492,26.450000762939453,26.0,26.190000534057617,1161145
2021-09-24,25.760000228881836,25.760000228881836,27.0,25.700000762939453,27.0,1334709
2021-09-27,25.790000915527344,25.790000915527344,26.1299991607666,25.760000228881836,25.799999237060547,379149
2021-09-28,26.25,26.25,26.3700008392334,25.850000381469727,25.989999771118164,724652
2021-09-29,26.8799991607666,26.8799991607666,27.0,25.510000228881836,26.299999237060547,3946113
2021-09-30,27.149999618530273,27.149999618530273,27.649999618530273,26.90999984741211,27.0,2328697
2021-10-01,27.290000915527344,27.290000915527344,27.5,26.649999618530273,27.149999618530273,1449641
2021-10-04,27.90999984741211,27.90999984741211,27.959999084472656,27.399999618530273,27.59000015258789,1361886
2021-10-05,27.75,27.75,28.399999618530273,27.459999084472656,28.399999618530273,1609109
2021-10-06,27.170000076293945,27.170000076293945,28.239999771118164,27.079999923706055,28.190000534057617,1239402
2021-10-07,27.420000076293945,27.420000076293945,27.899999618530273,27.299999237060547,27.600000381469727,292530
2021-10-08,27.860000610351562,27.860000610351562,27.90999984741211,27.200000762939453,27.889999389648438,1335813
2021-10-11,28.100000381469727,28.100000381469727,28.5,26.200000762939453,26.200000762939453,2219767
2021-10-12,28.959999084472656,28.959999084472656,29.899999618530273,27.799999237060547,28.25,2747434
2021-10-13,29.09000015258789,29.09000015258789,30.700000762939453,28.829999923706055,29.799999237060547,2709318
2021-10-14,29.59000015258789,29.59000015258789,29.799999237060547,29.0,29.700000762939453,1446369
2021-10-18,30.8700008392334,30.8700008392334,31.399999618530273,29.799999237060547,29.979999542236328,4434730
2021-10-19,29.649999618530273,29.649999618530273,31.600000381469727,29.0,31.0,5510513
2021-10-20,30.100000381469727,30.100000381469727,30.559999465942383,29.110000610351562,29.110000610351562,3395501
2021-10-21,30.93000030517578,30.93000030517578,31.1299991607666,30.110000610351562,30.450000762939453,3739659
2021-10-22,30.8700008392334,30.8700008392334,31.479999542236328,30.5,31.100000381469727,2571827
2021-10-25,31.149999618530273,31.149999618530273,31.799999237060547,30.5,31.0,2599579
2021-10-26,31.420000076293945,31.420000076293945,35.79999923706055,31.049999237060547,35.79999923706055,4455228
2021-10-27,32.0099983215332,32.0099983215332,32.91999816894531,31.420000076293945,32.91999816894531,2538819
2021-10-28,30.489999771118164,30.489999771118164,32.900001525878906,30.200000762939453,32.75,4418636
2021-10-29,30.850000381469727,30.850000381469727,31.399999618530273,29.5,31.399999618530273,2735522
2021-11-01,31.260000228881836,31.260000228881836,31.5,30.700000762939453,31.5,3948510
2021-11-02,31.860000610351562,31.860000610351562,32.08000183105469,31.15999984741211,31.5,4339287
2021-11-03,31.790000915527344,31.790000915527344,32.470001220703125,31.670000076293945,32.20000076293945,1978031
2021-11-04,32.279998779296875,32.279998779296875,32.75,32.0,32.75,938276
2021-11-08,33.0099983215332,33.0099983215332,33.29999923706055,31.799999237060547,33.29999923706055,1587809
2021-11-09,33.13999938964844,33.13999938964844,33.38999938964844,32.54999923706055,33.29999923706055,2151595
2021-11-10,32.439998626708984,32.439998626708984,33.29999923706055,32.34000015258789,33.29999923706055,1354152
2021-11-11,31.860000610351562,31.860000610351562,33.150001525878906,31.670000076293945,32.70000076293945,1448739
2021-11-12,31.700000762939453,31.700000762939453,32.38999938964844,31.40999984741211,32.38999938964844,552229
2021-11-15,31.3799991607666,31.3799991607666,32.0,31.31999969482422,32.0,808226
2021-11-16,30.719999313354492,30.719999313354492,31.690000534057617,30.610000610351562,31.690000534057617,1317659
2021-11-17,30.729999542236328,30.729999542236328,31.25,30.5,30.700000762939453,1137924
2021-11-18,30.729999542236328,30.729999542236328,31.68000030517578,30.399999618530273,30.989999771118164,925581
2021-11-22,29.350000381469727,29.350000381469727,30.899999618530273,28.899999618530273,30.1200008392334,5380892
2021-11-23,30.040000915527344,30.040000915527344,30.1200008392334,29.0,29.5,1371584
2021-11-24,30.15999984741211,30.15999984741211,30.600000381469727,30.0,30.25,911546
2021-11-25,29.940000534057617,29.940000534057617,30.780000686645508,29.899999618530273,30.780000686645508,1006538
2021-11-26,28.700000762939453,28.700000762939453,29.989999771118164,28.579999923706055,29.799999237060547,2722088
2021-11-29,28.139999389648438,28.139999389648438,29.5,27.899999618530273,28.889999389648438,1401778
2021-11-30,27.979999542236328,27.979999542236328,28.860000610351562,27.860000610351562,28.489999771118164,1082565
2021-12-01,28.729999542236328,28.729999542236328,28.799999237060547,27.670000076293945,27.979999542236328,470707
2021-12-02,28.969999313354492,28.969999313354492,29.399999618530273,28.40999984741211,29.190000534057617,534675
2021-12-03,28.809999465942383,28.809999465942383,29.290000915527344,28.600000381469727,29.200000762939453,724337
2021-12-06,28.309999465942383,28.309999465942383,29.68000030517578,28.239999771118164,29.68000030517578,856636
2021-12-07,28.989999771118164,28.989999771118164,29.100000381469727,28.489999771118164,28.5,982566
2021-12-08,29.6299991607666,29.6299991607666,29.719999313354492,29.100000381469727,29.299999237060547,9098120
2021-12-09,29.729999542236328,29.729999542236328,29.90999984741211,29.40999984741211,29.799999237060547,641199
2021-12-10,30.520000457763672,30.520000457763672,30.600000381469727,29.5,29.979999542236328,1653923
2021-12-13,30.1299991607666,30.1299991607666,30.989999771118164,30.0,30.5,936067
2021-12-14,29.8700008392334,29.8700008392334,30.1299991607666,29.450000762939453,30.1299991607666,9355994
2021-12-15,29.540000915527344,29.540000915527344,30.25,29.5,30.0,650103
2021-12-16,29.209999084472656,29.209999084472656,29.979999542236328,29.0,29.75,807083
2021-12-17,28.170000076293945,28.170000076293945,29.299999237060547,28.049999237060547,29.299999237060547,1602816
2021-12-20,26.93000030517578,26.93000030517578,28.149999618530273,26.510000228881836,28.049999237060547,2336108
2021-12-21,26.829999923706055,26.829999923706055,27.8799991607666,26.760000228881836,27.0,1565643
2021-12-22,27.399999618530273,27.399999618530273,27.690000534057617,26.75,27.520000457763672,622010
2021-12-23,27.809999465942383,27.809999465942383,28.049999237060547,27.010000228881836,27.5,1193955
2021-12-24,27.290000915527344,27.290000915527344,28.110000610351562,27.1200008392334,27.809999465942383,1238769
2021-12-27,27.270000457763672,27.270000457763672,27.399999618530273,26.829999923706055,27.399999618530273,597884
2021-12-28,27.549999237060547,27.549999237060547,27.649999618530273,27.270000457763672,27.270000457763672,261858
2021-12-29,27.709999084472656,27.709999084472656,28.5,27.309999465942383,27.75,3294363
2021-12-30,27.1299991607666,27.1299991607666,27.989999771118164,27.059999465942383,27.799999237060547,3924780
2021-12-31,27.610000610351562,27.610000610351562,27.989999771118164,27.15999984741211,27.350000381469727,7946484
2022-01-03,28.34000015258789,28.34000015258789,28.389999389648438,27.549999237060547,27.799999237060547,3615831
2022-01-04,28.540000915527344,28.540000915527344,28.899999618530273,28.229999542236328,28.700000762939453,3771937
2022-01-05,28.93000030517578,28.93000030517578,29.06999969482422,28.239999771118164,28.239999771118164,2343660
2022-01-06,29.079999923706055,29.079999923706055,29.25,28.049999237060547,28.799999237060547,987186
2022-01-07,29.290000915527344,29.290000915527344,29.549999237060547,29.0,29.200000762939453,1145692
2022-01-10,30.010000228881836,30.010000228881836,30.149999618530273,29.290000915527344,29.75,1628733
2022-01-11,29.959999084472656,29.959999084472656,30.350000381469727,29.81999969482422,30.030000686645508,789057
2022-01-12,30.1200008392334,30.1200008392334,30.299999237060547,30.0,30.0,1048047
2022-01-13,30.3799991607666,30.3799991607666,30.440000534057617,30.0,30.34000015258789,1072975
2022-01-14,30.329999923706055,30.329999923706055,30.40999984741211,29.649999618530273,30.3799991607666,862648
2022-01-17,30.309999465942383,30.309999465942383,30.969999313354492,30.0,30.969999313354492,1120613
2022-01-18,29.940000534057617,29.940000534057617,30.649999618530273,29.790000915527344,30.399999618530273,2819553
2022-01-19,30.479999542236328,30.479999542236328,30.600000381469727,29.709999084472656,29.950000762939453,956328
2022-01-20,30.479999542236328,30.479999542236328,32.29999923706055,30.1200008392334,32.29999923706055,639162
2022-01-21,29.559999465942383,29.559999465942383,30.5,29.3700008392334,30.5,989359
2022-01-24,28.940000534057617,28.940000534057617,29.649999618530273,28.649999618530273,29.5,11146957
2022-01-25,30.139999389648438,30.139999389648438,30.299999237060547,28.5,28.940000534057617,5106651
2022-01-27,31.670000076293945,31.670000076293945,31.809999465942383,29.110000610351562,29.110000610351562,4649758
2022-01-28,31.520000457763672,31.520000457763672,32.849998474121094,31.43000030517578,32.849998474121094,4315717
2022-01-31,32.529998779296875,32.529998779296875,32.689998626708984,31.0,32.0,2444418
2022-02-01,32.38999938964844,32.38999938964844,32.97999954223633,31.5,32.75,3667769
2022-02-02,33.459999084472656,33.459999084472656,33.52000045776367,32.40999984741211,32.5,2679339
2022-02-03,33.29999923706055,33.29999923706055,34.099998474121094,33.099998474121094,33.689998626708984,2976248
2022-02-04,32.599998474121094,32.599998474121094,33.75,32.5,33.459999084472656,1800428
2022-02-07,33.0099983215332,33.0099983215332,34.150001525878906,32.68000030517578,33.0099983215332,2173312
2022-02-08,33.13999938964844,33.13999938964844,33.79999923706055,32.20000076293945,33.79999923706055,1465300
2022-02-09,32.86000061035156,32.86000061035156,33.5,32.75,33.0,1794658
2022-02-10,32.90999984741211,32.90999984741211,33.31999969482422,32.70000076293945,33.0,912666
2022-02-11,32.290000915527344,32.290000915527344,33.0,32.11000061035156,32.75,1572103
2022-02-14,30.450000762939453,30.450000762939453,32.04999923706055,30.309999465942383,32.04999923706055,1991389
2022-02-15,31.549999237060547,31.549999237060547,31.690000534057617,29.510000228881836,30.75,1548797
2022-02-16,31.219999313354492,31.219999313354492,31.850000381469727,31.149999618530273,31.549999237060547,406005
2022-02-17,30.84000015258789,30.84000015258789,32.0,30.75,31.479999542236328,1342190
2022-02-18,30.84000015258789,30.84000015258789,31.290000915527344,30.700000762939453,30.799999237060547,260722
2022-02-21,30.40999984741211,30.40999984741211,30.8799991607666,30.299999237060547,30.75,536068
2022-02-22,29.850000381469727,29.850000381469727,30.200000762939453,29.450000762939453,30.0,1680749
2022-02-23,30.190000534057617,30.190000534057617,30.549999237060547,29.950000762939453,30.25,414142
2022-02-24,27.93000030517578,27.93000030517578,29.540000915527344,27.600000381469727,29.520000457763672,4140976
2022-02-25,29.010000228881836,29.010000228881836,29.450000762939453,27.90999984741211,28.780000686645508,1080030
2022-02-28,29.100000381469727,29.100000381469727,29.200000762939453,28.559999465942383,28.799999237060547,980350
2022-03-02,28.809999465942383,28.809999465942383,29.049999237060547,28.399999618530273,29.0,1123201
2022-03-03,28.579999923706055,28.579999923706055,29.489999771118164,28.350000381469727,29.0,1420796
2022-03-04,28.149999618530273,28.149999618530273,28.889999389648438,28.079999923706055,28.889999389648438,993922
2022-03-07,26.899999618530273,26.899999618530273,28.0,26.6299991607666,27.799999237060547,2795103
2022-03-08,27.450000762939453,27.450000762939453,27.690000534057617,26.530000686645508,27.690000534057617,1174126
2022-03-09,28.079999923706055,28.079999923706055,28.25,27.5,27.799999237060547,1073575
2022-03-10,28.700000762939453,28.700000762939453,29.290000915527344,28.350000381469727,28.350000381469727,1117093
2022-03-11,28.920000076293945,28.920000076293945,29.0,28.520000457763672,28.940000534057617,528014
2022-03-14,29.43000030517578,29.43000030517578,29.540000915527344,28.760000228881836,29.0,1849888
2022-03-15,29.15999984741211,29.15999984741211,29.799999237060547,29.010000228881836,29.299999237060547,802472
2022-03-16,29.579999923706055,29.579999923706055,29.700000762939453,29.299999237060547,29.399999618530273,955990
2022-03-17,29.84000015258789,29.84000015258789,30.25,29.700000762939453,29.799999237060547,639256
2022-03-21,29.549999237060547,29.549999237060547,30.25,29.5,30.0,657219
2022-03-22,29.559999465942383,29.559999465942383,29.739999771118164,28.969999313354492,29.700000762939453,922155
2022-03-23,29.5,29.5,30.09000015258789,29.3700008392334,29.700000762939453,2833726
2022-03-24,29.3700008392334,29.3700008392334,29.920000076293945,29.110000610351562,29.920000076293945,2152858
2022-03-25,29.469999313354492,29.469999313354492,30.100000381469727,28.959999084472656,29.3700008392334,2914109
2022-03-28,29.739999771118164,29.739999771118164,29.81999969482422,29.100000381469727,29.290000915527344,900410
2022-03-29,29.559999465942383,29.559999465942383,30.100000381469727,29.450000762939453,29.799999237060547,1539073
2022-03-30,29.84000015258789,29.84000015258789,29.93000030517578,29.700000762939453,29.829999923706055,566331
2022-03-31,29.719999313354492,29.719999313354492,30.0,29.639999389648438,30.0,447312
2022-04-01,30.760000228881836,30.760000228881836,30.93000030517578,29.719999313354492,29.84000015258789,3594058
2022-04-04,31.100000381469727,31.100000381469727,31.200000762939453,30.799999237060547,31.0,1065518
2022-04-05,31.270000457763672,31.270000457763672,31.68000030517578,30.829999923706055,31.25,1073469
2022-04-06,31.829999923706055,31.829999923706055,32.02000045776367,30.940000534057617,31.3700008392334,1143502
2022-04-07,31.790000915527344,31.790000915527344,32.47999954223633,31.700000762939453,32.0,1545995
2022-04-08,32.0099983215332,32.0099983215332,32.18000030517578,31.790000915527344,31.799999237060547,1364050
2022-04-11,31.959999084472656,31.959999084472656,32.5,31.850000381469727,32.0099983215332,897293
2022-04-12,31.549999237060547,31.549999237060547,32.0,31.1200008392334,31.899999618530273,1528811
2022-04-13,31.610000610351562,31.610000610351562,31.950000762939453,31.530000686645508,31.75,446884
2022-04-18,30.8700008392334,30.8700008392334,31.450000762939453,30.549999237060547,31.299999237060547,739484
2022-04-19,30.65999984741211,30.65999984741211,31.469999313354492,30.3700008392334,30.899999618530273,586227
2022-04-20,30.600000381469727,30.600000381469727,30.979999542236328,30.3700008392334,30.969999313354492,399853
2022-04-21,30.84000015258789,30.84000015258789,31.040000915527344,30.690000534057617,30.75,658400
2022-04-22,30.360000610351562,30.360000610351562,30.84000015258789,30.329999923706055,30.84000015258789,226704
2022-04-25,29.899999618530273,29.899999618530273,30.299999237060547,29.81999969482422,30.100000381469727,449613
2022-04-26,30.579999923706055,30.579999923706055,30.670000076293945,30.049999237060547,30.579999923706055,501808
2022-04-27,30.450000762939453,30.450000762939453,30.579999923706055,30.010000228881836,30.579999923706055,1440135
2022-04-28,30.520000457763672,30.520000457763672,30.8799991607666,30.15999984741211,30.8799991607666,264193
2022-04-29,30.06999969482422,30.06999969482422,30.790000915527344,30.0,30.700000762939453,311517
2022-05-02,29.940000534057617,29.940000534057617,30.06999969482422,29.520000457763672,30.06999969482422,284487
2022-05-04,29.1299991607666,29.1299991607666,30.5,29.0,30.5,944106
2022-05-05,28.93000030517578,28.93000030517578,29.81999969482422,28.850000381469727,29.299999237060547,704344
2022-05-06,28.729999542236328,28.729999542236328,29.280000686645508,28.15999984741211,29.280000686645508,975569
2022-05-09,28.059999465942383,28.059999465942383,28.8799991607666,27.950000762939453,28.8799991607666,788715
2022-05-10,27.809999465942383,27.809999465942383,28.389999389648438,27.6299991607666,28.09000015258789,486916
2022-05-11,27.65999984741211,27.65999984741211,28.489999771118164,26.950000762939453,28.489999771118164,891036
2022-05-12,26.329999923706055,26.329999923706055,27.489999771118164,26.030000686645508,27.489999771118164,2147764
2022-05-13,26.209999084472656,26.209999084472656,27.25,26.110000610351562,26.600000381469727,1010387
2022-05-16,26.940000534057617,26.940000534057617,27.010000228881836,25.90999984741211,26.489999771118164,357542
2022-05-17,27.459999084472656,27.459999084472656,27.549999237060547,26.90999984741211,27.100000381469727,554868
2022-05-18,27.110000610351562,27.110000610351562,27.790000915527344,27.059999465942383,27.790000915527344,364793
2022-05-19,26.329999923706055,26.329999923706055,28.520000457763672,26.139999389648438,28.520000457763672,703496
2022-05-20,27.020000457763672,27.020000457763672,27.139999389648438,26.649999618530273,26.889999389648438,473944
2022-05-23,26.950000762939453,26.950000762939453,27.989999771118164,26.899999618530273,27.020000457763672,458365
2022-05-24,26.950000762939453,26.950000762939453,27.389999389648438,26.799999237060547,27.25,143204
2022-05-25,26.56999969482422,26.56999969482422,27.260000228881836,26.5,26.950000762939453,500726
2022-05-26,27.34000015258789,27.34000015258789,27.459999084472656,26.149999618530273,26.56999969482422,1033242
2022-05-27,27.559999465942383,27.559999465942383,27.770000457763672,27.360000610351562,27.600000381469727,327825
2022-05-30,28.389999389648438,28.389999389648438,28.450000762939453,27.75,27.75,964307
2022-05-31,28.1299991607666,28.1299991607666,28.600000381469727,28.030000686645508,28.389999389648438,969730
2022-06-01,28.299999237060547,28.299999237060547,28.450000762939453,28.049999237060547,28.1299991607666,349204
2022-06-02,28.639999389648438,28.639999389648438,28.75,28.100000381469727,28.440000534057617,382737
2022-06-03,28.25,28.25,28.989999771118164,28.200000762939453,28.75,433233
2022-06-06,28.1299991607666,28.1299991607666,28.479999542236328,27.700000762939453,28.479999542236328,509572
2022-06-07,28.06999969482422,28.06999969482422,28.329999923706055,27.899999618530273,28.1299991607666,567312
2022-06-08,28.280000686645508,28.280000686645508,28.59000015258789,28.0,28.489999771118164,291150
2022-06-09,28.1299991607666,28.1299991607666,28.280000686645508,27.950000762939453,28.280000686645508,677278
2022-06-10,28.09000015258789,28.09000015258789,28.1200008392334,27.850000381469727,28.0,297459
2022-06-13,27.030000686645508,27.030000686645508,28.09000015258789,26.799999237060547,28.09000015258789,1247969
2022-06-14,26.979999542236328,26.979999542236328,27.299999237060547,26.65999984741211,26.65999984741211,212773
2022-06-15,27.0,27.0,27.18000030517578,26.530000686645508,26.530000686645508,96081
2022-06-16,26.31999969482422,26.31999969482422,27.600000381469727,26.25,27.25,760803
2022-06-17,26.18000030517578,26.18000030517578,26.610000610351562,26.0,26.5,391022
2022-06-20,25.56999969482422,25.56999969482422,26.399999618530273,25.350000381469727,26.299999237060547,444964
2022-06-21,26.639999389648438,26.639999389648438,26.790000915527344,25.610000610351562,25.75,575625
2022-06-22,26.639999389648438,26.639999389648438,26.889999389648438,26.200000762939453,26.5,733003
2022-06-23,26.719999313354492,26.719999313354492,26.989999771118164,26.3799991607666,26.510000228881836,466935
2022-06-24,27.280000686645508,27.280000686645508,27.299999237060547,26.81999969482422,27.0,374103
2022-06-27,27.450000762939453,27.450000762939453,27.700000762939453,27.280000686645508,27.280000686645508,285631
2022-06-28,27.469999313354492,27.469999313354492,27.549999237060547,26.829999923706055,27.450000762939453,397730
2022-06-29,27.219999313354492,27.219999313354492,27.329999923706055,27.010000228881836,27.239999771118164,375851
2022-06-30,27.079999923706055,27.079999923706055,27.600000381469727,27.010000228881836,27.31999969482422,496524
2022-07-01,27.18000030517578,27.18000030517578,27.270000457763672,26.770000457763672,27.200000762939453,2456420
2022-07-04,27.520000457763672,27.520000457763672,27.600000381469727,27.18000030517578,27.25,271518
2022-07-05,27.559999465942383,27.559999465942383,27.979999542236328,27.5,27.520000457763672,415942
2022-07-06,27.829999923706055,27.829999923706055,27.899999618530273,27.420000076293945,27.5,304543
2022-07-07,28.850000381469727,28.850000381469727,28.899999618530273,27.989999771118164,27.989999771118164,1236801
2022-07-08,28.940000534057617,28.940000534057617,29.079999923706055,28.700000762939453,28.850000381469727,633825
2022-07-11,29.479999542236328,29.479999542236328,29.649999618530273,28.700000762939453,28.940000534057617,812949
2022-07-12,29.459999084472656,29.459999084472656,29.75,29.0,29.479999542236328,609598
2022-07-13,29.469999313354492,29.469999313354492,29.829999923706055,29.40999984741211,29.479999542236328,746954
2022-07-14,28.889999389648438,28.889999389648438,29.5,28.649999618530273,29.5,506798
2022-07-15,28.760000228881836,28.760000228881836,29.170000076293945,28.510000228881836,29.0,207413
2022-07-18,29.530000686645508,29.530000686645508,29.6200008392334,28.649999618530273,29.0,466217
2022-07-19,30.219999313354492,30.219999313354492,30.299999237060547,28.979999542236328,29.530000686645508,1653586
2022-07-20,30.059999465942383,30.059999465942383,30.690000534057617,30.0,30.329999923706055,1149796
2022-07-21,30.75,30.75,30.829999923706055,30.0,30.059999465942383,684184
2022-07-22,30.889999389648438,30.889999389648438,31.149999618530273,30.700000762939453,30.700000762939453,1507622
2022-07-25,30.770000457763672,30.770000457763672,31.0,30.229999542236328,30.889999389648438,1197818
2022-07-26,30.510000228881836,30.510000228881836,30.8700008392334,30.450000762939453,30.8700008392334,317586
2022-07-27,31.1299991607666,31.1299991607666,31.18000030517578,30.0,30.450000762939453,871790
2022-07-28,31.190000534057617,31.190000534057617,31.579999923706055,31.110000610351562,31.190000534057617,1168343
2022-07-29,30.889999389648438,30.889999389648438,31.489999771118164,30.850000381469727,31.25,1054802
2022-08-01,31.479999542236328,31.479999542236328,31.549999237060547,30.75,30.989999771118164,1916490
2022-08-02,32.25,32.25,32.560001373291016,31.100000381469727,31.25,2526623
2022-08-03,32.09000015258789,32.09000015258789,32.349998474121094,31.770000457763672,32.25,553076
2022-08-04,31.489999771118164,31.489999771118164,32.5,31.079999923706055,32.20000076293945,982173
2022-08-05,31.440000534057617,31.440000534057617,31.979999542236328,31.360000610351562,31.600000381469727,880245
2022-08-08,31.299999237060547,31.299999237060547,31.459999084472656,31.0,31.440000534057617,397504
2022-08-10,31.1200008392334,31.1200008392334,31.5,31.09000015258789,31.5,352321
2022-08-11,31.850000381469727,31.850000381469727,32.04999923706055,31.200000762939453,31.200000762939453,1585252
2022-08-12,31.969999313354492,31.969999313354492,32.040000915527344,31.649999618530273,31.75,709815
2022-08-16,31.84000015258789,31.84000015258789,32.400001525878906,31.68000030517578,31.969999313354492,767216
2022-08-17,32.4900016784668,32.4900016784668,32.61000061035156,31.799999237060547,31.940000534057617,1948599
2022-08-18,32.459999084472656,32.459999084472656,32.79999923706055,32.130001068115234,32.5,1192443
2022-08-19,31.610000610351562,31.610000610351562,32.650001525878906,31.530000686645508,32.599998474121094,694072
2022-08-22,30.93000030517578,30.93000030517578,31.780000686645508,30.899999618530273,31.610000610351562,675299
2022-08-23,31.690000534057617,31.690000534057617,32.79999923706055,30.600000381469727,30.600000381469727,537119
2022-08-24,31.790000915527344,31.790000915527344,31.979999542236328,31.309999465942383,31.690000534057617,327861
2022-08-25,32.68000030517578,32.68000030517578,33.20000076293945,31.84000015258789,32.0,2505410
2022-08-26,33.060001373291016,33.060001373291016,33.4900016784668,32.529998779296875,32.779998779296875,2508040
2022-08-29,32.52000045776367,32.52000045776367,32.97999954223633,31.93000030517578,32.97999954223633,1295327
2022-08-30,33.290000915527344,33.290000915527344,33.349998474121094,32.58000183105469,32.70000076293945,875239
2022-09-01,33.59000015258789,33.59000015258789,33.849998474121094,32.029998779296875,33.0,2429704
2022-09-02,33.31999969482422,33.31999969482422,33.970001220703125,33.25,33.59000015258789,699314
2022-09-05,33.70000076293945,33.70000076293945,34.40999984741211,33.29999923706055,34.40999984741211,3004535
2022-09-06,33.75,33.75,34.13999938964844,33.43000030517578,33.790000915527344,719885
2022-09-07,33.86000061035156,33.86000061035156,34.0099983215332,33.459999084472656,33.75,3123203
2022-09-08,34.68000030517578,34.68000030517578,34.81999969482422,33.970001220703125,33.9900016784668,1640507
2022-09-09,34.72999954223633,34.72999954223633,35.2400016784668,34.65999984741211,34.84000015258789,1035645
2022-09-12,35.220001220703125,35.220001220703125,35.33000183105469,34.810001373291016,34.849998474121094,1458940
2022-09-13,35.18000030517578,35.18000030517578,35.75,35.099998474121094,35.400001525878906,1775384
2022-09-14,35.779998779296875,35.779998779296875,36.2599983215332,34.599998474121094,35.15999984741211,4224491
2022-09-15,35.880001068115234,35.880001068115234,36.4900016784668,35.619998931884766,36.0,3106274
2022-09-16,34.93000030517578,34.93000030517578,35.9900016784668,34.529998779296875,35.9900016784668,935574
2022-09-19,35.689998626708984,35.689998626708984,36.0,35.0,35.189998626708984,2251774
2022-09-20,35.849998474121094,35.849998474121094,36.20000076293945,35.79999923706055,35.79999923706055,3577261
2022-09-21,35.65999984741211,35.65999984741211,36.18000030517578,35.310001373291016,35.970001220703125,1103089
2022-09-22,35.279998779296875,35.279998779296875,35.810001373291016,34.91999816894531,35.650001525878906,1315093
2022-09-23,33.939998626708984,33.939998626708984,35.5,33.75,35.0099983215332,1634733
2022-09-26,32.70000076293945,32.70000076293945,34.0,32.27000045776367,34.0,1075335
2022-09-27,32.56999969482422,32.56999969482422,33.27000045776367,32.400001525878906,32.9900016784668,681429
2022-09-28,31.90999984741211,31.90999984741211,32.4900016784668,31.75,32.4900016784668,1051771
2022-09-29,32.33000183105469,32.33000183105469,32.849998474121094,31.81999969482422,31.989999771118164,1693099
2022-09-30,33.16999816894531,33.16999816894531,33.47999954223633,32.029998779296875,32.38999938964844,8164160
2022-10-03,32.31999969482422,32.31999969482422,33.38999938964844,32.20000076293945,33.0099983215332,2209595
2022-10-04,33.310001373291016,33.310001373291016,33.439998626708984,32.40999984741211,32.40999984741211,367455
2022-10-06,33.56999969482422,33.56999969482422,33.86000061035156,33.43000030517578,33.86000061035156,527948
2022-10-07,33.70000076293945,33.70000076293945,34.0,32.900001525878906,33.5,2788736
2022-10-10,33.16999816894531,33.16999816894531,33.54999923706055,32.52000045776367,33.54999923706055,460868
2022-10-11,32.63999938964844,32.63999938964844,33.29999923706055,32.54999923706055,33.22999954223633,452806
2022-10-12,33.06999969482422,33.06999969482422,33.220001220703125,31.040000915527344,32.790000915527344,414479
2022-10-13,32.599998474121094,32.599998474121094,33.5,32.40999984741211,33.189998626708984,1041422
2022-10-14,32.790000915527344,32.790000915527344,33.310001373291016,32.66999816894531,32.88999938964844,942568
2022-10-17,33.77000045776367,33.77000045776367,33.88999938964844,32.59000015258789,32.88999938964844,1355635
2022-10-18,35.150001525878906,35.150001525878906,35.29999923706055,33.86000061035156,33.9900016784668,1802508
2022-10-19,35.0099983215332,35.0099983215332,35.47999954223633,34.779998779296875,35.13999938964844,1051255
2022-10-20,35.619998931884766,35.619998931884766,35.79999923706055,34.41999816894531,35.0,1577931
2022-10-21,36.290000915527344,36.290000915527344,36.70000076293945,35.279998779296875,35.619998931884766,1974138
2022-10-24,37.18000030517578,37.18000030517578,38.0,36.290000915527344,36.380001068115234,1311647
2022-10-25,38.0,38.0,38.52000045776367,36.45000076293945,37.290000915527344,2462710
2022-10-27,38.2599983215332,38.2599983215332,39.099998474121094,36.060001373291016,38.099998474121094,5074745
2022-10-28,38.11000061035156,38.11000061035156,38.84000015258789,37.95000076293945,38.0099983215332,2122654
2022-10-31,38.27000045776367,38.27000045776367,38.56999969482422,37.72999954223633,38.5,967871
2022-11-01,38.189998626708984,38.189998626708984,39.20000076293945,38.08000183105469,38.189998626708984,1609319
2022-11-02,37.84000015258789,37.84000015258789,38.4900016784668,37.56999969482422,38.4900016784668,811352
2022-11-03,38.75,38.75,38.88999938964844,37.0,37.279998779296875,5028880
2022-11-04,39.119998931884766,39.119998931884766,39.400001525878906,38.529998779296875,38.9900016784668,1766668
2022-11-07,40.9900016784668,40.9900016784668,41.599998474121094,39.5,39.90999984741211,4311700
2022-11-09,42.470001220703125,42.470001220703125,43.9900016784668,40.08000183105469,40.9900016784668,3478096
2022-11-10,42.0099983215332,42.0099983215332,42.72999954223633,41.099998474121094,42.0,2279671
2022-11-11,41.79999923706055,41.79999923706055,43.84000015258789,41.650001525878906,43.84000015258789,2270307
2022-11-14,41.529998779296875,41.529998779296875,42.2400016784668,41.119998931884766,41.9900016784668,907661
2022-11-15,41.7599983215332,41.7599983215332,41.84000015258789,41.29999923706055,41.70000076293945,2553765
2022-11-16,41.650001525878906,41.650001525878906,42.13999938964844,41.41999816894531,41.7599983215332,1707527
2022-11-17,41.9900016784668,41.9900016784668,42.25,41.529998779296875,41.63999938964844,530000
2022-11-18,42.65999984741211,42.65999984741211,42.9900016784668,42.099998474121094,42.189998626708984,1962027
2022-11-21,43.33000183105469,43.33000183105469,43.5,42.400001525878906,42.790000915527344,2385873
2022-11-22,44.040000915527344,44.040000915527344,44.099998474121094,43.13999938964844,43.5099983215332,2079137
2022-11-23,44.5099983215332,44.5099983215332,45.54999923706055,43.72999954223633,43.72999954223633,3608391
2022-11-24,44.83000183105469,44.83000183105469,45.20000076293945,44.4900016784668,44.4900016784668,5317785
2022-11-25,44.86000061035156,44.86000061035156,45.900001525878906,44.70000076293945,44.9900016784668,3586250
2022-11-28,44.959999084472656,44.959999084472656,45.279998779296875,44.59000015258789,44.849998474121094,7121382
2022-11-29,45.0099983215332,45.0099983215332,45.5,44.75,45.38999938964844,6526044
2022-11-30,44.43000030517578,44.43000030517578,45.970001220703125,44.099998474121094,45.970001220703125,1725067
2022-12-01,45.18000030517578,45.18000030517578,45.34000015258789,44.29999923706055,44.79999923706055,1287523
2022-12-02,45.54999923706055,45.54999923706055,45.79999923706055,44.83000183105469,45.18000030517578,4696950
2022-12-05,46.09000015258789,46.09000015258789,48.29999923706055,45.369998931884766,45.5,1534376
2022-12-06,46.849998474121094,46.849998474121094,47.34000015258789,46.09000015258789,46.4900016784668,2633460
2022-12-07,46.83000183105469,46.83000183105469,48.0,46.22999954223633,46.9900016784668,4440064
2022-12-08,48.66999816894531,48.66999816894531,49.79999923706055,46.849998474121094,47.029998779296875,6817839
2022-12-09,47.77000045776367,47.77000045776367,49.79999923706055,46.72999954223633,49.099998474121094,5792236
2022-12-12,48.20000076293945,48.20000076293945,48.439998626708984,45.7599983215332,46.29999923706055,3412444
2022-12-13,50.09000015258789,50.09000015258789,50.5,48.209999084472656,48.7400016784668,15255007
2022-12-14,50.349998474121094,50.349998474121094,53.099998474121094,49.720001220703125,50.970001220703125,19653829
2022-12-15,49.47999954223633,49.47999954223633,51.20000076293945,49.22999954223633,51.189998626708984,12493553
2022-12-16,47.91999816894531,47.91999816894531,50.189998626708984,47.70000076293945,50.189998626708984,4840755
2022-12-19,48.119998931884766,48.119998931884766,48.59000015258789,47.560001373291016,48.0,2235387
2022-12-20,47.65999984741211,47.65999984741211,48.18000030517578,47.15999984741211,47.7599983215332,2043928
2022-12-21,46.470001220703125,46.470001220703125,48.84000015258789,46.130001068115234,47.900001525878906,2925747
2022-12-22,45.790000915527344,45.790000915527344,47.20000076293945,45.459999084472656,46.630001068115234,8961571
2022-12-23,43.25,43.25,45.79999923706055,43.0,44.810001373291016,4939748
2022-12-26,46.439998626708984,46.439998626708984,46.95000076293945,42.36000061035156,44.15999984741211,3177259
2022-12-27,46.720001220703125,46.720001220703125,47.5,43.70000076293945,43.70000076293945,2929655
2022-12-28,46.880001068115234,46.880001068115234,47.95000076293945,46.0099983215332,46.0099983215332,2486153
2022-12-29,47.2400016784668,47.2400016784668,47.5,46.27000045776367,47.189998626708984,1321373
2022-12-30,47.810001373291016,47.810001373291016,50.099998474121094,47.31999969482422,48.4900016784668,1702016
2023-01-02,48.2400016784668,48.2400016784668,48.70000076293945,47.90999984741211,48.5099983215332,1615485
2023-01-03,48.47999954223633,48.47999954223633,49.0,48.25,48.630001068115234,1477896
2023-01-04,47.689998626708984,47.689998626708984,48.810001373291016,47.439998626708984,48.209999084472656,1317851
2023-01-05,47.790000915527344,47.790000915527344,48.290000915527344,47.22999954223633,48.290000915527344,2265906
2023-01-06,47.439998626708984,47.439998626708984,47.9900016784668,47.08000183105469,47.790000915527344,1989569
2023-01-09,47.88999938964844,47.88999938964844,48.22999954223633,47.52000045776367,47.9900016784668,1230678
2023-01-10,46.52000045776367,46.52000045776367,48.0,46.25,47.9900016784668,4331679
2023-01-11,46.83000183105469,46.83000183105469,46.9900016784668,46.09000015258789,46.58000183105469,696142
2023-01-12,46.66999816894531,46.66999816894531,47.150001525878906,46.369998931884766,47.13999938964844,705541
2023-01-13,47.43000030517578,47.43000030517578,47.4900016784668,46.630001068115234,46.7400016784668,888966
2023-01-16,48.189998626708984,48.189998626708984,48.5,47.5099983215332,47.779998779296875,2300610
2023-01-17,47.22999954223633,47.22999954223633,48.47999954223633,46.709999084472656,48.29999923706055,1769513
2023-01-18,46.7400016784668,46.7400016784668,47.52000045776367,46.59000015258789,47.38999938964844,2856166
2023-01-19,46.869998931884766,46.869998931884766,47.0,46.40999984741211,46.91999816894531,6411449
2023-01-20,46.970001220703125,46.970001220703125,47.41999816894531,46.880001068115234,46.939998626708984,3277006
2023-01-23,47.11000061035156,47.11000061035156,47.4900016784668,47.040000915527344,47.38999938964844,1014770
2023-01-24,46.45000076293945,46.45000076293945,47.45000076293945,46.349998474121094,47.25,1324457
2023-01-25,44.880001068115234,44.880001068115234,46.5,44.34000015258789,46.459999084472656,3641074
2023-01-27,42.380001068115234,42.380001068115234,45.189998626708984,41.97999954223633,45.189998626708984,6114532
2023-01-30,42.59000015258789,42.59000015258789,43.810001373291016,41.599998474121094,43.25,3184042
2023-01-31,44.290000915527344,44.290000915527344,44.77000045776367,42.61000061035156,42.75,2577181
2023-02-01,42.04999923706055,42.04999923706055,45.09000015258789,41.34000015258789,44.29999923706055,4692351
2023-02-02,41.83000183105469,41.83000183105469,42.47999954223633,40.599998474121094,42.04999923706055,3400044
2023-02-03,43.15999984741211,43.15999984741211,43.36000061035156,41.02000045776367,42.04999923706055,7692230
2023-02-06,43.220001220703125,43.220001220703125,44.79999923706055,42.15999984741211,42.15999984741211,1967691
2023-02-07,43.20000076293945,43.20000076293945,43.66999816894531,42.869998931884766,43.349998474121094,2252570
2023-02-08,43.22999954223633,43.22999954223633,43.5,42.900001525878906,43.20000076293945,3150847
2023-02-09,43.220001220703125,43.220001220703125,43.38999938964844,42.529998779296875,43.22999954223633,3002389
2023-02-10,43.45000076293945,43.45000076293945,44.33000183105469,43.02000045776367,43.29999923706055,4531716
2023-02-13,42.369998931884766,42.369998931884766,43.7400016784668,42.279998779296875,43.439998626708984,1765080
2023-02-14,42.7400016784668,42.7400016784668,42.95000076293945,41.900001525878906,42.58000183105469,3832495
2023-02-15,42.939998626708984,42.939998626708984,43.0,42.33000183105469,42.5,700900
2023-02-16,42.900001525878906,42.900001525878906,44.25,42.79999923706055,44.25,772531
2023-02-17,42.16999816894531,42.16999816894531,42.88999938964844,42.02000045776367,42.880001068115234,2215735
2023-02-20,41.790000915527344,41.790000915527344,42.63999938964844,41.5099983215332,42.290000915527344,1594902
2023-02-21,41.04999923706055,41.04999923706055,41.970001220703125,41.02000045776367,41.970001220703125,2850468
2023-02-22,40.279998779296875,40.279998779296875,41.09000015258789,40.0,41.04999923706055,1827065
2023-02-23,40.459999084472656,40.459999084472656,40.650001525878906,39.72999954223633,40.470001220703125,1109204
2023-02-24,40.099998474121094,40.099998474121094,40.95000076293945,40.0099983215332,40.95000076293945,679429
2023-02-27,40.38999938964844,40.38999938964844,40.5,39.90999984741211,40.189998626708984,1167741
2023-02-28,40.5,40.5,40.63999938964844,40.150001525878906,40.38999938964844,831553
2023-03-01,41.720001220703125,41.720001220703125,41.9900016784668,40.41999816894531,41.70000076293945,1879626
2023-03-02,41.75,41.75,42.0099983215332,41.41999816894531,41.41999816894531,953886
2023-03-03,43.86000061035156,43.86000061035156,43.9900016784668,41.970001220703125,41.9900016784668,5817552
2023-03-06,43.869998931884766,43.869998931884766,44.63999938964844,43.689998626708984,43.75,10570436
2023-03-08,44.11000061035156,44.11000061035156,44.16999816894531,43.25,43.900001525878906,1465471
2023-03-09,43.630001068115234,43.630001068115234,44.31999969482422,43.54999923706055,44.099998474121094,764208
2023-03-10,42.779998779296875,42.779998779296875,43.4900016784668,42.40999984741211,43.400001525878906,1783504
2023-03-13,41.540000915527344,41.540000915527344,43.20000076293945,41.459999084472656,42.779998779296875,2165722
2023-03-14,40.7400016784668,40.7400016784668,41.95000076293945,40.41999816894531,41.900001525878906,2189961
2023-03-15,40.2400016784668,40.2400016784668,41.720001220703125,40.09000015258789,41.369998931884766,1391147
2023-03-16,40.459999084472656,40.459999084472656,40.790000915527344,39.439998626708984,40.4900016784668,3727833
2023-03-17,40.81999969482422,40.81999969482422,41.099998474121094,40.13999938964844,40.619998931884766,1160551
2023-03-20,40.09000015258789,40.09000015258789,40.83000183105469,39.68000030517578,40.83000183105469,1471747
2023-03-21,40.72999954223633,40.72999954223633,40.84000015258789,40.150001525878906,40.4900016784668,1033173
2023-03-22,41.11000061035156,41.11000061035156,41.41999816894531,40.72999954223633,40.849998474121094,3442059
2023-03-23,40.31999969482422,40.31999969482422,41.47999954223633,40.25,41.47999954223633,977199
2023-03-24,39.47999954223633,39.47999954223633,40.599998474121094,39.279998779296875,40.560001373291016,2151717
2023-03-27,39.54999923706055,39.54999923706055,39.84000015258789,39.150001525878906,39.59000015258789,1035514
2023-03-28,39.459999084472656,39.459999084472656,39.959999084472656,39.099998474121094,39.59000015258789,1551718
2023-03-29,40.75,40.75,40.900001525878906,39.220001220703125,39.63999938964844,7785534
2023-03-31,41.08000183105469,41.08000183105469,41.599998474121094,40.81999969482422,41.0,1444831
2023-04-03,41.4900016784668,41.4900016784668,41.599998474121094,41.09000015258789,41.369998931884766,1243617
2023-04-05,41.22999954223633,41.22999954223633,41.61000061035156,41.0,41.4900016784668,1387291
2023-04-06,41.40999984741211,41.40999984741211,41.900001525878906,41.04999923706055,41.38999938964844,1249539
2023-04-10,41.06999969482422,41.06999969482422,41.650001525878906,40.959999084472656,41.599998474121094,9179301
2023-04-11,41.7400016784668,41.7400016784668,42.099998474121094,41.33000183105469,41.33000183105469,1078307
2023-04-12,41.52000045776367,41.52000045776367,41.95000076293945,41.380001068115234,41.72999954223633,710101
2023-04-13,42.02000045776367,42.02000045776367,42.13999938964844,41.38999938964844,41.58000183105469,1367962
2023-04-17,43.5099983215332,43.5099983215332,43.79999923706055,41.630001068115234,42.0099983215332,19541303
2023-04-18,43.65999984741211,43.65999984741211,44.0099983215332,43.29999923706055,43.88999938964844,1766731
2023-04-19,43.349998474121094,43.349998474121094,44.0,43.27000045776367,43.70000076293945,976998
2023-04-20,43.27000045776367,43.27000045776367,43.59000015258789,43.029998779296875,43.36000061035156,788466
2023-04-21,42.91999816894531,42.91999816894531,43.349998474121094,42.61000061035156,43.349998474121094,5316926
2023-04-24,44.0099983215332,44.0099983215332,44.08000183105469,42.9900016784668,43.040000915527344,5099422
2023-04-25,44.59000015258789,44.59000015258789,44.95000076293945,44.02000045776367,44.09000015258789,2139010
2023-04-26,44.810001373291016,44.810001373291016,44.849998474121094,44.150001525878906,44.790000915527344,1017015
2023-04-27,44.619998931884766,44.619998931884766,45.04999923706055,43.79999923706055,44.779998779296875,4462373
2023-04-28,46.040000915527344,46.040000915527344,46.20000076293945,44.709999084472656,44.7599983215332,3084835
2023-05-02,46.33000183105469,46.33000183105469,46.70000076293945,46.15999984741211,46.25,2991867
2023-05-03,45.79999923706055,45.79999923706055,46.25,45.66999816894531,46.25,5926210
2023-05-04,46.34000015258789,46.34000015258789,46.5,45.84000015258789,45.84000015258789,8009562
2023-05-05,46.0,46.0,47.0,45.900001525878906,46.529998779296875,2887809
2023-05-08,45.5099983215332,45.5099983215332,46.27000045776367,44.9900016784668,46.220001220703125,2017333
2023-05-09,44.33000183105469,44.33000183105469,45.88999938964844,44.20000076293945,45.7400016784668,7531674
2023-05-10,43.7599983215332,43.7599983215332,44.36000061035156,43.08000183105469,44.36000061035156,6811539
2023-05-11,43.90999984741211,43.90999984741211,44.380001068115234,43.81999969482422,43.9900016784668,1479217
2023-05-12,44.0099983215332,44.0099983215332,44.2400016784668,43.65999984741211,44.0,830495
2023-05-15,44.40999984741211,44.40999984741211,44.45000076293945,43.720001220703125,44.2400016784668,1271016
2023-05-16,44.720001220703125,44.720001220703125,45.18000030517578,44.459999084472656,44.470001220703125,2060465
2023-05-17,44.56999969482422,44.56999969482422,45.27000045776367,44.189998626708984,44.720001220703125,1505570
2023-05-18,43.86000061035156,43.86000061035156,44.970001220703125,43.75,44.75,1268430
2023-05-19,43.880001068115234,43.880001068115234,44.2400016784668,43.33000183105469,44.0099983215332,1315877
2023-05-22,44.08000183105469,44.08000183105469,44.27000045776367,43.77000045776367,43.880001068115234,1430812
2023-05-23,44.310001373291016,44.310001373291016,44.4900016784668,44.09000015258789,44.2400016784668,3769303
2023-05-24,44.11000061035156,44.11000061035156,44.45000076293945,44.04999923706055,44.36000061035156,1170023
2023-05-25,43.869998931884766,43.869998931884766,44.22999954223633,43.599998474121094,44.22999954223633,763435
2023-05-26,44.369998931884766,44.369998931884766,44.439998626708984,43.869998931884766,43.88999938964844,2318662
2023-05-29,44.59000015258789,44.59000015258789,44.900001525878906,44.5,44.5,1887779
2023-05-30,44.599998474121094,44.599998474121094,44.75,44.47999954223633,44.68000030517578,1566716
2023-05-31,44.75,44.75,44.900001525878906,44.279998779296875,44.599998474121094,2654395
2023-06-01,45.029998779296875,45.029998779296875,45.29999923706055,44.75,44.75,1274929
2023-06-02,45.459999084472656,45.459999084472656,45.54999923706055,45.099998474121094,45.349998474121094,2309638
2023-06-05,45.310001373291016,45.310001373291016,45.79999923706055,45.220001220703125,45.5,798411
2023-06-06,45.18000030517578,45.18000030517578,45.5099983215332,44.900001525878906,45.5,1763928
2023-06-07,45.47999954223633,45.47999954223633,45.65999984741211,45.20000076293945,45.209999084472656,1119242
2023-06-08,45.400001525878906,45.400001525878906,45.83000183105469,45.2599983215332,45.7400016784668,1038492
2023-06-09,44.95000076293945,44.95000076293945,45.66999816894531,44.79999923706055,45.630001068115234,1173819
2023-06-12,45.060001373291016,45.060001373291016,45.2400016784668,44.79999923706055,44.95000076293945,1596100
2023-06-13,45.20000076293945,45.20000076293945,45.34000015258789,45.060001373291016,45.2400016784668,710430
2023-06-14,45.130001068115234,45.130001068115234,45.34000015258789,45.04999923706055,45.20000076293945,423171
2023-06-15,44.36000061035156,44.36000061035156,45.2400016784668,44.29999923706055,45.18000030517578,1137188
2023-06-16,44.88999938964844,44.88999938964844,45.04999923706055,44.59000015258789,44.7400016784668,906337
2023-06-19,45.31999969482422,45.31999969482422,45.470001220703125,44.79999923706055,45.2599983215332,1288413
2023-06-20,45.41999816894531,45.41999816894531,45.61000061035156,45.130001068115234,45.31999969482422,588630
2023-06-21,45.59000015258789,45.59000015258789,45.810001373291016,45.400001525878906,45.5,3638925
2023-06-22,44.970001220703125,44.970001220703125,45.7400016784668,44.79999923706055,45.7400016784668,1839143
2023-06-23,44.5,44.5,45.13999938964844,44.380001068115234,45.13999938964844,708046
2023-06-26,44.369998931884766,44.369998931884766,44.7400016784668,44.130001068115234,44.7400016784668,559167
2023-06-27,44.779998779296875,44.779998779296875,44.86000061035156,44.40999984741211,44.63999938964844,275118
2023-06-28,44.81999969482422,44.81999969482422,45.09000015258789,44.650001525878906,44.9900016784668,493676
2023-06-30,45.689998626708984,45.689998626708984,45.7400016784668,44.93000030517578,44.9900016784668,1675996
2023-07-03,47.29999923706055,47.29999923706055,47.38999938964844,45.25,45.25,3280353
2023-07-04,48.29999923706055,48.29999923706055,48.70000076293945,47.0,47.79999923706055,7510930
2023-07-05,48.75,48.75,49.0,48.2599983215332,48.65999984741211,2154980
2023-07-06,49.06999969482422,49.06999969482422,49.20000076293945,48.650001525878906,48.650001525878906,1574367
2023-07-07,49.56999969482422,49.56999969482422,49.81999969482422,48.349998474121094,49.08000183105469,2193876
2023-07-10,49.2400016784668,49.2400016784668,50.16999816894531,49.08000183105469,49.970001220703125,2625375
2023-07-11,49.2400016784668,49.2400016784668,49.709999084472656,49.08000183105469,49.58000183105469,1108627
2023-07-12,49.619998931884766,49.619998931884766,49.90999984741211,49.060001373291016,49.29999923706055,1309979
2023-07-13,48.540000915527344,48.540000915527344,49.959999084472656,48.27000045776367,49.959999084472656,1725961
2023-07-14,48.75,48.75,49.040000915527344,48.27000045776367,48.599998474121094,7506181
2023-07-17,49.83000183105469,49.83000183105469,49.9900016784668,48.75,48.9900016784668,4420759
2023-07-18,49.470001220703125,49.470001220703125,50.20000076293945,49.119998931884766,49.959999084472656,1502756
2023-07-19,50.189998626708984,50.189998626708984,50.25,49.150001525878906,49.650001525878906,2405596
2023-07-20,50.66999816894531,50.66999816894531,50.95000076293945,50.189998626708984,50.20000076293945,2219585
2023-07-21,50.75,50.75,51.20000076293945,50.650001525878906,50.650001525878906,5577017
2023-07-24,50.880001068115234,50.880001068115234,51.63999938964844,50.720001220703125,51.0,6756781
2023-07-25,50.130001068115234,50.130001068115234,51.2400016784668,49.88999938964844,51.20000076293945,2339268
2023-07-26,50.849998474121094,50.849998474121094,50.95000076293945,50.130001068115234,50.279998779296875,832057
2023-07-27,51.130001068115234,51.130001068115234,51.59000015258789,50.900001525878906,51.0,1434299
2023-07-28,51.18000030517578,51.18000030517578,51.400001525878906,50.939998626708984,51.2400016784668,965515
2023-07-31,51.380001068115234,51.380001068115234,51.63999938964844,51.0,51.189998626708984,651622
2023-08-01,51.060001373291016,51.060001373291016,51.75,51.0,51.650001525878906,2207738
2023-08-02,49.869998931884766,49.869998931884766,51.189998626708984,49.20000076293945,51.189998626708984,4741459
2023-08-03,49.540000915527344,49.540000915527344,50.2400016784668,49.099998474121094,49.880001068115234,1310746
2023-08-04,49.220001220703125,49.220001220703125,50.25,49.040000915527344,49.75,2609935
2023-08-07,49.0,49.0,49.619998931884766,48.70000076293945,49.619998931884766,1905471
2023-08-08,50.400001525878906,50.400001525878906,50.650001525878906,49.0099983215332,49.70000076293945,2107242
2023-08-09,50.38999938964844,50.38999938964844,50.59000015258789,49.91999816894531,50.59000015258789,1133131
2023-08-10,50.060001373291016,50.060001373291016,50.68000030517578,49.75,50.5,3081176
2023-08-11,50.61000061035156,50.61000061035156,51.20000076293945,50.0099983215332,50.25,1913287
2023-08-14,50.310001373291016,50.310001373291016,50.869998931884766,49.45000076293945,50.689998626708984,1875378
2023-08-16,50.349998474121094,50.349998474121094,50.59000015258789,49.75,50.38999938964844,1258754
2023-08-17,51.11000061035156,51.11000061035156,51.18000030517578,50.25,50.5,11320708
2023-08-18,51.189998626708984,51.189998626708984,51.66999816894531,50.7400016784668,51.13999938964844,10202576
2023-08-21,50.849998474121094,50.849998474121094,51.529998779296875,50.75,51.5,1602952
2023-08-22,50.66999816894531,50.66999816894531,51.25,50.599998474121094,51.0,741243
2023-08-23,51.5099983215332,51.5099983215332,51.720001220703125,50.72999954223633,50.84000015258789,1513960
2023-08-24,51.150001525878906,51.150001525878906,52.08000183105469,51.04999923706055,51.9900016784668,2650217
2023-08-25,50.43000030517578,50.43000030517578,52.400001525878906,50.119998931884766,52.400001525878906,1548671
2023-08-28,50.779998779296875,50.779998779296875,51.04999923706055,50.43000030517578,50.5099983215332,725309
2023-08-29,50.58000183105469,50.58000183105469,51.13999938964844,50.40999984741211,50.779998779296875,900287
2023-08-30,50.33000183105469,50.33000183105469,50.95000076293945,50.25,50.70000076293945,914434
2023-08-31,49.779998779296875,49.779998779296875,50.56999969482422,49.650001525878906,50.5,3059771
2023-09-01,50.47999954223633,50.47999954223633,50.7400016784668,49.54999923706055,50.5,1329826
2023-09-04,51.58000183105469,51.58000183105469,52.0,50.310001373291016,52.0,2627452
2023-09-05,52.040000915527344,52.040000915527344,52.40999984741211,51.58000183105469,52.099998474121094,2422841
2023-09-06,51.56999969482422,51.56999969482422,52.31999969482422,51.40999984741211,52.20000076293945,1150731
2023-09-07,52.13999938964844,52.13999938964844,52.220001220703125,51.599998474121094,51.7400016784668,747953
2023-09-08,52.40999984741211,52.40999984741211,53.25,52.04999923706055,53.25,1559528
2023-09-11,54.0099983215332,54.0099983215332,54.150001525878906,52.41999816894531,52.650001525878906,2310677
2023-09-12,52.68000030517578,52.68000030517578,54.56999969482422,52.439998626708984,54.150001525878906,4035540
2023-09-13,54.83000183105469,54.83000183105469,55.0,52.27000045776367,52.79999923706055,3852465
2023-09-14,55.90999984741211,55.90999984741211,56.5,54.86000061035156,55.0,4942179
2023-09-15,56.11000061035156,56.11000061035156,56.599998474121094,55.630001068115234,56.4900016784668,4649646
2023-09-18,58.08000183105469,58.08000183105469,58.880001068115234,56.11000061035156,56.95000076293945,8395361
2023-09-20,57.380001068115234,57.380001068115234,58.54999923706055,57.099998474121094,58.0,4585196
2023-09-21,56.040000915527344,56.040000915527344,59.099998474121094,55.83000183105469,59.099998474121094,3153879
2023-09-22,57.95000076293945,57.95000076293945,58.29999923706055,56.099998474121094,56.560001373291016,4520706
2023-09-25,57.9900016784668,57.9900016784668,58.650001525878906,57.22999954223633,58.439998626708984,1802627
2023-09-26,57.720001220703125,57.720001220703125,58.5,57.5,58.5,1100619
2023-09-27,58.119998931884766,58.119998931884766,58.29999923706055,57.470001220703125,58.2400016784668,1062159
2023-09-28,57.52000045776367,57.52000045776367,59.0099983215332,57.25,58.13999938964844,3230098
2023-09-29,58.459999084472656,58.459999084472656,58.650001525878906,56.5,57.529998779296875,1378119
2023-10-03,59.79999923706055,59.79999923706055,59.970001220703125,58.04999923706055,58.7400016784668,3120351
2023-10-04,58.16999816894531,58.16999816894531,61.0,57.709999084472656,59.79999923706055,7126330
2023-10-05,57.900001525878906,57.900001525878906,59.650001525878906,57.43000030517578,58.16999816894531,1606594
2023-10-06,58.09000015258789,58.09000015258789,58.529998779296875,57.650001525878906,58.08000183105469,1573246
2023-10-09,56.13999938964844,56.13999938964844,59.849998474121094,56.0099983215332,59.849998474121094,7027211
2023-10-10,57.279998779296875,57.279998779296875,57.41999816894531,56.25,56.9900016784668,3705329
2023-10-11,57.0,57.0,57.650001525878906,56.88999938964844,57.41999816894531,979951
2023-10-12,56.869998931884766,56.869998931884766,57.59000015258789,56.790000915527344,57.59000015258789,1147810
2023-10-13,56.130001068115234,56.130001068115234,56.95000076293945,55.79999923706055,56.95000076293945,3116964
2023-10-16,56.4900016784668,56.4900016784668,56.689998626708984,56.0,56.13999938964844,738527
2023-10-17,56.75,56.75,57.369998931884766,56.540000915527344,56.9900016784668,717673
2023-10-18,55.95000076293945,55.95000076293945,56.97999954223633,55.86000061035156,56.970001220703125,1479200
2023-10-19,55.810001373291016,55.810001373291016,56.16999816894531,55.43000030517578,55.9900016784668,1140586
2023-10-20,54.970001220703125,54.970001220703125,56.06999969482422,54.7400016784668,55.81999969482422,1573407
2023-10-23,52.7599983215332,52.7599983215332,56.599998474121094,52.5,56.599998474121094,10484678
2023-10-25,52.9900016784668,52.9900016784668,53.900001525878906,52.43000030517578,53.689998626708984,5577265
2023-10-26,52.63999938964844,52.63999938964844,53.290000915527344,51.619998931884766,53.0,2737199
2023-10-27,54.68000030517578,54.68000030517578,54.900001525878906,53.0,53.63999938964844,7386870
2023-10-30,54.65999984741211,54.65999984741211,56.0,54.15999984741211,54.939998626708984,1192668
2023-10-31,54.83000183105469,54.83000183105469,55.41999816894531,54.66999816894531,54.66999816894531,889614
2023-11-01,54.90999984741211,54.90999984741211,55.29999923706055,54.66999816894531,55.08000183105469,798404
2023-11-02,55.84000015258789,55.84000015258789,56.06999969482422,55.15999984741211,55.290000915527344,1377660
2023-11-03,56.040000915527344,56.040000915527344,57.0,56.0,56.209999084472656,985150
2023-11-06,55.59000015258789,55.59000015258789,56.79999923706055,55.5099983215332,56.79999923706055,1101487
2023-11-07,55.68000030517578,55.68000030517578,56.0,55.20000076293945,55.709999084472656,815944
2023-11-08,55.70000076293945,55.70000076293945,56.099998474121094,55.58000183105469,55.75,2881157
2023-11-09,55.77000045776367,55.77000045776367,55.97999954223633,55.5,55.75,1131565
2023-11-10,55.810001373291016,55.810001373291016,56.880001068115234,55.400001525878906,56.880001068115234,434436
2023-11-13,57.38999938964844,57.38999938964844,57.5,55.560001373291016,56.380001068115234,2911711
2023-11-15,57.68000030517578,57.68000030517578,58.400001525878906,57.38999938964844,57.5,1419219
2023-11-16,57.5,57.5,58.0,57.40999984741211,57.9900016784668,890865
2023-11-17,56.29999923706055,56.29999923706055,57.61000061035156,55.79999923706055,55.79999923706055,2833591
2023-11-20,56.22999954223633,56.22999954223633,56.9900016784668,56.16999816894531,56.9900016784668,1539439
2023-11-21,56.099998474121094,56.099998474121094,56.7400016784668,55.939998626708984,56.7400016784668,1004287
2023-11-22,55.54999923706055,55.54999923706055,56.5,55.31999969482422,56.4900016784668,1479042
2023-11-23,55.45000076293945,55.45000076293945,55.9900016784668,55.2599983215332,55.66999816894531,790460
2023-11-24,55.34000015258789,55.34000015258789,56.0,55.29999923706055,55.54999923706055,528621
2023-11-28,56.0,56.0,56.34000015258789,55.25,55.9900016784668,4105830
2023-11-29,56.54999923706055,56.54999923706055,56.599998474121094,56.060001373291016,56.59000015258789,913736
2023-11-30,56.029998779296875,56.029998779296875,56.970001220703125,55.95000076293945,56.560001373291016,1760865
2023-12-01,57.060001373291016,57.060001373291016,57.439998626708984,56.0,56.38999938964844,3974021
2023-12-04,59.209999084472656,59.209999084472656,59.45000076293945,57.54999923706055,57.560001373291016,6265366
2023-12-05,60.16999816894531,60.16999816894531,60.61000061035156,59.41999816894531,59.4900016784668,5083518
2023-12-06,60.45000076293945,60.45000076293945,60.790000915527344,59.59000015258789,60.08000183105469,2146557
2023-12-07,60.75,60.75,60.90999984741211,59.84000015258789,60.689998626708984,2446932
2023-12-08,60.869998931884766,60.869998931884766,61.70000076293945,59.849998474121094,61.70000076293945,7424165
2023-12-11,61.689998626708984,61.689998626708984,62.02000045776367,60.5099983215332,61.099998474121094,4877703
2023-12-12,61.650001525878906,61.650001525878906,62.22999954223633,61.43000030517578,61.720001220703125,2131656
2023-12-13,62.060001373291016,62.060001373291016,62.099998474121094,61.34000015258789,61.7400016784668,1911235
2023-12-14,62.43000030517578,62.43000030517578,63.5,62.20000076293945,62.5,3056292
2023-12-15,64.13999938964844,64.13999938964844,64.3499984741211,62.099998474121094,62.619998931884766,7851850
2023-12-18,63.779998779296875,63.779998779296875,64.88999938964844,63.150001525878906,64.88999938964844,4592742
2023-12-19,64.01000213623047,64.01000213623047,65.69999694824219,62.88999938964844,65.69999694824219,3891943
2023-12-20,61.58000183105469,61.58000183105469,64.88999938964844,61.25,64.88999938964844,4667715
2023-12-21,62.470001220703125,62.470001220703125,62.650001525878906,60.04999923706055,62.0,2928597
2023-12-22,62.060001373291016,62.060001373291016,62.849998474121094,61.689998626708984,62.65999984741211,1679928
2023-12-26,61.9900016784668,61.9900016784668,62.5,61.900001525878906,62.5,1101761
2023-12-27,63.08000183105469,63.08000183105469,63.25,62.0099983215332,62.4900016784668,2221013
2023-12-28,63.869998931884766,63.869998931884766,64.27999877929688,63.20000076293945,63.400001525878906,2314867
2023-12-29,63.45000076293945,63.45000076293945,64.08999633789062,63.189998626708984,64.0,1968851
2024-01-01,64.0199966430664,64.0199966430664,65.3499984741211,63.47999954223633,65.3499984741211,4271292
2024-01-02,63.720001220703125,63.720001220703125,64.4000015258789,63.16999816894531,64.19000244140625,2217249
2024-01-03,64.45999908447266,64.45999908447266,64.81999969482422,63.349998474121094,63.720001220703125,2368379
2024-01-04,65.08000183105469,65.08000183105469,65.25,64.3499984741211,64.48999786376953,2738897
2024-01-05,64.80000305175781,64.80000305175781,66.48999786376953,64.2300033569336,65.08000183105469,1904944
2024-01-08,63.27000045776367,63.27000045776367,65.7699966430664,63.11000061035156,65.01000213623047,2447644
2024-01-09,63.06999969482422,63.06999969482422,64.25,62.9900016784668,63.560001373291016,1242797
2024-01-10,62.93000030517578,62.93000030517578,64.0999984741211,62.40999984741211,64.0999984741211,996493
2024-01-11,63.29999923706055,63.29999923706055,63.61000061035156,62.95000076293945,63.2400016784668,875602
2024-01-12,64.94000244140625,64.94000244140625,65.16000366210938,63.29999923706055,63.38999938964844,2770367
2024-01-15,65.68000030517578,65.68000030517578,66.29000091552734,64.94000244140625,64.94000244140625,1839669
2024-01-16,65.8499984741211,65.8499984741211,66.5999984741211,65.25,65.68000030517578,5168745
2024-01-17,64.73999786376953,64.73999786376953,65.8499984741211,64.0,65.8499984741211,1881607
2024-01-18,65.13999938964844,65.13999938964844,65.26000213623047,63.45000076293945,64.7300033569336,4458767
2024-01-19,65.97000122070312,65.97000122070312,66.13999938964844,65.0,65.0,3285611
2024-01-23,64.4800033569336,64.4800033569336,68.0,63.93000030517578,67.73999786376953,5976244
2024-01-24,65.69999694824219,65.69999694824219,65.87999725341797,63.529998779296875,64.97000122070312,6582932
2024-01-25,65.94999694824219,65.94999694824219,66.56999969482422,65.13999938964844,65.69999694824219,3004426
2024-01-29,67.29000091552734,67.29000091552734,67.72000122070312,66.12999725341797,66.88999938964844,3161196
2024-01-30,68.08000183105469,68.08000183105469,68.91999816894531,67.06999969482422,67.29000091552734,2275680
2024-01-31,69.5999984741211,69.5999984741211,69.9800033569336,67.55000305175781,68.51000213623047,2536085
2024-02-01,71.81999969482422,71.81999969482422,72.04000091552734,69.01000213623047,70.01000213623047,4491708
2024-02-02,73.54000091552734,73.54000091552734,74.44000244140625,72.25,73.20999908447266,7322074
2024-02-05,73.05999755859375,73.05999755859375,74.5,72.62000274658203,73.5,4904119
2024-02-06,72.62999725341797,72.62999725341797,73.5,71.80000305175781,73.44000244140625,3926692
2024-02-07,74.98999786376953,74.98999786376953,76.5,73.19000244140625,73.23999786376953,2823554
2024-02-08,76.41999816894531,76.41999816894531,78.0199966430664,75.0,76.0,7343819
2024-02-09,76.94999694824219,76.94999694824219,77.75,74.1500015258789,77.75,6467001
2024-02-12,73.54000091552734,73.54000091552734,78.30000305175781,72.87999725341797,78.0,5219568
2024-02-13,74.44000244140625,74.44000244140625,75.0,72.41999816894531,74.25,2583425
2024-02-14,76.7699966430664,76.7699966430664,76.94999694824219,73.19999694824219,74.44000244140625,7357813
2024-02-15,79.4800033569336,79.4800033569336,79.58999633789062,76.5,76.5,7160541
2024-02-16,79.25,79.25,80.87999725341797,79.04000091552734,80.0,5008941
2024-02-19,78.87000274658203,78.87000274658203,80.0,78.75,79.98999786376953,2165660
2024-02-20,78.8499984741211,78.8499984741211,79.37000274658203,77.98999786376953,78.0,1288910
2024-02-21,79.05000305175781,79.05000305175781,80.31999969482422,78.94999694824219,79.01000213623047,3482127
2024-02-22,79.30999755859375,79.30999755859375,79.83999633789062,78.0,79.26000213623047,1882354
2024-02-23,78.55000305175781,78.55000305175781,80.25,78.41000366210938,79.48999786376953,2379824
2024-02-26,78.1500015258789,78.1500015258789,79.4000015258789,77.9000015258789,79.4000015258789,2714558
2024-02-27,77.8499984741211,77.8499984741211,78.56999969482422,77.05999755859375,78.23999786376953,2464525
2024-02-28,75.93000030517578,75.93000030517578,78.0,75.4000015258789,78.0,3181495
2024-02-29,76.94000244140625,76.94000244140625,77.2300033569336,74.9000015258789,76.97000122070312,2018229
2024-03-01,78.44000244140625,78.44000244140625,78.80000305175781,76.9000015258789,77.0,2584360
2024-03-04,79.23999786376953,79.23999786376953,79.80000305175781,78.43000030517578,79.25,4272281
2024-03-05,81.18000030517578,81.18000030517578,81.33000183105469,78.98999786376953,79.51000213623047,5996538
2024-03-06,81.08000183105469,81.08000183105469,81.58999633789062,79.41999816894531,81.0,3981108
2024-03-07,81.41999816894531,81.41999816894531,82.0,78.6500015258789,81.0,1502102
2024-03-11,80.2300033569336,80.2300033569336,82.19999694824219,80.0,81.66999816894531,2796775
2024-03-12,78.05999755859375,78.05999755859375,80.69999694824219,77.76000213623047,80.47000122070312,4213228
2024-03-13,74.54000091552734,74.54000091552734,78.61000061035156,74.0999984741211,78.19999694824219,6273031
2024-03-14,75.3499984741211,75.3499984741211,76.04000091552734,73.5199966430664,75.98999786376953,2797308
2024-03-15,75.06999969482422,75.06999969482422,76.0,72.87000274658203,75.41000366210938,2955575
2024-03-18,75.30000305175781,75.30000305175781,76.0,74.4000015258789,76.0,1343898
2024-03-19,73.83000183105469,73.83000183105469,75.58999633789062,73.2300033569336,75.5,2661766
2024-03-20,74.08999633789062,74.08999633789062,74.6500015258789,72.75,73.8499984741211,1591841
2024-03-21,75.66000366210938,75.66000366210938,76.1500015258789,74.51000213623047,74.51000213623047,2104812
2024-03-22,76.16000366210938,76.16000366210938,76.38999938964844,75.5199966430664,75.75,4297399
2024-03-26,76.37000274658203,76.37000274658203,76.6500015258789,75.83999633789062,76.25,1126657
2024-03-27,75.7699966430664,75.7699966430664,76.8499984741211,75.55999755859375,76.31999969482422,873758
2024-03-28,77.54000091552734,77.54000091552734,78.18000030517578,75.76000213623047,76.0,3486406
2024-04-01,78.70999908447266,78.70999908447266,78.80000305175781,77.55000305175781,78.38999938964844,1633903
2024-04-02,79.20999908447266,79.20999908447266,79.5,78.4800033569336,78.70999908447266,4654815
2024-04-03,80.91000366210938,80.91000366210938,81.25,78.72000122070312,78.98999786376953,5400915
2024-04-04,80.45999908447266,80.45999908447266,81.81999969482422,80.06999969482422,81.01000213623047,4365363
2024-04-05,81.06999969482422,81.06999969482422,81.30000305175781,80.0,80.5999984741211,2465476
2024-04-08,80.37000274658203,80.37000274658203,81.94999694824219,80.30000305175781,81.01000213623047,1542131
2024-04-09,79.69000244140625,79.69000244140625,80.97000122070312,79.20999908447266,80.97000122070312,2015104
2024-04-10,80.6500015258789,80.6500015258789,80.91999816894531,79.5,79.75,1585380
2024-04-12,79.8499984741211,79.8499984741211,81.04000091552734,79.75,81.0,1780428
2024-04-15,78.31999969482422,78.31999969482422,79.5,77.27999877929688,79.0,3471019
2024-04-16,77.2300033569336,77.2300033569336,78.27999877929688,77.0199966430664,78.27999877929688,1709538
2024-04-18,77.12000274658203,77.12000274658203,78.98999786376953,76.9000015258789,78.98999786376953,1365357
2024-04-19,76.81999969482422,76.81999969482422,77.20999908447266,75.16000366210938,76.94000244140625,2040055
2024-04-22,79.19999694824219,79.19999694824219,79.38999938964844,77.0199966430664,77.0199966430664,1710826
2024-04-23,79.30000305175781,79.30000305175781,80.0,79.13999938964844,79.22000122070312,1670248
2024-04-24,79.12000274658203,79.12000274658203,79.9000015258789,79.0,79.51000213623047,1388207
2024-04-25,81.87000274658203,81.87000274658203,82.05000305175781,78.8499984741211,79.23999786376953,5261137
2024-04-26,81.97000122070312,81.97000122070312,82.66999816894531,81.73999786376953,81.87000274658203,3098809
2024-04-29,83.66999816894531,83.66999816894531,83.91000366210938,81.56999969482422,81.97000122070312,5077192
2024-04-30,84.33999633789062,84.33999633789062,85.20999908447266,83.4000015258789,83.66999816894531,3233536
2024-05-02,84.16000366210938,84.16000366210938,85.30000305175781,84.0199966430664,85.30000305175781,2291974
2024-05-03,83.44999694824219,83.44999694824219,84.94999694824219,82.75,84.2300033569336,3138971
2024-05-06,80.44000244140625,80.44000244140625,84.29000091552734,79.80000305175781,84.29000091552734,7302730
2024-05-07,78.5999984741211,78.5999984741211,81.47000122070312,78.0,80.86000061035156,6140387
2024-05-08,79.12000274658203,79.12000274658203,80.94999694824219,78.05999755859375,80.94999694824219,4406160
2024-05-09,78.6500015258789,78.6500015258789,80.44999694824219,78.33000183105469,78.70999908447266,6208483
2024-05-10,78.5199966430664,78.5199966430664,79.68000030517578,77.9000015258789,79.25,1728024
2024-05-13,77.54000091552734,77.54000091552734,78.88999938964844,75.8499984741211,78.88999938964844,4347111
2024-05-14,78.27999877929688,78.27999877929688,78.44000244140625,77.4800033569336,77.95999908447266,1519446
2024-05-15,79.12000274658203,79.12000274658203,79.83999633789062,78.33000183105469,79.48999786376953,2207598
2024-05-16,78.6500015258789,78.6500015258789,80.27999877929688,77.58999633789062,80.27999877929688,3418709
2024-05-17,78.9000015258789,78.9000015258789,79.19999694824219,78.6500015258789,78.77999877929688,1857431
2024-05-21,80.33000183105469,80.33000183105469,80.5,79.05000305175781,79.98999786376953,3440206
2024-05-22,80.75,80.75,81.0,80.01000213623047,80.5,1834056
2024-05-23,81.91000366210938,81.91000366210938,82.5999984741211,80.97000122070312,80.98999786376953,4327886
2024-05-24,82.05999755859375,82.05999755859375,83.5,81.91000366210938,83.5,1812857
2024-05-27,82.9800033569336,82.9800033569336,83.55000305175781,81.61000061035156,83.19999694824219,5414328
2024-05-28,82.05000305175781,82.05000305175781,83.5999984741211,81.5199966430664,83.27999877929688,3583320
2024-05-29,81.70999908447266,81.70999908447266,82.48999786376953,80.33000183105469,82.47000122070312,2346940
2024-05-30,81.13999938964844,81.13999938964844,82.48999786376953,81.01000213623047,81.70999908447266,2208534
2024-05-31,82.23999786376953,82.23999786376953,82.5,80.61000061035156,81.16999816894531,2267584
2024-06-03,89.70999908447266,89.70999908447266,90.30000305175781,83.22000122070312,86.0,19511547
2024-06-04,78.79000091552734,78.79000091552734,90.02999877929688,73.5999984741211,89.9000015258789,26368282
2024-06-05,77.94999694824219,77.94999694824219,82.5,73.0,79.9000015258789,12636643
2024-06-06,79.98999786376953,79.98999786376953,81.61000061035156,78.05999755859375,79.8499984741211,8054685
2024-06-07,80.97000122070312,80.97000122070312,81.45999908447266,79.51000213623047,81.45999908447266,2519779
2024-06-10,81.63999938964844,81.63999938964844,83.0,81.02999877929688,83.0,3675300
2024-06-11,81.69999694824219,81.69999694824219,82.30000305175781,81.44000244140625,82.01000213623047,1900058
2024-06-12,82.72000122070312,82.72000122070312,82.93000030517578,81.69999694824219,82.0999984741211,3406700
2024-06-13,82.5,82.5,83.66999816894531,82.20999908447266,82.94999694824219,2743931
2024-06-14,83.01000213623047,83.01000213623047,83.30999755859375,82.37000274658203,83.30999755859375,1910932
2024-06-18,83.18000030517578,83.18000030517578,84.0,82.55000305175781,83.01000213623047,2076008
2024-06-19,83.26000213623047,83.26000213623047,84.1500015258789,82.63999938964844,83.18000030517578,3136174
2024-06-20,83.16000366210938,83.16000366210938,83.97000122070312,83.05000305175781,83.97000122070312,1529853
2024-06-21,82.5199966430664,82.5199966430664,83.7699966430664,82.05999755859375,83.16000366210938,2088573
2024-06-24,81.87000274658203,81.87000274658203,83.38999938964844,80.87000274658203,82.55000305175781,2196208
2024-06-25,82.0199966430664,82.0199966430664,82.44999694824219,81.55000305175781,82.44999694824219,1539030
2024-06-26,82.01000213623047,82.01000213623047,83.0,80.80000305175781,83.0,1173952
2024-06-27,81.37000274658203,81.37000274658203,82.69000244140625,80.69999694824219,82.69000244140625,2662357
2024-06-28,82.05000305175781,82.05000305175781,83.44000244140625,80.97000122070312,81.37999725341797,3031670
2024-07-01,81.66999816894531,81.66999816894531,82.48999786376953,81.55000305175781,82.48999786376953,1772042
2024-07-02,80.87000274658203,80.87000274658203,82.4000015258789,79.94999694824219,81.83000183105469,3415892
2024-07-03,80.81999969482422,80.81999969482422,81.08000183105469,80.23999786376953,80.87000274658203,2805231
2024-07-04,80.93000030517578,80.93000030517578,81.2699966430664,80.55000305175781,81.0,1995468
2024-07-05,81.88999938964844,81.88999938964844,82.08999633789062,80.76000213623047,81.19999694824219,2413226
2024-07-08,81.05000305175781,81.05000305175781,82.1500015258789,80.79000091552734,82.1500015258789,2743306
2024-07-09,81.88999938964844,81.88999938964844,82.54000091552734,81.0,82.04000091552734,3738220
2024-07-10,80.66000366210938,80.66000366210938,82.3499984741211,79.91999816894531,81.08000183105469,4228770
2024-07-11,80.87999725341797,80.87999725341797,81.38999938964844,80.47000122070312,80.66000366210938,1814055
2024-07-12,80.48999786376953,80.48999786376953,81.36000061035156,80.4000015258789,81.01000213623047,2352810
2024-07-15,82.68000030517578,82.68000030517578,83.0999984741211,80.44999694824219,80.9000015258789,6396332
2024-07-16,82.47000122070312,82.47000122070312,83.5,82.0999984741211,83.0,2760274
2024-07-18,82.7300033569336,82.7300033569336,84.81999969482422,81.80000305175781,84.81999969482422,4509980
2024-07-19,81.4800033569336,81.4800033569336,82.9000015258789,81.02999877929688,82.7300033569336,2622895
2024-07-22,81.45999908447266,81.45999908447266,82.97000122070312,80.52999877929688,82.97000122070312,2155054
2024-07-23,80.55000305175781,80.55000305175781,81.94999694824219,78.44000244140625,81.58999633789062,3322656
2024-07-24,80.2699966430664,80.2699966430664,81.01000213623047,79.69999694824219,80.55999755859375,2332954
2024-07-25,79.8499984741211,79.8499984741211,80.19999694824219,79.41000366210938,79.77999877929688,1293611
2024-07-26,80.87999725341797,80.87999725341797,81.05999755859375,79.69999694824219,79.86000061035156,2260827
2024-07-29,82.91000366210938,82.91000366210938,83.9000015258789,81.0199966430664,81.0199966430664,7750474
2024-07-30,82.88999938964844,82.88999938964844,83.5999984741211,82.66999816894531,83.5999984741211,1785252
2024-07-31,82.5199966430664,82.5199966430664,83.79000091552734,82.1500015258789,82.95999908447266,2053558
2024-08-01,81.7699966430664,81.7699966430664,83.04000091552734,81.47000122070312,82.98999786376953,1887589
2024-08-02,80.4000015258789,80.4000015258789,81.5,79.94000244140625,81.5,2766905
2024-08-05,77.75,77.75,79.97000122070312,76.05999755859375,79.4000015258789,5037814
2024-08-06,76.0999984741211,76.0999984741211,78.68000030517578,75.83000183105469,77.75,2944966
2024-08-07,77.18000030517578,77.18000030517578,77.69000244140625,76.25,77.04000091552734,2096314
2024-08-08,76.66000366210938,76.66000366210938,77.55999755859375,76.44000244140625,77.19000244140625,1831602
2024-08-09,77.94000244140625,77.94000244140625,78.55000305175781,76.80999755859375,76.81999969482422,3555968
2024-08-12,77.08999633789062,77.08999633789062,77.94000244140625,76.94999694824219,77.94000244140625,3279998
2024-08-13,75.91000366210938,75.91000366210938,77.8499984741211,75.76000213623047,77.8499984741211,2029894
2024-08-14,75.62999725341797,75.62999725341797,76.58999633789062,75.41999816894531,76.58999633789062,1138430
2024-08-16,76.19999694824219,76.19999694824219,76.45999908447266,75.51000213623047,75.80000305175781,1931254
2024-08-19,77.23999786376953,77.23999786376953,78.05000305175781,76.41000366210938,77.45999908447266,3096435
2024-08-20,78.33999633789062,78.33999633789062,79.48999786376953,77.01000213623047,79.48999786376953,2034560
2024-08-21,78.27999877929688,78.27999877929688,78.69999694824219,77.81999969482422,78.69999694824219,1931658
2024-08-22,78.56999969482422,78.56999969482422,78.93000030517578,78.27999877929688,78.27999877929688,1088851
2024-08-23,78.11000061035156,78.11000061035156,79.12999725341797,78.05000305175781,79.12999725341797,1544423
2024-08-26,77.95999908447266,77.95999908447266,79.48999786376953,77.8499984741211,79.48999786376953,1368907
2024-08-27,77.98999786376953,77.98999786376953,78.25,77.6500015258789,77.97000122070312,1188661
2024-08-28,77.51000213623047,77.51000213623047,79.08999633789062,77.38999938964844,79.08999633789062,1310596
2024-08-29,77.66000366210938,77.66000366210938,77.98999786376953,77.0999984741211,77.98999786376953,922439
2024-08-30,77.7300033569336,77.7300033569336,78.29000091552734,77.55000305175781,77.98999786376953,1785812
2024-09-02,78.26000213623047,78.26000213623047,78.43000030517578,77.2300033569336,78.38999938964844,2113929
2024-09-03,77.81999969482422,77.81999969482422,79.48999786376953,77.52999877929688,79.37000274658203,2800436
2024-09-04,76.7699966430664,76.7699966430664,77.58999633789062,76.6500015258789,77.58999633789062,2057685
2024-09-05,77.0,77.0,77.33999633789062,76.52999877929688,76.73999786376953,963717
2024-09-06,74.33999633789062,74.33999633789062,77.05000305175781,74.08999633789062,77.05000305175781,5918481
2024-09-09,74.0999984741211,74.0999984741211,74.8499984741211,73.0199966430664,74.8499984741211,3085271
2024-09-10,74.04000091552734,74.04000091552734,74.87000274658203,73.94999694824219,74.48999786376953,1467391
2024-09-11,72.80000305175781,72.80000305175781,74.97000122070312,72.5999984741211,74.97000122070312,2217034
2024-09-12,74.02999877929688,74.02999877929688,74.12999725341797,73.01000213623047,73.88999938964844,1976025
2024-09-13,74.7300033569336,74.7300033569336,75.97000122070312,74.0999984741211,75.97000122070312,2531567
2024-09-16,74.94000244140625,74.94000244140625,75.77999877929688,74.7300033569336,74.7300033569336,2195878
2024-09-17,74.48999786376953,74.48999786376953,75.33000183105469,74.38999938964844,74.94999694824219,1467300
2024-09-18,74.26000213623047,74.26000213623047,75.0,74.12999725341797,75.0,1850725
2024-09-19,73.80999755859375,73.80999755859375,75.97000122070312,72.95999908447266,74.26000213623047,2220703
2024-09-20,73.77999877929688,73.77999877929688,74.48999786376953,73.58000183105469,74.38999938964844,3116521
2024-09-23,76.41000366210938,76.41000366210938,76.72000122070312,73.5,76.72000122070312,4319609
2024-09-24,75.91999816894531,75.91999816894531,76.70999908447266,75.75,76.70999908447266,2924608
2024-09-25,75.12999725341797,75.12999725341797,76.08999633789062,74.72000122070312,75.91999816894531,3198574
2024-09-26,75.87999725341797,75.87999725341797,75.94999694824219,74.5999984741211,75.87999725341797,2268699
2024-09-27,76.16000366210938,76.16000366210938,76.5,75.61000061035156,76.01000213623047,2371099
2024-09-30,75.3499984741211,75.3499984741211,76.72000122070312,75.19999694824219,76.72000122070312,1628159
2024-10-01,75.38999938964844,75.38999938964844,75.80999755859375,74.97000122070312,74.98999786376953,754334
2024-10-03,74.66999816894531,74.66999816894531,75.4800033569336,74.0,75.02999877929688,1877542
2024-10-04,75.26000213623047,75.26000213623047,76.05999755859375,73.55000305175781,74.66000366210938,2192249
2024-10-07,72.83000183105469,72.83000183105469,76.0,71.88999938964844,76.0,3721916
2024-10-08,73.30999755859375,73.30999755859375,73.69000244140625,72.11000061035156,72.83000183105469,2016551
2024-10-09,73.7300033569336,73.7300033569336,74.6500015258789,73.11000061035156,73.11000061035156,3053024
2024-10-10,73.70999908447266,73.70999908447266,76.7300033569336,73.11000061035156,76.7300033569336,717240
2024-10-11,73.66000366210938,73.66000366210938,75.9000015258789,73.3499984741211,75.9000015258789,1015221
2024-10-14,73.87999725341797,73.87999725341797,74.30000305175781,73.69000244140625,73.69999694824219,2981429
2024-10-15,73.8499984741211,73.8499984741211,75.87999725341797,73.58000183105469,75.87999725341797,992644
2024-10-16,73.66000366210938,73.66000366210938,74.80000305175781,73.5,74.80000305175781,2821309
2024-10-17,73.33000183105469,73.33000183105469,74.22000122070312,73.12000274658203,74.22000122070312,1604375
2024-10-18,74.16999816894531,74.16999816894531,74.44999694824219,72.51000213623047,73.0,1423172
2024-10-21,73.44000244140625,73.44000244140625,76.5199966430664,73.30999755859375,76.5199966430664,2336632
2024-10-22,70.55000305175781,70.55000305175781,73.69000244140625,70.3499984741211,73.69000244140625,3643082
2024-10-23,70.87000274658203,70.87000274658203,71.47000122070312,69.1500015258789,70.5,2127699
2024-10-24,71.51000213623047,71.51000213623047,72.0999984741211,70.4000015258789,71.0,1667164
2024-10-25,70.0999984741211,70.0999984741211,72.41999816894531,69.02999877929688,71.3499984741211,2156066
2024-10-28,72.55000305175781,72.55000305175781,72.93000030517578,70.0999984741211,72.0999984741211,2263502
2024-10-29,75.12000274658203,75.12000274658203,75.22000122070312,72.36000061035156,72.5,5065376
2024-10-30,74.91999816894531,74.91999816894531,75.7699966430664,74.83000183105469,75.12000274658203,2505346
2024-10-31,74.86000061035156,74.86000061035156,76.72000122070312,74.33999633789062,76.72000122070312,1979970
2024-11-01,74.86000061035156,74.86000061035156,74.86000061035156,74.86000061035156,74.86000061035156,0
2024-11-04,75.20999908447266,75.20999908447266,75.73999786376953,73.5199966430664,75.30000305175781,2010360
2024-11-05,76.54000091552734,76.54000091552734,76.6500015258789,74.93000030517578,75.20999908447266,3603471
2024-11-06,77.7300033569336,77.7300033569336,78.19999694824219,76.79000091552734,78.19999694824219,10778833
2024-11-07,77.55000305175781,77.55000305175781,78.19999694824219,77.08999633789062,77.7300033569336,4331986
2024-11-08,76.36000061035156,76.36000061035156,77.97000122070312,75.9000015258789,77.97000122070312,2564378
2024-11-11,76.41999816894531,76.41999816894531,76.98999786376953,75.01000213623047,75.01000213623047,2589731
2024-11-12,75.05000305175781,75.05000305175781,77.1500015258789,74.83000183105469,76.48999786376953,1610342
2024-11-13,72.7300033569336,72.7300033569336,76.54000091552734,72.41000366210938,76.54000091552734,3146913
2024-11-14,72.44999694824219,72.44999694824219,73.87000274658203,72.2699966430664,73.86000061035156,1089759
2024-11-18,72.69000244140625,72.69000244140625,74.5999984741211,71.31999969482422,74.5999984741211,1822785
2024-11-19,72.58999633789062,72.58999633789062,75.0,72.25,72.69000244140625,1219701
2024-11-21,70.44000244140625,70.44000244140625,72.5,68.5999984741211,72.5,5263244
2024-11-22,72.62000274658203,72.62000274658203,72.98999786376953,70.62000274658203,71.38999938964844,6391652
2024-11-25,75.5199966430664,75.5199966430664,76.04000091552734,73.69000244140625,73.9000015258789,7386238
2024-11-26,75.37000274658203,75.37000274658203,75.9800033569336,75.13999938964844,75.5199966430664,1321357
2024-11-27,75.41999816894531,75.41999816894531,75.9000015258789,75.0,75.9000015258789,835763
2024-11-28,76.19999694824219,76.19999694824219,76.5,75.41999816894531,75.94999694824219,4488332
2024-11-29,75.62999725341797,75.62999725341797,76.8499984741211,75.01000213623047,76.48999786376953,8105441
2024-12-02,75.80999755859375,75.80999755859375,76.47000122070312,75.11000061035156,76.47000122070312,2177689
2024-12-03,77.51000213623047,77.51000213623047,77.5999984741211,75.81999969482422,75.87000274658203,3779074
2024-12-04,79.51000213623047,79.51000213623047,79.9000015258789,77.19999694824219,77.97000122070312,14021803
2024-12-05,79.37000274658203,79.37000274658203,80.26000213623047,78.73999786376953,80.26000213623047,11152149
2024-12-06,79.5199966430664,79.5199966430664,80.69999694824219,78.5199966430664,79.36000061035156,7771168
2024-12-09,79.23999786376953,79.23999786376953,80.69999694824219,79.05000305175781,80.69999694824219,2171590
2024-12-10,79.43000030517578,79.43000030517578,79.91000366210938,79.0,79.48999786376953,2338791
2024-12-11,79.0,79.0,79.98999786376953,78.87000274658203,79.4800033569336,2172425
2024-12-12,78.19999694824219,78.19999694824219,79.22000122070312,78.01000213623047,79.0999984741211,1935212
2024-12-13,77.9800033569336,77.9800033569336,78.69000244140625,75.8499984741211,78.30000305175781,8133067
2024-12-16,78.37000274658203,78.37000274658203,78.97000122070312,77.94000244140625,78.97000122070312,1163455
2024-12-17,77.18000030517578,77.18000030517578,79.0999984741211,77.05000305175781,79.0999984741211,1377936
2024-12-18,75.77999877929688,75.77999877929688,77.41000366210938,75.54000091552734,77.41000366210938,1792895
2024-12-19,75.2699966430664,75.2699966430664,75.80000305175781,73.5,75.47000122070312,1454817
2024-12-20,73.16000366210938,73.16000366210938,75.98999786376953,72.94999694824219,75.98999786376953,2158687
2024-12-23,73.83999633789062,73.83999633789062,74.23999786376953,72.83000183105469,73.44999694824219,1529540
2024-12-24,73.36000061035156,73.36000061035156,74.23999786376953,73.05999755859375,74.23999786376953,4755716
2024-12-26,73.87000274658203,73.87000274658203,74.6500015258789,73.37000274658203,74.2300033569336,1186299
2024-12-27,73.2300033569336,73.2300033569336,74.58999633789062,73.1500015258789,74.58999633789062,895613
2024-12-30,72.33000183105469,72.33000183105469,73.88999938964844,72.13999938964844,73.25,2428014
2024-12-31,72.66999816894531,72.66999816894531,72.77999877929688,72.01000213623047,72.33999633789062,1796954
2025-01-01,72.83000183105469,72.83000183105469,73.3499984741211,72.18000030517578,73.3499984741211,777716
2025-01-02,73.3499984741211,73.3499984741211,73.51000213623047,71.94000244140625,73.51000213623047,1962304
2025-01-03,73.77999877929688,73.77999877929688,74.55000305175781,73.51000213623047,74.02999877929688,1958404
2025-01-06,70.58000183105469,70.58000183105469,73.95999908447266,70.38999938964844,73.77999877929688,9796764
2025-01-07,70.91999816894531,70.91999816894531,71.69000244140625,70.58999633789062,71.30000305175781,5839768
2025-01-08,70.5999984741211,70.5999984741211,71.5,69.83999633789062,71.5,1855912
2025-01-09,69.69999694824219,69.69999694824219,71.5999984741211,69.20999908447266,69.55999755859375,5375323
2025-01-10,67.86000061035156,67.86000061035156,69.91000366210938,67.66999816894531,69.0,2997790
2025-01-13,65.58999633789062,65.58999633789062,67.87000274658203,65.30000305175781,67.87000274658203,4338233
2025-01-14,68.51000213623047,68.51000213623047,69.0,65.80000305175781,66.9000015258789,2362959
2025-01-15,68.5199966430664,68.5199966430664,69.87999725341797,68.11000061035156,69.87999725341797,2605165
2025-01-16,70.36000061035156,70.36000061035156,70.77999877929688,69.12999725341797,70.56999969482422,7046609
2025-01-17,70.16000366210938,70.16000366210938,70.36000061035156,69.61000061035156,70.36000061035156,914616
2025-01-20,71.48999786376953,71.48999786376953,72.13999938964844,70.11000061035156,71.13999938964844,2743970
2025-01-21,70.06999969482422,70.06999969482422,72.08000183105469,69.9000015258789,71.97000122070312,1425283
2025-01-22,69.30000305175781,69.30000305175781,71.05000305175781,68.05999755859375,71.05000305175781,7041212
2025-01-23,69.41999816894531,69.41999816894531,70.0,68.70999908447266,69.69000244140625,724583
2025-01-24,68.52999877929688,68.52999877929688,70.01000213623047,68.0999984741211,68.0999984741211,1030547
2025-01-27,67.66999816894531,67.66999816894531,68.93000030517578,67.43000030517578,68.54000091552734,4898909
2025-01-28,69.44999694824219,69.44999694824219,70.80000305175781,67.87999725341797,69.02999877929688,3876962
2025-01-29,69.55000305175781,69.55000305175781,70.48999786376953,68.76000213623047,70.48999786376953,1527933
2025-01-30,69.43000030517578,69.43000030517578,70.08000183105469,69.13999938964844,69.6500015258789,1974061
2025-01-31,70.41000366210938,70.41000366210938,71.1500015258789,68.80999755859375,70.44000244140625,6351422
2025-02-01,69.08000183105469,69.08000183105469,71.25,68.31999969482422,70.41999816894531,2649885
2025-02-03,68.13999938964844,68.13999938964844,69.41999816894531,67.66999816894531,69.08999633789062,1347385
2025-02-04,69.54000091552734,69.54000091552734,69.81999969482422,68.5199966430664,68.83999633789062,5889103
2025-02-05,70.30999755859375,70.30999755859375,70.9000015258789,69.93000030517578,70.08999633789062,1568487
2025-02-06,69.81999969482422,69.81999969482422,70.98999786376953,69.62999725341797,70.98999786376953,2739036
2025-02-07,69.0,69.0,70.5199966430664,68.54000091552734,69.86000061035156,1769997
2025-02-10,68.30000305175781,68.30000305175781,69.77999877929688,68.01000213623047,69.66999816894531,1728228
2025-02-11,66.87999725341797,66.87999725341797,69.18000030517578,66.6500015258789,69.18000030517578,1681967
2025-02-12,67.4000015258789,67.4000015258789,68.9000015258789,65.22000122070312,68.9000015258789,1724135
2025-02-13,66.66999816894531,66.66999816894531,68.19999694824219,66.51000213623047,67.33999633789062,1263368
2025-02-14,65.43000030517578,65.43000030517578,67.66000366210938,64.69999694824219,67.66000366210938,1751923
2025-02-17,65.55000305175781,65.55000305175781,65.6500015258789,64.02999877929688,65.44000244140625,4529880
2025-02-18,65.16000366210938,65.16000366210938,66.54000091552734,64.45999908447266,66.48999786376953,3690918
2025-02-19,66.2699966430664,66.2699966430664,66.51000213623047,64.56999969482422,66.5,3311395
2025-02-20,67.37999725341797,67.37999725341797,67.4800033569336,65.54000091552734,66.48999786376953,2686289
2025-02-21,66.19000244140625,66.19000244140625,67.72000122070312,66.01000213623047,67.29000091552734,5181373
2025-02-24,66.06999969482422,66.06999969482422,66.26000213623047,65.3499984741211,65.91999816894531,1003273
2025-02-25,65.30000305175781,65.30000305175781,66.62000274658203,65.20999908447266,66.22000122070312,562408
2025-02-27,64.62999725341797,64.62999725341797,66.23999786376953,64.5,66.0999984741211,859318
2025-02-28,62.970001220703125,62.970001220703125,64.52999877929688,62.369998931884766,64.52999877929688,2114532
2025-03-03,62.709999084472656,62.709999084472656,64.19000244140625,61.540000915527344,64.19000244140625,1915093
2025-03-04,63.709999084472656,63.709999084472656,63.95000076293945,61.779998779296875,62.689998626708984,1836485
2025-03-05,65.3499984741211,65.3499984741211,65.58999633789062,63.65999984741211,63.720001220703125,1375149
2025-03-06,65.94000244140625,65.94000244140625,66.3499984741211,65.5,65.88999938964844,1137593
2025-03-07,65.83000183105469,65.83000183105469,66.27999877929688,65.5199966430664,65.95999908447266,1088225
2025-03-10,64.7300033569336,64.7300033569336,66.97000122070312,64.5999984741211,66.97000122070312,1203056
2025-03-11,64.76000213623047,64.76000213623047,65.12999725341797,63.7400016784668,64.7300033569336,1589520
2025-03-12,63.869998931884766,63.869998931884766,65.2300033569336,63.68000030517578,65.13999938964844,3880902
2025-03-13,64.16000366210938,64.16000366210938,64.8499984741211,63.869998931884766,63.91999816894531,1356739
2025-03-17,64.0,64.0,64.97000122070312,63.66999816894531,64.97000122070312,1683790
2025-03-18,64.0,64.0,64.0,64.0,64.0,0
2025-03-19,66.9800033569336,66.9800033569336,67.11000061035156,65.44999694824219,65.5,4406981
2025-03-20,67.02999877929688,67.02999877929688,67.86000061035156,66.68000030517578,67.20999908447266,8121030
2025-03-21,68.23999786376953,68.23999786376953,68.37999725341797,67.0,67.05000305175781,9199923
2025-03-24,70.30999755859375,70.30999755859375,70.4800033569336,68.26000213623047,68.3499984741211,4500734
2025-03-25,68.9800033569336,68.9800033569336,71.20999908447266,68.75,70.31999969482422,8320275
2025-03-26,68.12000274658203,68.12000274658203,69.5999984741211,68.0,69.5999984741211,1337154
2025-03-27,69.8499984741211,69.8499984741211,69.98999786376953,67.8499984741211,68.19999694824219,2349205
2025-03-28,69.44000244140625,69.44000244140625,70.6500015258789,69.29000091552734,69.8499984741211,1900140
2025-04-01,69.38999938964844,69.38999938964844,70.75,68.81999969482422,70.75,1125911
2025-04-02,69.97000122070312,69.97000122070312,70.29000091552734,68.61000061035156,69.38999938964844,1545236
2025-04-03,71.30999755859375,71.30999755859375,71.87000274658203,68.0,70.0,4205250
2025-04-04,69.73999786376953,69.73999786376953,71.9000015258789,69.3499984741211,71.36000061035156,2599675
2025-04-07,67.61000061035156,67.61000061035156,67.98999786376953,65.4800033569336,67.88999938964844,2813944
2025-04-08,69.5199966430664,69.5199966430664,69.9000015258789,68.0,68.95999908447266,1576393
2025-04-09,67.83000183105469,67.83000183105469,69.69999694824219,67.44999694824219,67.44999694824219,5132026
2025-04-11,68.69999694824219,68.69999694824219,69.48999786376953,68.05999755859375,69.48999786376953,1158437
2025-04-15,69.55999755859375,69.55999755859375,71.9800033569336,69.16000366210938,70.0,2801491
2025-04-16,71.38999938964844,71.38999938964844,71.48999786376953,69.54000091552734,69.80000305175781,4817046
2025-04-17,72.47000122070312,72.47000122070312,72.88999938964844,69.9800033569336,71.47000122070312,7806883
2025-04-21,74.18000030517578,74.18000030517578,74.62000274658203,72.4000015258789,73.0,6823249
2025-04-22,74.6500015258789,74.6500015258789,76.05000305175781,74.04000091552734,74.5999984741211,6807150
2025-04-23,74.29000091552734,74.29000091552734,75.4800033569336,73.38999938964844,74.70999908447266,6088365
2025-04-24,74.13999938964844,74.13999938964844,74.97000122070312,74.01000213623047,74.29000091552734,3050071
2025-04-25,72.61000061035156,72.61000061035156,74.5999984741211,71.76000213623047,74.41000366210938,3569552
2025-04-28,74.2300033569336,74.2300033569336,74.79000091552734,71.80999755859375,74.79000091552734,2209674
2025-04-29,74.41999816894531,74.41999816894531,75.97000122070312,74.19999694824219,74.98999786376953,3774872
2025-04-30,72.7699966430664,72.7699966430664,74.45999908447266,72.5,74.41000366210938,2006194
2025-05-02,72.56999969482422,72.56999969482422,73.58999633789062,72.37000274658203,72.83999633789062,1128972
2025-05-05,72.86000061035156,72.86000061035156,73.26000213623047,72.0999984741211,72.97000122070312,1121417
2025-05-06,69.36000061035156,69.36000061035156,73.76000213623047,69.16000366210938,72.9000015258789,4135631
2025-05-07,69.55000305175781,69.55000305175781,70.30999755859375,68.18000030517578,69.2699966430664,2012615
2025-05-08,68.43000030517578,68.43000030517578,70.08999633789062,68.19999694824219,70.0,2415024
2025-05-09,69.51000213623047,69.51000213623047,69.66000366210938,66.58999633789062,68.43000030517578,2394259
2025-05-12,71.97000122070312,71.97000122070312,72.08000183105469,70.5199966430664,70.5199966430664,7619472
2025-05-13,73.0999984741211,73.0999984741211,73.41999816894531,71.66000366210938,71.97000122070312,3603322
2025-05-14,73.29000091552734,73.29000091552734,73.75,72.80000305175781,73.22000122070312,1535449
2025-05-15,73.47000122070312,73.47000122070312,73.6500015258789,72.9000015258789,73.5,2584988
2025-05-16,74.08999633789062,74.08999633789062,74.45999908447266,73.5999984741211,73.66999816894531,3299166
2025-05-19,74.98999786376953,74.98999786376953,75.8499984741211,73.88999938964844,74.69999694824219,6845128
2025-05-20,74.33000183105469,74.33000183105469,75.73999786376953,74.12000274658203,75.3499984741211,8141204
2025-05-21,74.80999755859375,74.80999755859375,74.97000122070312,73.87000274658203,74.33000183105469,1676540
2025-05-22,74.63999938964844,74.63999938964844,75.11000061035156,74.02999877929688,74.88999938964844,2140533
2025-05-23,74.80999755859375,74.80999755859375,75.22000122070312,74.5199966430664,74.88999938964844,2016247
2025-05-26,74.86000061035156,74.86000061035156,75.54000091552734,74.6500015258789,75.18000030517578,1104508
2025-05-27,75.05000305175781,75.05000305175781,75.25,74.29000091552734,75.2300033569336,1743293
2025-05-28,75.8499984741211,75.8499984741211,76.0,75.0999984741211,75.48999786376953,3318186
2025-05-29,75.8499984741211,75.8499984741211,76.41000366210938,75.44000244140625,76.0,1955611
2025-05-30,78.0999984741211,78.0999984741211,78.58000183105469,75.2699966430664,75.86000061035156,10564112
2025-06-02,79.54000091552734,79.54000091552734,80.0,77.94999694824219,78.0999984741211,14207653
2025-06-03,79.31999969482422,79.31999969482422,81.5199966430664,78.4800033569336,81.5199966430664,14394384
2025-06-04,79.12999725341797,79.12999725341797,80.0,77.0,77.33000183105469,4436482
2025-06-05,78.69999694824219,78.69999694824219,79.72000122070312,77.13999938964844,77.1500015258789,3413771
2025-06-06,79.08999633789062,79.08999633789062,79.95999908447266,78.0199966430664,79.95999908447266,6369533
2025-06-09,80.62999725341797,80.62999725341797,81.23999786376953,79.12000274658203,80.43000030517578,5294635
2025-06-10,79.93000030517578,79.93000030517578,81.0,78.61000061035156,78.61000061035156,3067907
2025-06-11,79.23999786376953,79.23999786376953,81.91999816894531,78.87999725341797,81.91999816894531,4040405
2025-06-12,78.30999755859375,78.30999755859375,79.77999877929688,77.25,77.25,8438419
2025-06-13,77.41999816894531,77.41999816894531,78.16999816894531,76.0,78.16999816894531,4081142
2025-06-16,77.66000366210938,77.66000366210938,79.0,76.22000122070312,79.0,3148443
2025-06-17,77.01000213623047,77.01000213623047,78.55000305175781,75.70999908447266,75.70999908447266,3137303
2025-06-18,76.7699966430664,76.7699966430664,78.55000305175781,76.0999984741211,78.55000305175781,1613646
2025-06-19,75.19999694824219,75.19999694824219,78.68000030517578,74.8499984741211,74.8499984741211,2622157
2025-06-20,76.58000183105469,76.58000183105469,76.91999816894531,75.19999694824219,75.20999908447266,1888098
2025-06-23,76.3499984741211,76.3499984741211,77.9000015258789,74.66000366210938,74.66000366210938,1294042
2025-06-24,77.41000366210938,77.41000366210938,78.16000366210938,74.44000244140625,76.3499984741211,2498427
2025-06-25,77.62999725341797,77.62999725341797,78.98999786376953,77.01000213623047,77.01000213623047,1140044
2025-06-26,77.97000122070312,77.97000122070312,78.04000091552734,77.02999877929688,78.04000091552734,1221450
2025-06-27,78.48999786376953,78.48999786376953,79.91000366210938,76.0199966430664,76.0199966430664,3409418
2025-06-30,80.48999786376953,80.48999786376953,80.58999633789062,77.23999786376953,77.23999786376953,13788203
2025-07-01,81.04000091552734,81.04000091552734,81.2300033569336,79.5999984741211,80.5,6933725
2025-07-02,80.36000061035156,80.36000061035156,81.5999984741211,79.01000213623047,79.01000213623047,4343169
2025-07-03,79.5199966430664,79.5199966430664,81.36000061035156,78.3499984741211,78.3499984741211,4170699
2025-07-04,79.70999908447266,79.70999908447266,81.5,79.29000091552734,81.5,1179091
2025-07-07,79.5,79.5,81.69999694824219,79.45999908447266,81.69999694824219,1339889
2025-07-08,79.3499984741211,79.3499984741211,80.47000122070312,78.55999755859375,80.47000122070312,3020820
2025-07-09,78.98999786376953,78.98999786376953,79.77999877929688,77.36000061035156,77.36000061035156,1127561
2025-07-10,78.4000015258789,78.4000015258789,79.58999633789062,77.01000213623047,77.01000213623047,5415498
2025-07-11,78.2300033569336,78.2300033569336,78.8499984741211,76.44000244140625,77.0,946324
2025-07-14,78.87999725341797,78.87999725341797,79.5199966430664,78.1500015258789,79.47000122070312,2229154
2025-07-15,79.72000122070312,79.72000122070312,79.94999694824219,78.05000305175781,78.05000305175781,1548632
2025-07-16,81.12999725341797,81.12999725341797,81.4800033569336,77.72000122070312,77.72000122070312,6658157
2025-07-17,80.56999969482422,80.56999969482422,83.1500015258789,80.41999816894531,83.1500015258789,2259915
2025-07-18,79.8499984741211,79.8499984741211,80.98999786376953,79.70999908447266,80.5,1859206
2025-07-21,79.54000091552734,79.54000091552734,80.29000091552734,79.0,79.8499984741211,1439517
2025-07-22,78.33000183105469,78.33000183105469,80.97000122070312,78.2300033569336,79.51000213623047,2185757
2025-07-23,78.66000366210938,78.66000366210938,78.81999969482422,77.7699966430664,78.30000305175781,2147303
2025-07-24,79.55000305175781,79.55000305175781,79.88999938964844,77.98999786376953,79.0999984741211,1886767
2025-07-25,78.1500015258789,78.1500015258789,79.91999816894531,77.69999694824219,79.5,1972894
2025-07-28,77.29000091552734,77.29000091552734,78.77999877929688,76.4000015258789,77.0,840360
2025-07-29,77.66000366210938,77.66000366210938,79.22000122070312,75.3499984741211,79.22000122070312,1517020
2025-07-30,77.13999938964844,77.13999938964844,79.5999984741211,75.70999908447266,79.5999984741211,860962
2025-07-31,76.54000091552734,76.54000091552734,77.19999694824219,75.7300033569336,77.13999938964844,5606305
2025-08-01,75.72000122070312,75.72000122070312,76.91999816894531,75.5999984741211,76.56999969482422,980917
2025-08-04,76.55999755859375,76.55999755859375,77.61000061035156,73.81999969482422,73.81999969482422,3912628
2025-08-05,76.37999725341797,76.37999725341797,76.93000030517578,76.05000305175781,76.7699966430664,672885
2025-08-06,76.70999908447266,76.70999908447266,78.27999877929688,74.47000122070312,78.27999877929688,3764990
2025-08-07,76.91999816894531,76.91999816894531,77.0999984741211,75.63999938964844,76.70999908447266,2869903
2025-08-08,76.75,76.75,77.7699966430664,76.0199966430664,76.0199966430664,1513688
2025-08-11,78.55999755859375,78.55999755859375,78.66000366210938,76.0199966430664,76.0199966430664,2625865
2025-08-12,78.47000122070312,78.47000122070312,79.0199966430664,77.22000122070312,77.22000122070312,1894590
2025-08-13,78.37999725341797,78.37999725341797,80.43000030517578,78.19000244140625,80.43000030517578,1261045
2025-08-14,78.44000244140625,78.44000244140625,78.87000274658203,78.05999755859375,78.7699966430664,859225
2025-08-18,78.79000091552734,78.79000091552734,79.30999755859375,78.5199966430664,79.30000305175781,1897971
2025-08-19,79.44999694824219,79.44999694824219,79.88999938964844,76.81999969482422,76.81999969482422,2444977
2025-08-20,79.19000244140625,79.19000244140625,79.66999816894531,77.45999908447266,77.45999908447266,1027628
2025-08-21,78.87000274658203,78.87000274658203,79.63999938964844,77.30999755859375,77.30999755859375,741510
2025-08-22,77.94000244140625,77.94000244140625,80.5999984741211,77.88999938964844,80.5999984741211,2897854
2025-08-25,77.75,77.75,79.87999725341797,76.80000305175781,79.87999725341797,964728
2025-08-26,76.30000305175781,76.30000305175781,78.0999984741211,76.0,76.0,1923715
2025-08-28,75.5,75.5,76.66000366210938,74.38999938964844,74.38999938964844,2862674
2025-08-29,75.20999908447266,75.20999908447266,77.37999725341797,74.61000061035156,74.61000061035156,1093809
2025-09-01,76.0999984741211,76.0999984741211,76.4000015258789,75.16000366210938,76.4000015258789,1594780
2025-09-02,76.27999877929688,76.27999877929688,77.0999984741211,75.11000061035156,77.0999984741211,645745
2025-09-03,77.12000274658203,77.12000274658203,77.5,75.0199966430664,75.0199966430664,1165688
2025-09-04,76.22000122070312,76.22000122070312,79.04000091552734,76.1500015258789,79.04000091552734,1119263
2025-09-05,76.2699966430664,76.2699966430664,76.83999633789062,74.30999755859375,74.30999755859375,2479029
2025-09-08,76.66999816894531,76.66999816894531,78.0,75.19999694824219,75.19999694824219,683495
2025-09-09,76.58999633789062,76.58999633789062,77.13999938964844,75.20999908447266,75.20999908447266,453300
2025-09-10,78.29000091552734,78.29000091552734,78.5,76.0199966430664,78.5,1686236
2025-09-11,78.79000091552734,78.79000091552734,79.5199966430664,76.79000091552734,79.0,2321939
2025-09-12,78.6500015258789,78.6500015258789,79.5999984741211,78.0999984741211,78.0999984741211,1217984
2025-09-15,79.12000274658203,79.12000274658203,79.43000030517578,76.68000030517578,76.68000030517578,1190845
2025-09-16,79.41000366210938,79.41000366210938,81.08999633789062,78.30000305175781,81.08999633789062,1118003
2025-09-17,81.48999786376953,81.48999786376953,81.69000244140625,78.4000015258789,78.4000015258789,5509432
2025-09-18,81.4000015258789,81.4000015258789,82.5999984741211,80.5999984741211,82.5999984741211,3226303
2025-09-19,82.37999725341797,82.37999725341797,82.7300033569336,81.0,81.36000061035156,4495937
2025-09-22,82.22000122070312,82.22000122070312,83.19999694824219,81.55000305175781,82.37999725341797,3509187
2025-09-23,83.02999877929688,83.02999877929688,83.36000061035156,81.51000213623047,82.9000015258789,2880132
2025-09-24,82.87999725341797,82.87999725341797,84.41000366210938,81.80000305175781,81.80000305175781,4445060
2025-09-25,82.44999694824219,82.44999694824219,83.37999725341797,82.02999877929688,82.08000183105469,2352876
2025-09-26,80.98999786376953,80.98999786376953,83.27999877929688,80.33000183105469,80.37999725341797,3104931
2025-09-29,82.52999877929688,82.52999877929688,82.73999786376953,80.25,80.25,3706277
2025-09-30,83.94000244140625,83.94000244140625,84.19999694824219,82.23999786376953,82.81999969482422,3663783
2025-10-01,83.75,83.75,84.33999633789062,83.0199966430664,83.05000305175781,3929073
2025-10-03,84.66000366210938,84.66000366210938,84.8499984741211,82.80000305175781,84.5999984741211,3192713
2025-10-06,84.98999786376953,84.98999786376953,85.41000366210938,84.51000213623047,84.66000366210938,3157485
2025-10-07,84.54000091552734,84.54000091552734,85.9000015258789,84.0999984741211,85.9000015258789,2719109
2025-10-08,83.86000061035156,83.86000061035156,85.0,83.31999969482422,85.0,2134210
2025-10-09,84.4000015258789,84.4000015258789,84.7300033569336,83.55000305175781,83.86000061035156,1141512
2025-10-10,85.83000183105469,85.83000183105469,86.12999725341797,84.33999633789062,84.4000015258789,3475241
2025-10-13,86.08999633789062,86.08999633789062,86.22000122070312,85.08999633789062,85.83000183105469,3399882
2025-10-14,84.66000366210938,84.66000366210938,86.94999694824219,84.5199966430664,85.19999694824219,4064929
2025-10-15,86.18000030517578,86.18000030517578,86.44999694824219,84.80000305175781,85.0,4659971
2025-10-16,85.81999969482422,85.81999969482422,86.69999694824219,85.69999694824219,86.18000030517578,1862631
2025-10-17,85.13999938964844,85.13999938964844,86.38999938964844,84.58999633789062,85.81999969482422,1618371
2025-10-20,87.48999786376953,87.48999786376953,88.08999633789062,85.4000015258789,85.72000122070312,5248234
2025-10-21,88.37999725341797,88.37999725341797,88.98999786376953,86.70999908447266,86.70999908447266,2084752
2025-10-23,87.7300033569336,87.7300033569336,88.8499984741211,87.5,88.37999725341797,5244299
2025-10-27,89.2300033569336,89.2300033569336,89.68000030517578,87.2300033569336,87.30000305175781,4423124
2025-10-28,90.23999786376953,90.23999786376953,90.48999786376953,89.0,90.19999694824219,7789033
2025-10-29,90.2699966430664,90.2699966430664,90.70999908447266,89.80999755859375,90.69000244140625,2668933
2025-10-30,89.87999725341797,89.87999725341797,91.19999694824219,89.19999694824219,89.19999694824219,3593168
2025-10-31,91.2699966430664,91.2699966430664,92.2699966430664,89.73999786376953,90.0199966430664,6327445
2025-11-03,93.12999725341797,93.12999725341797,94.08000183105469,91.38999938964844,91.38999938964844,6438801
2025-11-04,92.87999725341797,92.87999725341797,94.0999984741211,92.30000305175781,94.0999984741211,4133505
2025-11-06,92.19999694824219,92.19999694824219,93.62999725341797,92.04000091552734,92.0999984741211,3462276
2025-11-07,93.08999633789062,93.08999633789062,93.44000244140625,90.76000213623047,92.19999694824219,5115363
2025-11-10,93.05999755859375,93.05999755859375,93.98999786376953,90.76000213623047,90.76000213623047,2543638
2025-11-11,92.63999938964844,92.63999938964844,93.4800033569336,91.30000305175781,92.81999969482422,3159364
2025-11-12,93.29000091552734,93.29000091552734,93.6500015258789,92.63999938964844,92.63999938964844,2365985
2025-11-13,92.5999984741211,92.5999984741211,93.9000015258789,92.45999908447266,93.29000091552734,2176435
2025-11-14,93.72000122070312,93.72000122070312,93.87000274658203,92.01000213623047,92.61000061035156,3852010
2025-11-17,94.55999755859375,94.55999755859375,95.33999633789062,93.86000061035156,93.88999938964844,7732317
2025-11-18,94.55000305175781,94.55000305175781,95.81999969482422,94.05000305175781,94.55999755859375,2562505
2025-11-19,95.69000244140625,95.69000244140625,95.79000091552734,93.83000183105469,95.37999725341797,3963532
2025-11-20,94.8499984741211,94.8499984741211,96.58999633789062,94.58999633789062,95.7300033569336,6901886
2025-11-21,93.20999908447266,93.20999908447266,95.9000015258789,93.08000183105469,95.9000015258789,7910729
2025-11-24,93.08000183105469,93.08000183105469,93.9800033569336,92.87999725341797,93.5999984741211,2109372
2025-11-25,94.70999908447266,94.70999908447266,94.76000213623047,92.97000122070312,92.98999786376953,3506491
2025-11-26,95.41999816894531,95.41999816894531,96.55000305175781,94.76000213623047,95.0,5075359
2025-11-27,94.86000061035156,94.86000061035156,95.95999908447266,94.4000015258789,95.61000061035156,4334057
2025-11-28,95.01000213623047,95.01000213623047,95.33000183105469,94.5,95.0,2436426
2025-12-01,95.27999877929688,95.27999877929688,95.94999694824219,94.80999755859375,95.01000213623047,4378159
2025-12-02,95.01000213623047,95.01000213623047,97.66000366210938,94.86000061035156,97.66000366210938,4752087
2025-12-03,92.08000183105469,92.08000183105469,95.9800033569336,91.5999984741211,95.97000122070312,7791973
2025-12-04,92.02999877929688,92.02999877929688,92.8499984741211,91.5199966430664,92.8499984741211,2796169
2025-12-05,93.44000244140625,93.44000244140625,93.55000305175781,91.81999969482422,92.8499984741211,3350649
2025-12-08,90.83000183105469,90.83000183105469,93.63999938964844,90.31999969482422,93.62999725341797,5392183
2025-12-09,92.08999633789062,92.08999633789062,92.4000015258789,89.69999694824219,91.37000274658203,5744405
2025-12-10,91.29000091552734,91.29000091552734,92.5999984741211,90.5,92.08999633789062,2207136
2025-12-11,91.76000213623047,91.76000213623047,93.56999969482422,91.27999877929688,92.55000305175781,1379440
2025-12-12,91.87000274658203,91.87000274658203,94.05000305175781,90.69999694824219,90.69999694824219,1255141
2025-12-15,92.22000122070312,92.22000122070312,92.77999877929688,91.25,91.87000274658203,1718174
2025-12-16,91.29000091552734,91.29000091552734,92.61000061035156,90.9000015258789,90.9000015258789,2379748
2025-12-17,92.54000091552734,92.54000091552734,92.75,89.69999694824219,89.69999694824219,2591750
2025-12-18,92.52999877929688,92.52999877929688,94.8499984741211,91.8499984741211,93.6500015258789,2157773
2025-12-19,93.0458984375,93.0458984375,93.0458984375,93.0458984375,93.0458984375,0
2025-12-22,93.12000274658203,93.12000274658203,95.2300033569336,91.30999755859375,95.2300033569336,1615179
2025-12-23,92.81999969482422,92.81999969482422,93.69999694824219,92.0999984741211,92.0999984741211,1459473
2025-12-24,92.38999938964844,92.38999938964844,93.68000030517578,92.0999984741211,92.8499984741211,1473708
2025-12-26,92.08999633789062,92.08999633789062,92.97000122070312,91.91000366210938,92.38999938964844,1340218
2025-12-29,92.08999633789062,92.08999633789062,92.48999786376953,91.75,92.48999786376953,1730488
2025-12-30,93.88999938964844,93.88999938964844,94.19999694824219,91.11000061035156,91.11000061035156,6880173
2025-12-31,94.83000183105469,94.83000183105469,95.43000030517578,93.66000366210938,94.45999908447266,3419906
2026-01-01,95.2699966430664,95.2699966430664,96.0,93.80000305175781,93.80000305175781,1928544
2026-01-02,97.19999694824219,97.19999694824219,97.5999984741211,95.2300033569336,95.2699966430664,6016616
2026-01-05,97.27999877929688,97.27999877929688,98.5,96.70999908447266,97.69000244140625,3696329
2026-01-06,97.80000305175781,97.80000305175781,99.4000015258789,94.83999633789062,99.4000015258789,2426503
2026-01-07,97.62000274658203,97.62000274658203,99.3499984741211,97.0,97.0,1833254
2026-01-08,95.5999984741211,95.5999984741211,97.98999786376953,95.38999938964844,97.98999786376953,3112467
2026-01-09,95.5999984741211,95.5999984741211,97.98999786376953,93.20999908447266,93.20999908447266,4721266
2026-01-12,96.33000183105469,96.33000183105469,97.98999786376953,94.4000015258789,97.98999786376953,2057791
2026-01-13,97.0,97.0,97.94999694824219,96.1500015258789,97.94999694824219,3178991
2026-01-14,99.62999725341797,99.62999725341797,101.04000091552734,96.51000213623047,97.94999694824219,5843090
2026-01-15,99.62999725341797,99.62999725341797,99.62999725341797,99.62999725341797,99.62999725341797,0
2026-01-16,100.47000122070312,100.47000122070312,101.30000305175781,98.5,98.5,5624564
2026-01-19,100.11000061035156,100.11000061035156,101.0,99.36000061035156,100.93000030517578,3724866
2026-01-20,98.55000305175781,98.55000305175781,101.4800033569336,98.4000015258789,101.30000305175781,4552811
2026-01-21,97.80999755859375,97.80999755859375,99.4800033569336,96.9000015258789,98.98999786376953,3791777
2026-01-22,100.20999908447266,100.20999908447266,100.5,98.01000213623047,99.37999725341797,5865370
2026-01-23,97.69999694824219,97.69999694824219,102.22000122070312,97.23999786376953,102.22000122070312,4778783
2026-01-27,99.69000244140625,99.69000244140625,100.0,97.56999969482422,97.69999694824219,3311886
2026-01-28,101.25,101.25,101.44000244140625,99.08000183105469,100.48999786376953,3442979
2026-01-29,100.44999694824219,100.44999694824219,102.27999877929688,99.69999694824219,99.69999694824219,5379377
2026-01-30,100.5199966430664,100.5199966430664,101.20999908447266,99.01000213623047,100.45999908447266,3912750
2026-02-02,95.55999755859375,95.55999755859375,95.80000305175781,92.41000366210938,95.4000015258789,5359499
2026-02-03,98.23999786376953,98.23999786376953,101.27999877929688,97.01000213623047,97.94000244140625,6787499
2026-02-04,98.80000305175781,98.80000305175781,99.27999877929688,96.69999694824219,96.95999908447266,2348210
2026-02-05,99.4800033569336,99.4800033569336,100.19999694824219,97.5999984741211,97.5999984741211,3639869
2026-02-06,98.7699966430664,98.7699966430664,100.80000305175781,97.6500015258789,100.80000305175781,3572533
2026-02-09,102.02999877929688,102.02999877929688,102.25,99.0999984741211,100.0999984741211,6401859
2026-02-10,101.76000213623047,101.76000213623047,104.58000183105469,101.61000061035156,102.55000305175781,6971435
2026-02-11,102.80999755859375,102.80999755859375,103.16999816894531,100.69999694824219,101.76000213623047,3604437
2026-02-12,102.58000183105469,102.58000183105469,103.37999725341797,100.2300033569336,103.37999725341797,3825224
2026-02-13,101.86000061035156,101.86000061035156,103.08000183105469,100.5999984741211,100.5999984741211,2719189
2026-02-16,103.30999755859375,103.30999755859375,103.68000030517578,100.0,100.0,5346831
2026-02-17,105.51000213623047,105.51000213623047,106.30000305175781,101.26000213623047,103.30999755859375,11567173
2026-02-18,107.30000305175781,107.30000305175781,108.13999938964844,105.69999694824219,108.13999938964844,3629129
2026-02-19,105.81999969482422,105.81999969482422,108.44999694824219,105.16999816894531,107.30000305175781,2858837
2026-02-20,107.5199966430664,107.5199966430664,108.0,105.30000305175781,108.0,2608114
2026-02-23,109.20999908447266,109.20999908447266,110.19999694824219,107.61000061035156,110.19999694824219,4666859
2026-02-24,109.5,109.5,110.12999725341797,107.4000015258789,107.4000015258789,4909868
2026-02-25,109.12999725341797,109.12999725341797,110.4000015258789,108.26000213623047,109.5,4556290
2026-02-26,109.87000274658203,109.87000274658203,110.4000015258789,108.2699966430664,110.4000015258789,3270390
2026-02-27,109.16000366210938,109.16000366210938,110.08999633789062,108.72000122070312,110.0,3560117
2026-03-02,107.0999984741211,107.0999984741211,108.36000061035156,105.69999694824219,105.69999694824219,4712769
2026-03-04,103.62000274658203,103.62000274658203,107.0999984741211,102.54000091552734,107.08999633789062,5394855
2026-03-05,104.13999938964844,104.13999938964844,105.0,102.93000030517578,104.0,2877329
2026-03-06,102.27999877929688,102.27999877929688,104.44999694824219,101.80999755859375,104.44999694824219,2040151
2026-03-09,98.3499984741211,98.3499984741211,101.0,95.77999877929688,99.72000122070312,6800990
2026-03-10,100.4800033569336,100.4800033569336,100.83999633789062,98.63999938964844,100.5199966430664,3719835
2026-03-11,98.3499984741211,98.3499984741211,100.94000244140625,98.05999755859375,100.4800033569336,3496527
2026-03-12,98.23999786376953,98.23999786376953,99.48999786376953,96.26000213623047,98.3499984741211,5040611
2026-03-13,94.69999694824219,94.69999694824219,98.37000274658203,94.47000122070312,98.2300033569336,4733650
2026-03-16,95.23999786376953,95.23999786376953,95.9000015258789,93.0,95.7699966430664,3851217
2026-03-17,95.69000244140625,95.69000244140625,98.0999984741211,94.01000213623047,98.0999984741211,2518601
2026-03-18,96.37000274658203,96.37000274658203,96.87999725341797,95.83000183105469,95.9800033569336,2509549
2026-03-19,93.5999984741211,93.5999984741211,95.0,93.0999984741211,94.5999984741211,2560554
2026-03-20,95.44000244140625,95.44000244140625,97.08999633789062,94.47000122070312,94.98999786376953,2388250
2026-03-23,91.56999969482422,91.56999969482422,95.44000244140625,91.19999694824219,95.44000244140625,4747265
2026-03-24,93.13999938964844,93.13999938964844,94.31999969482422,92.3499984741211,92.56999969482422,2620448
2026-03-25,95.68000030517578,95.68000030517578,96.3499984741211,93.20999908447266,93.20999908447266,3463003
2026-03-27,91.7699966430664,91.7699966430664,95.68000030517578,91.48999786376953,95.68000030517578,4384459
2026-03-30,87.45999908447266,87.45999908447266,94.05999755859375,87.19999694824219,94.05999755859375,6359376
2026-04-01,91.26000213623047,91.26000213623047,91.80000305175781,88.12999725341797,88.4000015258789,4166312
2026-04-02,90.5999984741211,90.5999984741211,90.9000015258789,87.41000366210938,88.97000122070312,3487161
2026-04-06,92.6500015258789,92.6500015258789,92.9000015258789,89.93000030517578,92.19999694824219,3939618
2026-04-07,91.97000122070312,91.97000122070312,93.6500015258789,90.91000366210938,93.6500015258789,2712129
2026-04-08,97.13999938964844,97.13999938964844,97.54000091552734,94.70999908447266,95.0,5684885
2026-04-09,95.88999938964844,95.88999938964844,97.87999725341797,95.62000274658203,97.13999938964844,4097296
2026-04-10,97.4800033569336,97.4800033569336,97.8499984741211,96.5,97.8499984741211,4342534
2026-04-13,96.7699966430664,96.7699966430664,97.4800033569336,94.05000305175781,97.4800033569336,10231001
2026-04-15,98.11000061035156,98.11000061035156,99.66999816894531,97.75,99.18000030517578,4144341
2026-04-16,97.7300033569336,97.7300033569336,99.30000305175781,97.41000366210938,97.75,5734532
2026-04-17,98.48999786376953,98.48999786376953,98.69999694824219,97.33000183105469,98.69999694824219,2529472
2026-04-20,99.27999877929688,99.27999877929688,100.3499984741211,96.0199966430664,96.0199966430664,4553628
2026-04-21,100.16000366210938,100.16000366210938,100.54000091552734,99.26000213623047,99.27999877929688,2049983
2026-04-22,100.30000305175781,100.30000305175781,101.08999633789062,99.91000366210938,100.1500015258789,1938554
2026-04-23,98.11000061035156,98.11000061035156,102.63999938964844,97.26000213623047,102.63999938964844,2719766
2026-04-24,98.12000274658203,98.12000274658203,99.5,96.80999755859375,99.5,2765190
2026-04-27,98.2699966430664,98.2699966430664,99.25,97.79000091552734,99.16000366210938,2417651
2026-04-28,96.26000213623047,96.26000213623047,98.19999694824219,96.12999725341797,98.19999694824219,5041494
2026-04-29,95.95999908447266,95.95999908447266,97.55000305175781,95.75,96.0,1838205
2026-04-30,94.54000091552734,94.54000091552734,96.9000015258789,93.80999755859375,96.12000274658203,3035207
2026-05-01,94.54000091552734,94.54000091552734,94.54000091552734,94.54000091552734,94.54000091552734,0
2026-05-04,94.13999938964844,94.13999938964844,95.98999786376953,93.83999633789062,94.68000030517578,2468225
2026-05-05,93.91000366210938,93.91000366210938,96.3499984741211,93.13999938964844,96.3499984741211,2325310
2026-05-06,96.44999694824219,96.44999694824219,96.75,94.11000061035156,94.81999969482422,3900635
2026-05-07,96.16000366210938,96.16000366210938,98.44999694824219,95.69999694824219,97.0,3448285
2026-05-08,93.27999877929688,93.27999877929688,96.33000183105469,92.75,96.16000366210938,4992805
2026-05-11,90.91999816894531,90.91999816894531,94.5,90.75,93.27999877929688,6618644
2026-05-12,89.6500015258789,89.6500015258789,91.47000122070312,89.41999816894531,90.0999984741211,3516838
2026-05-13,89.61000061035156,89.61000061035156,91.80000305175781,88.76000213623047,91.80000305175781,7110720
2026-05-14,90.88999938964844,90.88999938964844,91.44999694824219,89.0199966430664,90.62000274658203,4032752
2026-05-15,89.94000244140625,89.94000244140625,91.4000015258789,89.75,91.38999938964844,1937566
2026-05-18,88.20999908447266,88.20999908447266,90.9000015258789,87.44999694824219,90.9000015258789,3501207
2026-05-19,88.93000030517578,88.93000030517578,89.9000015258789,88.22000122070312,89.9000015258789,2012580
2026-05-20,89.23999786376953,89.23999786376953,89.33000183105469,86.69999694824219,87.43000030517578,2341523
2026-05-21,89.29000091552734,89.29000091552734,90.51000213623047,89.08999633789062,89.23999786376953,1948515
2026-05-22,89.62000274658203,89.62000274658203,91.5199966430664,89.27999877929688,91.5199966430664,2366767
2026-05-25,92.1500015258789,92.1500015258789,92.55000305175781,89.80999755859375,91.86000061035156,3918089
2026-05-26,91.87999725341797,91.87999725341797,92.97000122070312,90.5199966430664,90.5199966430664,2363222
2026-05-27,92.08999633789062,92.08999633789062,92.5,91.55999755859375,91.87999725341797,1627082
2026-05-28,92.08999633789062,92.08999633789062,92.08999633789062,92.08999633789062,92.08999633789062,0
2026-05-29,91.19999694824219,91.19999694824219,97.13999938964844,90.91000366210938,94.38999938964844,2601935
2026-06-01,89.44000244140625,89.44000244140625,91.98999786376953,89.16000366210938,91.19999694824219,4352792
2026-06-02,90.11000061035156,90.11000061035156,90.31999969482422,88.5,89.48999786376953,1965320
2026-06-03,91.62000274658203,91.62000274658203,92.30000305175781,89.04000091552734,92.30000305175781,2904231
2026-06-04,92.08000183105469,92.08000183105469,92.31999969482422,90.63999938964844,91.61000061035156,2906149
2026-06-05,92.27999877929688,92.27999877929688,93.4000015258789,91.80999755859375,93.0,4726892
2026-06-08,91.58000183105469,91.58000183105469,93.36000061035156,89.97000122070312,89.97000122070312,4485536
2026-06-09,94.91000366210938,94.91000366210938,95.0,91.0,91.69999694824219,5507552
2026-06-10,93.76000213623047,93.76000213623047,97.27999877929688,93.0,97.27999877929688,4111726
2026-06-11,92.7300033569336,92.7300033569336,93.76000213623047,92.2699966430664,93.76000213623047,4597373
2026-06-12,95.30000305175781,95.30000305175781,95.43000030517578,92.75,94.88999938964844,4877925
2026-06-15,95.95999908447266,95.95999908447266,97.44000244140625,95.58000183105469,96.0,3649675
2026-06-16,95.9000015258789,95.9000015258789,96.7300033569336,95.05999755859375,96.19999694824219,1780912
2026-06-17,97.52999877929688,97.52999877929688,97.6500015258789,95.54000091552734,95.91000366210938,6185580
2026-06-18,98.20999908447266,98.20999908447266,100.0,97.3499984741211,97.97000122070312,3252729
2026-06-19,97.54000091552734,97.54000091552734,98.20999908447266,96.25,96.25,1872167
2026-06-22,97.87999725341797,97.87999725341797,97.9800033569336,97.19999694824219,97.4000015258789,1468556
2026-06-23,96.18000030517578,96.18000030517578,98.94000244140625,96.02999877929688,97.87999725341797,2370269
2026-06-24,96.43000030517578,96.43000030517578,97.97000122070312,95.0,95.0,1893236
2026-06-25,96.44999694824219,96.44999694824219,97.9000015258789,95.5,97.9000015258789,4173994
2026-06-26,96.44999694824219,96.44999694824219,96.44999694824219,96.44999694824219,96.44999694824219,0
2026-06-29,95.5199966430664,95.5199966430664,97.33999633789062,94.95999908447266,97.0,7980883
2026-06-30,95.08999633789062,95.08999633789062,96.45999908447266,95.0,95.0199966430664,2329912
2026-07-01,95.9800033569336,95.9800033569336,96.4000015258789,93.19999694824219,96.4000015258789,2524933
2026-07-02,95.37999725341797,95.37999725341797,96.5,95.16999816894531,96.11000061035156,2054382
2026-07-03,94.13999938964844,94.13999938964844,96.69000244140625,93.55000305175781,96.69000244140625,5375027
2026-07-06,93.30000305175781,93.30000305175781,94.9000015258789,93.06999969482422,94.01000213623047,1848499
2026-07-07,92.8499984741211,92.8499984741211,94.5,92.80000305175781,94.5,1987151
2026-07-08,90.44000244140625,90.44000244140625,92.88999938964844,90.0,92.88999938964844,2870625
2026-07-09,91.8499984741211,91.8499984741211,92.30000305175781,90.2699966430664,92.30000305175781,2394614
2026-07-10,94.3499984741211,94.3499984741211,95.52999877929688,91.0,91.8499984741211,3514783
2026-07-13,94.5999984741211,94.5999984741211,95.06999969482422,93.25,94.3499984741211,2038694
2026-07-14,92.77999877929688,92.77999877929688,94.66999816894531,92.2300033569336,92.2300033569336,1902767
2026-07-15,93.70999908447266,93.70999908447266,94.55000305175781,92.81999969482422,94.5,1684205
2026-07-16,93.23999786376953,93.23999786376953,94.29000091552734,93.1500015258789,94.0,987255
2026-07-17,93.58000183105469,93.58000183105469,93.97000122070312,91.19999694824219,92.01000213623047,1059809
2026-07-20,96.16000366210938,96.16000366210938,96.5,93.37999725341797,93.76000213623047,6522285
2026-07-21,95.43000030517578,95.43000030517578,97.1500015258789,95.0,95.0,2627197
2026-07-22,93.66999816894531,93.66999816894531,95.43000030517578,93.3499984741211,95.41999816894531,2188476
2026-07-23,92.87999725341797,92.87999725341797,94.41999816894531,92.51000213623047,93.66999816894531,1539658
2026-07-24,93.41999816894531,93.41999816894531,93.68000030517578,91.80000305175781,92.68000030517578,1394395
2026-07-27,93.5199966430664,93.5199966430664,94.94999694824219,92.19999694824219,94.94999694824219,1152191
2026-07-28,92.7300033569336,92.7300033569336,94.0,92.54000091552734,94.0,1881982
2026-07-29,92.98999786376953,92.98999786376953,93.5,92.55000305175781,92.7300033569336,1896775
2026-07-30,93.16000366210938,93.16000366210938,93.33999633789062,92.5,93.0,1024692
2026-07-31,93.41999816894531,93.41999816894531,93.9800033569336,93.16999816894531,93.16999816894531,852800
2026-08-03,94.56999969482422,94.56999969482422,95.22000122070312,93.33000183105469,94.48999786376953,5391757
2026-08-04,94.54000091552734,94.54000091552734,95.19999694824219,94.26000213623047,94.62000274658203,1301926
2026-08-05,95.4000015258789,95.4000015258789,96.0,94.6500015258789,94.6500015258789,4602225
2026-08-06,97.3499984741211,97.3499984741211,97.69999694824219,95.3499984741211,95.38999938964844,5668858
2026-08-07,98.02999877929688,98.02999877929688,98.98999786376953,96.01000213623047,97.0,5474133
2026-08-10,96.44000244140625,96.44000244140625,99.1500015258789,96.26000213623047,99.1500015258789,8284198
2026-08-11,96.44999694824219,96.44999694824219,98.58999633789062,95.55000305175781,98.58999633789062,1601387
2026-08-12,98.2699966430664,98.2699966430664,98.58999633789062,96.08000183105469,96.44999694824219,3997530
2026-08-13,98.11000061035156,98.11000061035156,99.66000366210938,97.0,97.0,1671776
2026-08-14,97.5199966430664,97.5199966430664,98.70999908447266,97.30999755859375,97.9000015258789,1891699
2026-08-17,97.6500015258789,97.6500015258789,97.80999755859375,96.11000061035156,97.5199966430664,1912418
2026-08-18,96.5199966430664,96.5199966430664,97.97000122070312,96.30000305175781,97.63999938964844,1507802
2026-08-19,96.12999725341797,96.12999725341797,96.87999725341797,95.5199966430664,96.5199966430664,875252
2026-08-20,96.27999877929688,96.27999877929688,97.08999633789062,96.0,97.0,761096
2026-08-21,95.81999969482422,95.81999969482422,97.4800033569336,95.52999877929688,95.52999877929688,779941
2026-08-24,95.12999725341797,95.12999725341797,97.0,94.9000015258789,97.0,3309637
2026-08-25,95.97000122070312,95.97000122070312,97.5,94.80000305175781,97.5,2324037
2026-08-26,96.91000366210938,96.91000366210938,97.80000305175781,95.9000015258789,95.9000015258789,2197173
2026-08-27,96.08000183105469,96.08000183105469,97.19999694824219,95.9000015258789,96.41999816894531,1126383
2026-08-28,96.04000091552734,96.04000091552734,97.0999984741211,95.72000122070312,96.08000183105469,763406
2026-08-31,95.16999816894531,95.16999816894531,96.04000091552734,94.55000305175781,96.04000091552734,1546760
2026-09-01,94.6500015258789,94.6500015258789,95.88999938964844,94.5,95.16999816894531,1117723
2026-09-02,94.7699966430664,94.7699966430664,95.56999969482422,94.08000183105469,94.26000213623047,1041734
2026-09-03,95.68000030517578,95.68000030517578,96.62000274658203,94.69999694824219,94.69999694824219,2544032
2026-09-04,95.44999694824219,95.44999694824219,96.19999694824219,95.33999633789062,95.69999694824219,1284747
2026-09-07,94.20999908447266,94.20999908447266,96.80000305175781,93.97000122070312,96.80000305175781,1692469
2026-09-08,93.97000122070312,93.97000122070312,95.5999984741211,93.70999908447266,95.5999984741211,1124101
2026-09-09,93.58000183105469,93.58000183105469,94.25,93.30000305175781,93.51000213623047,1220617
2026-09-10,93.54000091552734,93.54000091552734,94.6500015258789,93.3499984741211,93.48999786376953,1625906
2026-09-11,93.22000122070312,93.22000122070312,93.54000091552734,92.37999725341797,93.54000091552734,874574
2026-09-14,93.22000122070312,93.22000122070312,93.22000122070312,93.22000122070312,93.22000122070312,0
2026-09-15,91.25,91.25,94.18000030517578,91.0999984741211,93.22000122070312,1588284
2026-09-16,92.20999908447266,92.20999908447266,92.5999984741211,91.0,91.25,803010
2026-09-17,92.37999725341797,92.37999725341797,93.68000030517578,91.0999984741211,91.0999984741211,1436668
2026-09-18,92.6500015258789,92.6500015258789,93.30000305175781,92.25,93.30000305175781,675075
2026-09-21,92.76000213623047,92.76000213623047,93.18000030517578,91.7699966430664,93.18000030517578,1668788
2026-09-22,92.1500015258789,92.1500015258789,93.9000015258789,92.0,93.9000015258789,686677
2026-09-23,93.19000244140625,93.19000244140625,93.4000015258789,92.01000213623047,92.1500015258789,1081518
2026-09-25,92.3499984741211,92.3499984741211,93.0,92.1500015258789,93.0,462230
