Date,Adj Close,Close,High,Low,Open,Volume
2022-01-24,112.6698989868164,112.6698989868164,112.6698989868164,112.6698989868164,112.6698989868164,0
2022-01-25,115.26599884033203,115.26599884033203,115.26599884033203,115.26599884033203,115.26599884033203,0
2022-01-27,115.65059661865234,115.65059661865234,115.65059661865234,115.65059661865234,115.65059661865234,0
2022-01-28,114.97319793701172,114.97319793701172,114.97319793701172,114.97319793701172,114.97319793701172,0
2022-01-31,117.05819702148438,117.05819702148438,117.05819702148438,117.05819702148438,117.05819702148438,0
2022-02-01,116.19029998779297,116.19029998779297,116.19029998779297,116.19029998779297,116.19029998779297,0
2022-02-02,116.35150146484375,116.35150146484375,116.35150146484375,116.35150146484375,116.35150146484375,0
2022-02-03,116.8572998046875,116.8572998046875,116.8572998046875,116.8572998046875,116.8572998046875,0
2022-02-04,115.63760375976562,115.63760375976562,115.63760375976562,115.63760375976562,115.63760375976562,0
2022-02-07,114.13300323486328,114.13300323486328,114.13300323486328,114.13300323486328,114.13300323486328,0
2022-02-08,114.35590362548828,114.35590362548828,114.35590362548828,114.35590362548828,114.35590362548828,0
2022-02-09,116.8406982421875,116.8406982421875,116.8406982421875,116.8406982421875,116.8406982421875,0
2022-02-10,116.77970123291016,116.77970123291016,116.77970123291016,116.77970123291016,116.77970123291016,0
2022-02-11,115.57659912109375,115.57659912109375,115.57659912109375,115.57659912109375,115.57659912109375,0
2022-02-14,111.15039825439453,111.15039825439453,111.15039825439453,111.15039825439453,111.15039825439453,0
2022-02-15,115.56900024414062,115.56900024414062,115.56900024414062,115.56900024414062,115.56900024414062,0
2022-02-16,115.14569854736328,115.14569854736328,115.14569854736328,115.14569854736328,115.14569854736328,0
2022-02-17,114.98249816894531,114.98249816894531,114.98249816894531,114.98249816894531,114.98249816894531,0
2022-02-18,114.26300048828125,114.26300048828125,114.26300048828125,114.26300048828125,114.26300048828125,0
2022-02-21,113.87210083007812,113.87210083007812,113.87210083007812,113.87210083007812,113.87210083007812,0
2022-02-22,113.68699645996094,113.68699645996094,113.68699645996094,113.68699645996094,113.68699645996094,0
2022-02-23,113.4448013305664,113.4448013305664,113.4448013305664,113.4448013305664,113.4448013305664,0
2022-02-24,106.40579986572266,106.40579986572266,106.40579986572266,106.40579986572266,106.40579986572266,0
2022-02-25,109.23989868164062,109.23989868164062,109.23989868164062,109.23989868164062,109.23989868164062,0
2022-02-28,108.49639892578125,108.49639892578125,108.49639892578125,108.49639892578125,108.49639892578125,0
2022-03-02,105.29879760742188,105.29879760742188,105.29879760742188,105.29879760742188,105.29879760742188,0
2022-03-03,102.908203125,102.908203125,102.908203125,102.908203125,102.908203125,0
2022-03-04,99.26809692382812,99.26809692382812,99.26809692382812,99.26809692382812,99.26809692382812,0
2022-03-07,95.11070251464844,95.11070251464844,95.11070251464844,95.11070251464844,95.11070251464844,0
2022-03-08,95.90470123291016,95.90470123291016,95.90470123291016,95.90470123291016,95.90470123291016,0
2022-03-09,98.6240005493164,98.6240005493164,98.6240005493164,98.6240005493164,98.6240005493164,0
2022-03-10,100.4906005859375,100.4906005859375,100.4906005859375,100.4906005859375,100.4906005859375,0
2022-03-11,100.09329986572266,100.09329986572266,100.09329986572266,100.09329986572266,100.09329986572266,0
2022-03-14,101.03600311279297,101.03600311279297,101.03600311279297,101.03600311279297,101.03600311279297,0
2022-03-15,101.60449981689453,101.60449981689453,101.60449981689453,101.60449981689453,101.60449981689453,0
2022-03-16,103.78900146484375,103.78900146484375,103.78900146484375,103.78900146484375,103.78900146484375,0
2022-03-17,106.04499816894531,106.04499816894531,106.04499816894531,106.04499816894531,106.04499816894531,0
2022-03-21,104.76920318603516,104.76920318603516,104.76920318603516,104.76920318603516,104.76920318603516,0
2022-03-22,106.01180267333984,106.01180267333984,106.01180267333984,106.01180267333984,106.01180267333984,0
2022-03-23,104.91809844970703,104.91809844970703,104.91809844970703,104.91809844970703,104.91809844970703,0
2022-03-24,104.408203125,104.408203125,104.408203125,104.408203125,104.408203125,0
2022-03-25,103.84380340576172,103.84380340576172,103.84380340576172,103.84380340576172,103.84380340576172,0
2022-03-28,104.51609802246094,104.51609802246094,104.51609802246094,104.51609802246094,104.51609802246094,0
2022-03-29,104.4625015258789,104.4625015258789,104.4625015258789,104.4625015258789,104.4625015258789,0
2022-03-30,105.76339721679688,105.76339721679688,105.76339721679688,105.76339721679688,105.76339721679688,0
2022-03-31,105.86229705810547,105.86229705810547,105.86229705810547,105.86229705810547,105.86229705810547,0
2022-04-01,107.11080169677734,107.11080169677734,107.11080169677734,107.11080169677734,107.11080169677734,0
2022-04-04,108.38020324707031,108.38020324707031,108.38020324707031,108.38020324707031,108.38020324707031,0
2022-04-05,109.7072982788086,109.7072982788086,109.7072982788086,109.7072982788086,109.7072982788086,0
2022-04-06,109.40959930419922,109.40959930419922,109.40959930419922,109.40959930419922,109.40959930419922,0
2022-04-07,108.5468978881836,108.5468978881836,108.5468978881836,108.5468978881836,108.5468978881836,0
2022-04-08,109.283203125,109.283203125,109.283203125,109.283203125,109.283203125,0
2022-04-11,109.1594009399414,109.1594009399414,109.1594009399414,109.1594009399414,109.1594009399414,0
2022-04-12,108.22509765625,108.22509765625,108.22509765625,108.22509765625,108.22509765625,0
2022-04-13,107.3187026977539,107.3187026977539,107.3187026977539,107.3187026977539,107.3187026977539,0
2022-04-18,107.79049682617188,107.79049682617188,107.79049682617188,107.79049682617188,107.79049682617188,0
2022-04-19,106.48290252685547,106.48290252685547,106.48290252685547,106.48290252685547,106.48290252685547,0
2022-04-20,108.82009887695312,108.82009887695312,108.82009887695312,108.82009887695312,108.82009887695312,0
2022-04-21,111.23989868164062,111.23989868164062,111.23989868164062,111.23989868164062,111.23989868164062,0
2022-04-22,110.61499786376953,110.61499786376953,110.61499786376953,110.61499786376953,110.61499786376953,0
2022-04-25,109.49479675292969,109.49479675292969,109.49479675292969,109.49479675292969,109.49479675292969,0
2022-04-26,112.55290222167969,112.55290222167969,112.55290222167969,112.55290222167969,112.55290222167969,0
2022-04-27,111.9218978881836,111.9218978881836,111.9218978881836,111.9218978881836,111.9218978881836,0
2022-04-28,112.25440216064453,112.25440216064453,112.25440216064453,112.25440216064453,112.25440216064453,0
2022-04-29,111.11160278320312,111.11160278320312,111.11160278320312,111.11160278320312,111.11160278320312,0
2022-05-02,109.70919799804688,109.70919799804688,109.70919799804688,109.70919799804688,109.70919799804688,0
2022-05-04,106.92960357666016,106.92960357666016,106.92960357666016,106.92960357666016,106.92960357666016,0
2022-05-05,107.37660217285156,107.37660217285156,107.37660217285156,107.37660217285156,107.37660217285156,0
2022-05-06,105.49949645996094,105.49949645996094,105.49949645996094,105.49949645996094,105.49949645996094,0
2022-05-09,105.14779663085938,105.14779663085938,105.14779663085938,105.14779663085938,105.14779663085938,0
2022-05-10,105.03610229492188,105.03610229492188,105.03610229492188,105.03610229492188,105.03610229492188,0
2022-05-11,104.08319854736328,104.08319854736328,104.08319854736328,104.08319854736328,104.08319854736328,0
2022-05-12,101.94750213623047,101.94750213623047,101.94750213623047,101.94750213623047,101.94750213623047,0
2022-05-13,104.43489837646484,104.43489837646484,104.43489837646484,104.43489837646484,104.43489837646484,0
2022-05-16,106.8053970336914,106.8053970336914,106.8053970336914,106.8053970336914,106.8053970336914,0
2022-05-17,109.43009948730469,109.43009948730469,109.43009948730469,109.43009948730469,109.43009948730469,0
2022-05-18,109.41110229492188,109.41110229492188,109.41110229492188,109.41110229492188,109.41110229492188,0
2022-05-19,106.49079895019531,106.49079895019531,106.49079895019531,106.49079895019531,106.49079895019531,0
2022-05-20,109.46089935302734,109.46089935302734,109.46089935302734,109.46089935302734,109.46089935302734,0
2022-05-23,111.46859741210938,111.46859741210938,111.46859741210938,111.46859741210938,111.46859741210938,0
2022-05-24,111.47949981689453,111.47949981689453,111.47949981689453,111.47949981689453,111.47949981689453,0
2022-05-25,110.43000030517578,110.43000030517578,110.43000030517578,110.43000030517578,110.43000030517578,0
2022-05-26,111.28739929199219,111.28739929199219,111.28739929199219,111.28739929199219,111.28739929199219,0
2022-05-27,113.0197982788086,113.0197982788086,113.0197982788086,113.0197982788086,113.0197982788086,0
2022-05-30,115.23400115966797,115.23400115966797,115.23400115966797,115.23400115966797,115.23400115966797,0
2022-05-31,116.18789672851562,116.18789672851562,116.18789672851562,116.18789672851562,116.18789672851562,0
2022-06-01,115.95030212402344,115.95030212402344,115.95030212402344,115.95030212402344,115.95030212402344,0
2022-06-02,115.23139953613281,115.23139953613281,115.23139953613281,115.23139953613281,115.23139953613281,0
2022-06-03,113.1355972290039,113.1355972290039,113.1355972290039,113.1355972290039,113.1355972290039,0
2022-06-06,113.34230041503906,113.34230041503906,113.34230041503906,113.34230041503906,113.34230041503906,0
2022-06-07,113.93199920654297,113.93199920654297,113.93199920654297,113.93199920654297,113.93199920654297,0
2022-06-08,114.13310241699219,114.13310241699219,114.13310241699219,114.13310241699219,114.13310241699219,0
2022-06-09,114.4999008178711,114.4999008178711,114.4999008178711,114.4999008178711,114.4999008178711,0
2022-06-10,114.24669647216797,114.24669647216797,114.24669647216797,114.24669647216797,114.24669647216797,0
2022-06-13,111.95559692382812,111.95559692382812,111.95559692382812,111.95559692382812,111.95559692382812,0
2022-06-14,111.33910369873047,111.33910369873047,111.33910369873047,111.33910369873047,111.33910369873047,0
2022-06-15,112.36689758300781,112.36689758300781,112.36689758300781,112.36689758300781,112.36689758300781,0
2022-06-16,109.85980224609375,109.85980224609375,109.85980224609375,109.85980224609375,109.85980224609375,0
2022-06-17,108.60050201416016,108.60050201416016,108.60050201416016,108.60050201416016,108.60050201416016,0
2022-06-20,107.83499908447266,107.83499908447266,107.83499908447266,107.83499908447266,107.83499908447266,0
2022-06-21,110.03379821777344,110.03379821777344,110.03379821777344,110.03379821777344,110.03379821777344,0
2022-06-22,109.10369873046875,109.10369873046875,109.10369873046875,109.10369873046875,109.10369873046875,0
2022-06-23,113.8936996459961,113.8936996459961,113.8936996459961,113.8936996459961,113.8936996459961,0
2022-06-24,116.14209747314453,116.14209747314453,116.14209747314453,116.14209747314453,116.14209747314453,0
2022-06-27,117.17019653320312,117.17019653320312,117.17019653320312,117.17019653320312,117.17019653320312,0
2022-06-28,118.63880157470703,118.63880157470703,118.63880157470703,118.63880157470703,118.63880157470703,0
2022-06-29,118.818603515625,118.818603515625,118.818603515625,118.818603515625,118.818603515625,0
2022-06-30,117.716796875,117.716796875,117.716796875,117.716796875,117.716796875,0
2022-07-01,117.82379913330078,117.82379913330078,117.82379913330078,117.82379913330078,117.82379913330078,0
2022-07-04,117.6229019165039,117.6229019165039,117.6229019165039,117.6229019165039,117.6229019165039,0
2022-07-05,117.19889831542969,117.19889831542969,117.19889831542969,117.19889831542969,117.19889831542969,0
2022-07-06,120.22679901123047,120.22679901123047,120.22679901123047,120.22679901123047,120.22679901123047,0
2022-07-07,121.84739685058594,121.84739685058594,121.84739685058594,121.84739685058594,121.84739685058594,0
2022-07-08,121.95269775390625,121.95269775390625,121.95269775390625,121.95269775390625,121.95269775390625,0
2022-07-11,123.23500061035156,123.23500061035156,123.23500061035156,123.23500061035156,123.23500061035156,0
2022-07-12,121.78070068359375,121.78070068359375,121.78070068359375,121.78070068359375,121.78070068359375,0
2022-07-13,121.69969940185547,121.69969940185547,121.69969940185547,121.69969940185547,121.69969940185547,0
2022-07-14,122.18949890136719,122.18949890136719,122.18949890136719,122.18949890136719,122.18949890136719,0
2022-07-15,124.65609741210938,124.65609741210938,124.65609741210938,124.65609741210938,124.65609741210938,0
2022-07-18,125.12449645996094,125.12449645996094,125.12449645996094,125.12449645996094,125.12449645996094,0
2022-07-19,126.42780303955078,126.42780303955078,126.42780303955078,126.42780303955078,126.42780303955078,0
2022-07-20,126.154296875,126.154296875,126.154296875,126.154296875,126.154296875,0
2022-07-21,126.8551025390625,126.8551025390625,126.8551025390625,126.8551025390625,126.8551025390625,0
2022-07-22,127.38569641113281,127.38569641113281,127.38569641113281,127.38569641113281,127.38569641113281,0
2022-07-25,125.27320098876953,125.27320098876953,125.27320098876953,125.27320098876953,125.27320098876953,0
2022-07-26,123.79789733886719,123.79789733886719,123.79789733886719,123.79789733886719,123.79789733886719,0
2022-07-27,124.39820098876953,124.39820098876953,124.39820098876953,124.39820098876953,124.39820098876953,0
2022-07-28,124.97059631347656,124.97059631347656,124.97059631347656,124.97059631347656,124.97059631347656,0
2022-07-29,126.56919860839844,126.56919860839844,126.56919860839844,126.56919860839844,126.56919860839844,0
2022-08-01,130.67739868164062,130.67739868164062,130.67739868164062,130.67739868164062,130.67739868164062,0
2022-08-02,131.37930297851562,131.37930297851562,131.37930297851562,131.37930297851562,131.37930297851562,0
2022-08-03,130.50050354003906,130.50050354003906,130.50050354003906,130.50050354003906,130.50050354003906,0
2022-08-04,130.7637939453125,130.7637939453125,130.7637939453125,130.7637939453125,130.7637939453125,0
2022-08-05,129.34410095214844,129.34410095214844,129.34410095214844,129.34410095214844,129.34410095214844,0
2022-08-08,130.58230590820312,130.58230590820312,130.58230590820312,130.58230590820312,130.58230590820312,0
2022-08-10,130.8177032470703,130.8177032470703,130.8177032470703,130.8177032470703,130.8177032470703,0
2022-08-11,130.5413055419922,130.5413055419922,130.5413055419922,130.5413055419922,130.5413055419922,0
2022-08-12,130.60499572753906,130.60499572753906,130.60499572753906,130.60499572753906,130.60499572753906,0
2022-08-16,133.87730407714844,133.87730407714844,133.87730407714844,133.87730407714844,133.87730407714844,0
2022-08-17,133.31680297851562,133.31680297851562,133.31680297851562,133.31680297851562,133.31680297851562,0
2022-08-18,132.69070434570312,132.69070434570312,132.69070434570312,132.69070434570312,132.69070434570312,0
2022-08-19,130.82809448242188,130.82809448242188,130.82809448242188,130.82809448242188,130.82809448242188,0
2022-08-22,128.30360412597656,128.30360412597656,128.30360412597656,128.30360412597656,128.30360412597656,0
2022-08-23,130.6168975830078,130.6168975830078,130.6168975830078,130.6168975830078,130.6168975830078,0
2022-08-24,130.4918975830078,130.4918975830078,130.4918975830078,130.4918975830078,130.4918975830078,0
2022-08-25,130.13429260253906,130.13429260253906,130.13429260253906,130.13429260253906,130.13429260253906,0
2022-08-26,130.64930725097656,130.64930725097656,130.64930725097656,130.64930725097656,130.64930725097656,0
2022-08-29,130.21719360351562,130.21719360351562,130.21719360351562,130.21719360351562,130.21719360351562,0
2022-08-30,133.54660034179688,133.54660034179688,133.54660034179688,133.54660034179688,133.54660034179688,0
2022-09-01,134.03640747070312,134.03640747070312,134.03640747070312,134.03640747070312,134.03640747070312,0
2022-09-02,133.57760620117188,133.57760620117188,133.57760620117188,133.57760620117188,133.57760620117188,0
2022-09-05,133.8314971923828,133.8314971923828,133.8314971923828,133.8314971923828,133.8314971923828,0
2022-09-06,133.62139892578125,133.62139892578125,133.62139892578125,133.62139892578125,133.62139892578125,0
2022-09-07,132.08489990234375,132.08489990234375,132.08489990234375,132.08489990234375,132.08489990234375,0
2022-09-08,132.87660217285156,132.87660217285156,132.87660217285156,132.87660217285156,132.87660217285156,0
2022-09-09,133.5625,133.5625,133.5625,133.5625,133.5625,0
2022-09-12,133.92739868164062,133.92739868164062,133.92739868164062,133.92739868164062,133.92739868164062,0
2022-09-13,134.00759887695312,134.00759887695312,134.00759887695312,134.00759887695312,134.00759887695312,0
2022-09-14,133.58529663085938,133.58529663085938,133.58529663085938,133.58529663085938,133.58529663085938,0
2022-09-15,134.52310180664062,134.52310180664062,134.52310180664062,134.52310180664062,134.52310180664062,0
2022-09-16,130.88949584960938,130.88949584960938,130.88949584960938,130.88949584960938,130.88949584960938,0
2022-09-19,132.09100341796875,132.09100341796875,132.09100341796875,132.09100341796875,132.09100341796875,0
2022-09-20,134.27760314941406,134.27760314941406,134.27760314941406,134.27760314941406,134.27760314941406,0
2022-09-21,133.5937042236328,133.5937042236328,133.5937042236328,133.5937042236328,133.5937042236328,0
2022-09-22,134.5720977783203,134.5720977783203,134.5720977783203,134.5720977783203,134.5720977783203,0
2022-09-23,132.28469848632812,132.28469848632812,132.28469848632812,132.28469848632812,132.28469848632812,0
2022-09-26,127.260498046875,127.260498046875,127.260498046875,127.260498046875,127.260498046875,0
2022-09-27,126.61039733886719,126.61039733886719,126.61039733886719,126.61039733886719,126.61039733886719,0
2022-09-28,126.68599700927734,126.68599700927734,126.68599700927734,126.68599700927734,126.68599700927734,0
2022-09-29,126.27300262451172,126.27300262451172,126.27300262451172,126.27300262451172,126.27300262451172,0
2022-09-30,128.30419921875,128.30419921875,128.30419921875,128.30419921875,128.30419921875,0
2022-10-03,125.7041015625,125.7041015625,125.7041015625,125.7041015625,125.7041015625,0
2022-10-04,128.21339416503906,128.21339416503906,128.21339416503906,128.21339416503906,128.21339416503906,0
2022-10-06,129.15789794921875,129.15789794921875,129.15789794921875,129.15789794921875,129.15789794921875,0
2022-10-07,128.92979431152344,128.92979431152344,128.92979431152344,128.92979431152344,128.92979431152344,0
2022-10-10,128.23980712890625,128.23980712890625,128.23980712890625,128.23980712890625,128.23980712890625,0
2022-10-11,126.16829681396484,126.16829681396484,126.16829681396484,126.16829681396484,126.16829681396484,0
2022-10-12,127.2771987915039,127.2771987915039,127.2771987915039,127.2771987915039,127.2771987915039,0
2022-10-13,126.91799926757812,126.91799926757812,126.91799926757812,126.91799926757812,126.91799926757812,0
2022-10-14,126.0647964477539,126.0647964477539,126.0647964477539,126.0647964477539,126.0647964477539,0
2022-10-17,126.91300201416016,126.91300201416016,126.91300201416016,126.91300201416016,126.91300201416016,0
2022-10-18,128.62869262695312,128.62869262695312,128.62869262695312,128.62869262695312,128.62869262695312,0
2022-10-19,128.5106964111328,128.5106964111328,128.5106964111328,128.5106964111328,128.5106964111328,0
2022-10-20,128.59609985351562,128.59609985351562,128.59609985351562,128.59609985351562,128.59609985351562,0
2022-10-21,128.2528076171875,128.2528076171875,128.2528076171875,128.2528076171875,128.2528076171875,0
2022-10-25,130.8441925048828,130.8441925048828,130.8441925048828,130.8441925048828,130.8441925048828,0
2022-10-27,131.11129760742188,131.11129760742188,131.11129760742188,131.11129760742188,131.11129760742188,0
2022-10-28,133.2449951171875,133.2449951171875,133.2449951171875,133.2449951171875,133.2449951171875,0
2022-10-31,135.16720581054688,135.16720581054688,135.16720581054688,135.16720581054688,135.16720581054688,0
2022-11-01,135.5222930908203,135.5222930908203,135.5222930908203,135.5222930908203,135.5222930908203,0
2022-11-02,134.5261993408203,134.5261993408203,134.5261993408203,134.5261993408203,134.5261993408203,0
2022-11-03,133.96499633789062,133.96499633789062,133.96499633789062,133.96499633789062,133.96499633789062,0
2022-11-04,134.05520629882812,134.05520629882812,134.05520629882812,134.05520629882812,134.05520629882812,0
2022-11-07,135.79029846191406,135.79029846191406,135.79029846191406,135.79029846191406,135.79029846191406,0
2022-11-09,134.7550048828125,134.7550048828125,134.7550048828125,134.7550048828125,134.7550048828125,0
2022-11-10,132.1248016357422,132.1248016357422,132.1248016357422,132.1248016357422,132.1248016357422,0
2022-11-11,131.72219848632812,131.72219848632812,131.72219848632812,131.72219848632812,131.72219848632812,0
2022-11-14,132.02769470214844,132.02769470214844,132.02769470214844,132.02769470214844,132.02769470214844,0
2022-11-15,132.87600708007812,132.87600708007812,132.87600708007812,132.87600708007812,132.87600708007812,0
2022-11-16,132.375,132.375,132.375,132.375,132.375,0
2022-11-17,130.572998046875,130.572998046875,130.572998046875,130.572998046875,130.572998046875,0
2022-11-18,129.0334930419922,129.0334930419922,129.0334930419922,129.0334930419922,129.0334930419922,0
2022-11-21,128.2440948486328,128.2440948486328,128.2440948486328,128.2440948486328,128.2440948486328,0
2022-11-22,128.74180603027344,128.74180603027344,128.74180603027344,128.74180603027344,128.74180603027344,0
2022-11-23,129.0366973876953,129.0366973876953,129.0366973876953,129.0366973876953,129.0366973876953,0
2022-11-24,129.7584991455078,129.7584991455078,129.7584991455078,129.7584991455078,129.7584991455078,0
2022-11-25,130.89210510253906,130.89210510253906,130.89210510253906,130.89210510253906,130.89210510253906,0
2022-11-28,131.68040466308594,131.68040466308594,131.68040466308594,131.68040466308594,131.68040466308594,0
2022-11-29,131.389892578125,131.389892578125,131.389892578125,131.389892578125,131.389892578125,0
2022-11-30,133.6508026123047,133.6508026123047,133.6508026123047,133.6508026123047,133.6508026123047,0
2022-12-01,133.24530029296875,133.24530029296875,133.24530029296875,133.24530029296875,133.24530029296875,0
2022-12-02,131.77780151367188,131.77780151367188,131.77780151367188,131.77780151367188,131.77780151367188,0
2022-12-05,131.38470458984375,131.38470458984375,131.38470458984375,131.38470458984375,131.38470458984375,0
2022-12-06,131.04449462890625,131.04449462890625,131.04449462890625,131.04449462890625,131.04449462890625,0
2022-12-07,130.0034942626953,130.0034942626953,130.0034942626953,130.0034942626953,130.0034942626953,0
2022-12-08,130.38209533691406,130.38209533691406,130.38209533691406,130.38209533691406,130.38209533691406,0
2022-12-09,129.9904022216797,129.9904022216797,129.9904022216797,129.9904022216797,129.9904022216797,0
2022-12-12,130.03829956054688,130.03829956054688,130.03829956054688,130.03829956054688,130.03829956054688,0
2022-12-13,130.60989379882812,130.60989379882812,130.60989379882812,130.60989379882812,130.60989379882812,0
2022-12-14,131.34609985351562,131.34609985351562,131.34609985351562,131.34609985351562,131.34609985351562,0
2022-12-15,130.4261932373047,130.4261932373047,130.4261932373047,130.4261932373047,130.4261932373047,0
2022-12-16,129.0364990234375,129.0364990234375,129.0364990234375,129.0364990234375,129.0364990234375,0
2022-12-19,131.0883026123047,131.0883026123047,131.0883026123047,131.0883026123047,131.0883026123047,0
2022-12-20,130.08470153808594,130.08470153808594,130.08470153808594,130.08470153808594,130.08470153808594,0
2022-12-21,128.22860717773438,128.22860717773438,128.22860717773438,128.22860717773438,128.22860717773438,0
2022-12-22,126.80719757080078,126.80719757080078,126.80719757080078,126.80719757080078,126.80719757080078,0
2022-12-23,123.59200286865234,123.59200286865234,123.59200286865234,123.59200286865234,123.59200286865234,0
2022-12-26,125.40160369873047,125.40160369873047,125.40160369873047,125.40160369873047,125.40160369873047,0
2022-12-27,126.4834976196289,126.4834976196289,126.4834976196289,126.4834976196289,126.4834976196289,0
2022-12-28,127.31759643554688,127.31759643554688,127.31759643554688,127.31759643554688,127.31759643554688,0
2022-12-29,127.60690307617188,127.60690307617188,127.60690307617188,127.60690307617188,127.60690307617188,0
2022-12-30,127.3750991821289,127.3750991821289,127.3750991821289,127.3750991821289,127.3750991821289,0
2023-01-02,127.93789672851562,127.93789672851562,127.93789672851562,127.93789672851562,127.93789672851562,0
2023-01-03,127.4030990600586,127.4030990600586,127.4030990600586,127.4030990600586,127.4030990600586,0
2023-01-04,126.36710357666016,126.36710357666016,126.36710357666016,126.36710357666016,126.36710357666016,0
2023-01-05,127.82350158691406,127.82350158691406,127.82350158691406,127.82350158691406,127.82350158691406,0
2023-01-06,127.53179931640625,127.53179931640625,127.53179931640625,127.53179931640625,127.53179931640625,0
2023-01-09,129.09410095214844,129.09410095214844,129.09410095214844,129.09410095214844,129.09410095214844,0
2023-01-10,129.45700073242188,129.45700073242188,129.45700073242188,129.45700073242188,129.45700073242188,0
2023-01-11,128.79100036621094,128.79100036621094,128.79100036621094,128.79100036621094,128.79100036621094,0
2023-01-12,128.95489501953125,128.95489501953125,128.95489501953125,128.95489501953125,128.95489501953125,0
2023-01-13,129.58920288085938,129.58920288085938,129.58920288085938,129.58920288085938,129.58920288085938,0
2023-01-16,128.7445068359375,128.7445068359375,128.7445068359375,128.7445068359375,128.7445068359375,0
2023-01-17,129.47999572753906,129.47999572753906,129.47999572753906,129.47999572753906,129.47999572753906,0
2023-01-18,129.43670654296875,129.43670654296875,129.43670654296875,129.43670654296875,129.43670654296875,0
2023-01-19,128.88560485839844,128.88560485839844,128.88560485839844,128.88560485839844,128.88560485839844,0
2023-01-20,128.16659545898438,128.16659545898438,128.16659545898438,128.16659545898438,128.16659545898438,0
2023-01-23,129.2259063720703,129.2259063720703,129.2259063720703,129.2259063720703,129.2259063720703,0
2023-01-24,130.8759002685547,130.8759002685547,130.8759002685547,130.8759002685547,130.8759002685547,0
2023-01-25,130.83810424804688,130.83810424804688,130.83810424804688,130.83810424804688,130.83810424804688,0
2023-01-27,132.17269897460938,132.17269897460938,132.17269897460938,132.17269897460938,132.17269897460938,0
2023-01-30,132.0406036376953,132.0406036376953,132.0406036376953,132.0406036376953,132.0406036376953,0
2023-01-31,134.52999877929688,134.52999877929688,134.52999877929688,134.52999877929688,134.52999877929688,0
2023-02-01,133.34950256347656,133.34950256347656,133.34950256347656,133.34950256347656,133.34950256347656,0
2023-02-02,133.43809509277344,133.43809509277344,133.43809509277344,133.43809509277344,133.43809509277344,0
2023-02-03,135.09719848632812,135.09719848632812,135.09719848632812,135.09719848632812,135.09719848632812,0
2023-02-06,134.92300415039062,134.92300415039062,134.92300415039062,134.92300415039062,134.92300415039062,0
2023-02-07,133.56930541992188,133.56930541992188,133.56930541992188,133.56930541992188,133.56930541992188,0
2023-02-08,133.88450622558594,133.88450622558594,133.88450622558594,133.88450622558594,133.88450622558594,0
2023-02-09,133.1822052001953,133.1822052001953,133.1822052001953,133.1822052001953,133.1822052001953,0
2023-02-10,133.6571044921875,133.6571044921875,133.6571044921875,133.6571044921875,133.6571044921875,0
2023-02-13,132.8406982421875,132.8406982421875,132.8406982421875,132.8406982421875,132.8406982421875,0
2023-02-14,132.3574981689453,132.3574981689453,132.3574981689453,132.3574981689453,132.3574981689453,0
2023-02-15,133.6591033935547,133.6591033935547,133.6591033935547,133.6591033935547,133.6591033935547,0
2023-02-16,133.3643035888672,133.3643035888672,133.3643035888672,133.3643035888672,133.3643035888672,0
2023-02-17,132.70530700683594,132.70530700683594,132.70530700683594,132.70530700683594,132.70530700683594,0
2023-02-20,133.07940673828125,133.07940673828125,133.07940673828125,133.07940673828125,133.07940673828125,0
2023-02-21,132.79049682617188,132.79049682617188,132.79049682617188,132.79049682617188,132.79049682617188,0
2023-02-22,131.22610473632812,131.22610473632812,131.22610473632812,131.22610473632812,131.22610473632812,0
2023-02-23,131.15199279785156,131.15199279785156,131.15199279785156,131.15199279785156,131.15199279785156,0
2023-02-24,130.01109313964844,130.01109313964844,130.01109313964844,130.01109313964844,130.01109313964844,0
2023-02-27,128.05670166015625,128.05670166015625,128.05670166015625,128.05670166015625,128.05670166015625,0
2023-02-28,128.62510681152344,128.62510681152344,128.62510681152344,128.62510681152344,128.62510681152344,0
2023-03-01,129.80819702148438,129.80819702148438,129.80819702148438,129.80819702148438,129.80819702148438,0
2023-03-02,128.69439697265625,128.69439697265625,128.69439697265625,128.69439697265625,128.69439697265625,0
2023-03-03,129.17970275878906,129.17970275878906,129.17970275878906,129.17970275878906,129.17970275878906,0
2023-03-06,130.41140747070312,130.41140747070312,130.41140747070312,130.41140747070312,130.41140747070312,0
2023-03-08,131.51780700683594,131.51780700683594,131.51780700683594,131.51780700683594,131.51780700683594,0
2023-03-09,129.1165008544922,129.1165008544922,129.1165008544922,129.1165008544922,129.1165008544922,0
2023-03-10,128.71640014648438,128.71640014648438,128.71640014648438,128.71640014648438,128.71640014648438,0
2023-03-13,125.83660125732422,125.83660125732422,125.83660125732422,125.83660125732422,125.83660125732422,0
2023-03-14,124.72339630126953,124.72339630126953,124.72339630126953,124.72339630126953,124.72339630126953,0
2023-03-15,124.08290100097656,124.08290100097656,124.08290100097656,124.08290100097656,124.08290100097656,0
2023-03-16,124.31300354003906,124.31300354003906,124.31300354003906,124.31300354003906,124.31300354003906,0
2023-03-17,123.71800231933594,123.71800231933594,123.71800231933594,123.71800231933594,123.71800231933594,0
2023-03-20,122.56559753417969,122.56559753417969,122.56559753417969,122.56559753417969,122.56559753417969,0
2023-03-21,122.66850280761719,122.66850280761719,122.66850280761719,122.66850280761719,122.66850280761719,0
2023-03-22,123.26619720458984,123.26619720458984,123.26619720458984,123.26619720458984,123.26619720458984,0
2023-03-23,123.30919647216797,123.30919647216797,123.30919647216797,123.30919647216797,123.30919647216797,0
2023-03-24,122.37870025634766,122.37870025634766,122.37870025634766,122.37870025634766,122.37870025634766,0
2023-03-27,121.58779907226562,121.58779907226562,121.58779907226562,121.58779907226562,121.58779907226562,0
2023-03-28,120.40779876708984,120.40779876708984,120.40779876708984,120.40779876708984,120.40779876708984,0
2023-03-29,122.45159912109375,122.45159912109375,122.45159912109375,122.45159912109375,122.45159912109375,0
2023-03-31,123.68489837646484,123.68489837646484,123.68489837646484,123.68489837646484,123.68489837646484,0
2023-04-03,125.52020263671875,125.52020263671875,125.52020263671875,125.52020263671875,125.52020263671875,0
2023-04-05,124.83039855957031,124.83039855957031,124.83039855957031,124.83039855957031,124.83039855957031,0
2023-04-06,125.95719909667969,125.95719909667969,125.95719909667969,125.95719909667969,125.95719909667969,0
2023-04-10,127.44229888916016,127.44229888916016,127.44229888916016,127.44229888916016,127.44229888916016,0
2023-04-11,128.70559692382812,128.70559692382812,128.70559692382812,128.70559692382812,128.70559692382812,0
2023-04-12,129.9174041748047,129.9174041748047,129.9174041748047,129.9174041748047,129.9174041748047,0
2023-04-13,130.4864044189453,130.4864044189453,130.4864044189453,130.4864044189453,130.4864044189453,0
2023-04-17,131.26539611816406,131.26539611816406,131.26539611816406,131.26539611816406,131.26539611816406,0
2023-04-18,131.35519409179688,131.35519409179688,131.35519409179688,131.35519409179688,131.35519409179688,0
2023-04-19,131.32879638671875,131.32879638671875,131.32879638671875,131.32879638671875,131.32879638671875,0
2023-04-20,131.6291046142578,131.6291046142578,131.6291046142578,131.6291046142578,131.6291046142578,0
2023-04-21,130.27980041503906,130.27980041503906,130.27980041503906,130.27980041503906,130.27980041503906,0
2023-04-24,130.22329711914062,130.22329711914062,130.22329711914062,130.22329711914062,130.22329711914062,0
2023-04-25,130.3350067138672,130.3350067138672,130.3350067138672,130.3350067138672,130.3350067138672,0
2023-04-26,131.02279663085938,131.02279663085938,131.02279663085938,131.02279663085938,131.02279663085938,0
2023-04-27,132.0216064453125,132.0216064453125,132.0216064453125,132.0216064453125,132.0216064453125,0
2023-04-28,133.20640563964844,133.20640563964844,133.20640563964844,133.20640563964844,133.20640563964844,0
2023-05-02,134.14979553222656,134.14979553222656,134.14979553222656,134.14979553222656,134.14979553222656,0
2023-05-03,134.106201171875,134.106201171875,134.106201171875,134.106201171875,134.106201171875,0
2023-05-04,134.24740600585938,134.24740600585938,134.24740600585938,134.24740600585938,134.24740600585938,0
2023-05-05,134.78529357910156,134.78529357910156,134.78529357910156,134.78529357910156,134.78529357910156,0
2023-05-08,137.18890380859375,137.18890380859375,137.18890380859375,137.18890380859375,137.18890380859375,0
2023-05-09,137.83619689941406,137.83619689941406,137.83619689941406,137.83619689941406,137.83619689941406,0
2023-05-10,138.86790466308594,138.86790466308594,138.86790466308594,138.86790466308594,138.86790466308594,0
2023-05-11,139.4008026123047,139.4008026123047,139.4008026123047,139.4008026123047,139.4008026123047,0
2023-05-12,140.47860717773438,140.47860717773438,140.47860717773438,140.47860717773438,140.47860717773438,0
2023-05-15,141.45860290527344,141.45860290527344,141.45860290527344,141.45860290527344,141.45860290527344,0
2023-05-16,140.14419555664062,140.14419555664062,140.14419555664062,140.14419555664062,140.14419555664062,0
2023-05-17,140.26690673828125,140.26690673828125,140.26690673828125,140.26690673828125,140.26690673828125,0
2023-05-18,139.0325927734375,139.0325927734375,139.0325927734375,139.0325927734375,139.0325927734375,0
2023-05-19,139.99940490722656,139.99940490722656,139.99940490722656,139.99940490722656,139.99940490722656,0
2023-05-22,140.26820373535156,140.26820373535156,140.26820373535156,140.26820373535156,140.26820373535156,0
2023-05-23,141.1959991455078,141.1959991455078,141.1959991455078,141.1959991455078,141.1959991455078,0
2023-05-24,141.2666015625,141.2666015625,141.2666015625,141.2666015625,141.2666015625,0
2023-05-25,141.66799926757812,141.66799926757812,141.66799926757812,141.66799926757812,141.66799926757812,0
2023-05-26,142.6865997314453,142.6865997314453,142.6865997314453,142.6865997314453,142.6865997314453,0
2023-05-29,143.5854034423828,143.5854034423828,143.5854034423828,143.5854034423828,143.5854034423828,0
2023-05-30,143.16259765625,143.16259765625,143.16259765625,143.16259765625,143.16259765625,0
2023-05-31,143.375,143.375,143.375,143.375,143.375,0
2023-06-01,143.9597930908203,143.9597930908203,143.9597930908203,143.9597930908203,143.9597930908203,0
2023-06-02,145.28579711914062,145.28579711914062,145.28579711914062,145.28579711914062,145.28579711914062,0
2023-06-05,147.11639404296875,147.11639404296875,147.11639404296875,147.11639404296875,147.11639404296875,0
2023-06-06,148.72279357910156,148.72279357910156,148.72279357910156,148.72279357910156,148.72279357910156,0
2023-06-07,149.62950134277344,149.62950134277344,149.62950134277344,149.62950134277344,149.62950134277344,0
2023-06-08,148.3426055908203,148.3426055908203,148.3426055908203,148.3426055908203,148.3426055908203,0
2023-06-09,147.67649841308594,147.67649841308594,147.67649841308594,147.67649841308594,147.67649841308594,0
2023-06-12,148.15640258789062,148.15640258789062,148.15640258789062,148.15640258789062,148.15640258789062,0
2023-06-13,147.99879455566406,147.99879455566406,147.99879455566406,147.99879455566406,147.99879455566406,0
2023-06-14,148.24440002441406,148.24440002441406,148.24440002441406,148.24440002441406,148.24440002441406,0
2023-06-15,148.49729919433594,148.49729919433594,148.49729919433594,148.49729919433594,148.49729919433594,0
2023-06-16,149.10830688476562,149.10830688476562,149.10830688476562,149.10830688476562,149.10830688476562,0
2023-06-19,148.17959594726562,148.17959594726562,148.17959594726562,148.17959594726562,148.17959594726562,0
2023-06-20,149.277099609375,149.277099609375,149.277099609375,149.277099609375,149.277099609375,0
2023-06-21,149.19619750976562,149.19619750976562,149.19619750976562,149.19619750976562,149.19619750976562,0
2023-06-22,148.43240356445312,148.43240356445312,148.43240356445312,148.43240356445312,148.43240356445312,0
2023-06-23,146.89950561523438,146.89950561523438,146.89950561523438,146.89950561523438,146.89950561523438,0
2023-06-26,148.5894012451172,148.5894012451172,148.5894012451172,148.5894012451172,148.5894012451172,0
2023-06-27,148.70989990234375,148.70989990234375,148.70989990234375,148.70989990234375,148.70989990234375,0
2023-06-28,149.82069396972656,149.82069396972656,149.82069396972656,149.82069396972656,149.82069396972656,0
2023-06-30,152.92140197753906,152.92140197753906,152.92140197753906,152.92140197753906,152.92140197753906,0
2023-07-03,152.50860595703125,152.50860595703125,152.50860595703125,152.50860595703125,152.50860595703125,0
2023-07-04,151.785400390625,151.785400390625,151.785400390625,151.785400390625,151.785400390625,0
2023-07-05,154.26759338378906,154.26759338378906,154.26759338378906,154.26759338378906,154.26759338378906,0
2023-07-06,155.9951934814453,155.9951934814453,155.9951934814453,155.9951934814453,155.9951934814453,0
2023-07-07,156.55859375,156.55859375,156.55859375,156.55859375,156.55859375,0
2023-07-10,155.59390258789062,155.59390258789062,155.59390258789062,155.59390258789062,155.59390258789062,0
2023-07-11,157.7550048828125,157.7550048828125,157.7550048828125,157.7550048828125,157.7550048828125,0
2023-07-12,157.72799682617188,157.72799682617188,157.72799682617188,157.72799682617188,157.72799682617188,0
2023-07-13,156.76930236816406,156.76930236816406,156.76930236816406,156.76930236816406,156.76930236816406,0
2023-07-14,157.6988983154297,157.6988983154297,157.6988983154297,157.6988983154297,157.6988983154297,0
2023-07-17,157.2001953125,157.2001953125,157.2001953125,157.2001953125,157.2001953125,0
2023-07-18,157.06900024414062,157.06900024414062,157.06900024414062,157.06900024414062,157.06900024414062,0
2023-07-19,157.06089782714844,157.06089782714844,157.06089782714844,157.06089782714844,157.06089782714844,0
2023-07-20,157.7095947265625,157.7095947265625,157.7095947265625,157.7095947265625,157.7095947265625,0
2023-07-21,157.84280395507812,157.84280395507812,157.84280395507812,157.84280395507812,157.84280395507812,0
2023-07-24,158.1136016845703,158.1136016845703,158.1136016845703,158.1136016845703,158.1136016845703,0
2023-07-25,159.6020965576172,159.6020965576172,159.6020965576172,159.6020965576172,159.6020965576172,0
2023-07-26,159.58059692382812,159.58059692382812,159.58059692382812,159.58059692382812,159.58059692382812,0
2023-07-27,157.75340270996094,157.75340270996094,157.75340270996094,157.75340270996094,157.75340270996094,0
2023-07-28,157.485595703125,157.485595703125,157.485595703125,157.485595703125,157.485595703125,0
2023-07-31,159.1945037841797,159.1945037841797,159.1945037841797,159.1945037841797,159.1945037841797,0
2023-08-01,158.99879455566406,158.99879455566406,158.99879455566406,158.99879455566406,158.99879455566406,0
2023-08-02,156.3831024169922,156.3831024169922,156.3831024169922,156.3831024169922,156.3831024169922,0
2023-08-03,156.14309692382812,156.14309692382812,156.14309692382812,156.14309692382812,156.14309692382812,0
2023-08-04,155.62399291992188,155.62399291992188,155.62399291992188,155.62399291992188,155.62399291992188,0
2023-08-07,156.25120544433594,156.25120544433594,156.25120544433594,156.25120544433594,156.25120544433594,0
2023-08-08,155.77609252929688,155.77609252929688,155.77609252929688,155.77609252929688,155.77609252929688,0
2023-08-09,157.2100067138672,157.2100067138672,157.2100067138672,157.2100067138672,157.2100067138672,0
2023-08-10,156.79249572753906,156.79249572753906,156.79249572753906,156.79249572753906,156.79249572753906,0
2023-08-11,156.1602020263672,156.1602020263672,156.1602020263672,156.1602020263672,156.1602020263672,0
2023-08-14,155.7570037841797,155.7570037841797,155.7570037841797,155.7570037841797,155.7570037841797,0
2023-08-16,156.73660278320312,156.73660278320312,156.73660278320312,156.73660278320312,156.73660278320312,0
2023-08-17,156.4770050048828,156.4770050048828,156.4770050048828,156.4770050048828,156.4770050048828,0
2023-08-18,156.398193359375,156.398193359375,156.398193359375,156.398193359375,156.398193359375,0
2023-08-21,156.75929260253906,156.75929260253906,156.75929260253906,156.75929260253906,156.75929260253906,0
2023-08-22,157.57150268554688,157.57150268554688,157.57150268554688,157.57150268554688,157.57150268554688,0
2023-08-23,157.47149658203125,157.47149658203125,157.47149658203125,157.47149658203125,157.47149658203125,0
2023-08-24,157.0771942138672,157.0771942138672,157.0771942138672,157.0771942138672,157.0771942138672,0
2023-08-25,156.1072998046875,156.1072998046875,156.1072998046875,156.1072998046875,156.1072998046875,0
2023-08-28,157.23550415039062,157.23550415039062,157.23550415039062,157.23550415039062,157.23550415039062,0
2023-08-29,158.28399658203125,158.28399658203125,158.28399658203125,158.28399658203125,158.28399658203125,0
2023-08-30,159.28829956054688,159.28829956054688,159.28829956054688,159.28829956054688,159.28829956054688,0
2023-08-31,159.20770263671875,159.20770263671875,159.20770263671875,159.20770263671875,159.20770263671875,0
2023-09-01,161.8199005126953,161.8199005126953,161.8199005126953,161.8199005126953,161.8199005126953,0
2023-09-04,161.97239685058594,161.97239685058594,161.97239685058594,161.97239685058594,161.97239685058594,0
2023-09-05,161.96299743652344,161.96299743652344,161.96299743652344,161.96299743652344,161.96299743652344,0
2023-09-06,161.7447052001953,161.7447052001953,161.7447052001953,161.7447052001953,161.7447052001953,0
2023-09-07,162.49899291992188,162.49899291992188,162.49899291992188,162.49899291992188,162.49899291992188,0
2023-09-08,163.5825958251953,163.5825958251953,163.5825958251953,163.5825958251953,163.5825958251953,0
2023-09-11,166.33580017089844,166.33580017089844,166.33580017089844,166.33580017089844,166.33580017089844,0
2023-09-12,163.24609375,163.24609375,163.24609375,163.24609375,163.24609375,0
2023-09-13,162.4947967529297,162.4947967529297,162.4947967529297,162.4947967529297,162.4947967529297,0
2023-09-14,164.25390625,164.25390625,164.25390625,164.25390625,164.25390625,0
2023-09-15,166.84739685058594,166.84739685058594,166.84739685058594,166.84739685058594,166.84739685058594,0
2023-09-18,168.24319458007812,168.24319458007812,168.24319458007812,168.24319458007812,168.24319458007812,0
2023-09-20,167.38909912109375,167.38909912109375,167.38909912109375,167.38909912109375,167.38909912109375,0
2023-09-21,164.5592041015625,164.5592041015625,164.5592041015625,164.5592041015625,164.5592041015625,0
2023-09-22,164.90220642089844,164.90220642089844,164.90220642089844,164.90220642089844,164.90220642089844,0
2023-09-25,164.7696990966797,164.7696990966797,164.7696990966797,164.7696990966797,164.7696990966797,0
2023-09-26,165.34339904785156,165.34339904785156,165.34339904785156,165.34339904785156,165.34339904785156,0
2023-09-27,165.3946990966797,165.3946990966797,165.3946990966797,165.3946990966797,165.3946990966797,0
2023-09-28,163.45599365234375,163.45599365234375,163.45599365234375,163.45599365234375,163.45599365234375,0
2023-09-29,164.389404296875,164.389404296875,164.389404296875,164.389404296875,164.389404296875,0
2023-10-03,162.42050170898438,162.42050170898438,162.42050170898438,162.42050170898438,162.42050170898438,0
2023-10-04,160.3101043701172,160.3101043701172,160.3101043701172,160.3101043701172,160.3101043701172,0
2023-10-05,161.6634063720703,161.6634063720703,161.6634063720703,161.6634063720703,161.6634063720703,0
2023-10-06,162.41859436035156,162.41859436035156,162.41859436035156,162.41859436035156,162.41859436035156,0
2023-10-09,160.81570434570312,160.81570434570312,160.81570434570312,160.81570434570312,160.81570434570312,0
2023-10-10,162.80149841308594,162.80149841308594,162.80149841308594,162.80149841308594,162.80149841308594,0
2023-10-11,164.29229736328125,164.29229736328125,164.29229736328125,164.29229736328125,164.29229736328125,0
2023-10-12,165.5684051513672,165.5684051513672,165.5684051513672,165.5684051513672,165.5684051513672,0
2023-10-13,167.02040100097656,167.02040100097656,167.02040100097656,167.02040100097656,167.02040100097656,0
2023-10-16,167.7720947265625,167.7720947265625,167.7720947265625,167.7720947265625,167.7720947265625,0
2023-10-17,167.80540466308594,167.80540466308594,167.80540466308594,167.80540466308594,167.80540466308594,0
2023-10-18,167.93319702148438,167.93319702148438,167.93319702148438,167.93319702148438,167.93319702148438,0
2023-10-19,168.76980590820312,168.76980590820312,168.76980590820312,168.76980590820312,168.76980590820312,0
2023-10-20,167.55020141601562,167.55020141601562,167.55020141601562,167.55020141601562,167.55020141601562,0
2023-10-23,165.3159942626953,165.3159942626953,165.3159942626953,165.3159942626953,165.3159942626953,0
2023-10-25,164.6309051513672,164.6309051513672,164.6309051513672,164.6309051513672,164.6309051513672,0
2023-10-26,162.01930236816406,162.01930236816406,162.01930236816406,162.01930236816406,162.01930236816406,0
2023-10-27,164.21009826660156,164.21009826660156,164.21009826660156,164.21009826660156,164.21009826660156,0
2023-10-30,162.72979736328125,162.72979736328125,162.72979736328125,162.72979736328125,162.72979736328125,0
2023-10-31,161.648193359375,161.648193359375,161.648193359375,161.648193359375,161.648193359375,0
2023-11-01,160.8302001953125,160.8302001953125,160.8302001953125,160.8302001953125,160.8302001953125,0
2023-11-02,161.9752960205078,161.9752960205078,161.9752960205078,161.9752960205078,161.9752960205078,0
2023-11-03,162.95579528808594,162.95579528808594,162.95579528808594,162.95579528808594,162.95579528808594,0
2023-11-06,164.2451934814453,164.2451934814453,164.2451934814453,164.2451934814453,164.2451934814453,0
2023-11-07,163.95010375976562,163.95010375976562,163.95010375976562,163.95010375976562,163.95010375976562,0
2023-11-08,164.73089599609375,164.73089599609375,164.73089599609375,164.73089599609375,164.73089599609375,0
2023-11-09,166.0937042236328,166.0937042236328,166.0937042236328,166.0937042236328,166.0937042236328,0
2023-11-10,165.3972930908203,165.3972930908203,165.3972930908203,165.3972930908203,165.3972930908203,0
2023-11-13,166.1916046142578,166.1916046142578,166.1916046142578,166.1916046142578,166.1916046142578,0
2023-11-15,169.06219482421875,169.06219482421875,169.06219482421875,169.06219482421875,169.06219482421875,0
2023-11-16,170.48500061035156,170.48500061035156,170.48500061035156,170.48500061035156,170.48500061035156,0
2023-11-17,171.66659545898438,171.66659545898438,171.66659545898438,171.66659545898438,171.66659545898438,0
2023-11-20,170.3634033203125,170.3634033203125,170.3634033203125,170.3634033203125,170.3634033203125,0
2023-11-21,171.20249938964844,171.20249938964844,171.20249938964844,171.20249938964844,171.20249938964844,0
2023-11-22,172.33839416503906,172.33839416503906,172.33839416503906,172.33839416503906,172.33839416503906,0
2023-11-23,172.95950317382812,172.95950317382812,172.95950317382812,172.95950317382812,172.95950317382812,0
2023-11-24,173.02769470214844,173.02769470214844,173.02769470214844,173.02769470214844,173.02769470214844,0
2023-11-28,174.6710968017578,174.6710968017578,174.6710968017578,174.6710968017578,174.6710968017578,0
2023-11-29,177.50660705566406,177.50660705566406,177.50660705566406,177.50660705566406,177.50660705566406,0
2023-11-30,178.2095947265625,178.2095947265625,178.2095947265625,178.2095947265625,178.2095947265625,0
2023-12-01,177.57159423828125,177.57159423828125,177.57159423828125,177.57159423828125,177.57159423828125,0
2023-12-04,179.57940673828125,179.57940673828125,179.57940673828125,179.57940673828125,179.57940673828125,0
2023-12-05,180.64169311523438,180.64169311523438,180.64169311523438,180.64169311523438,180.64169311523438,0
2023-12-06,180.6029052734375,180.6029052734375,180.6029052734375,180.6029052734375,180.6029052734375,0
2023-12-07,181.40260314941406,181.40260314941406,181.40260314941406,181.40260314941406,181.40260314941406,0
2023-12-08,180.4049072265625,180.4049072265625,180.4049072265625,180.4049072265625,180.4049072265625,0
2023-12-11,181.24639892578125,181.24639892578125,181.24639892578125,181.24639892578125,181.24639892578125,0
2023-12-12,179.9691925048828,179.9691925048828,179.9691925048828,179.9691925048828,179.9691925048828,0
2023-12-13,181.9095001220703,181.9095001220703,181.9095001220703,181.9095001220703,181.9095001220703,0
2023-12-14,183.19850158691406,183.19850158691406,183.19850158691406,183.19850158691406,183.19850158691406,0
2023-12-15,183.12789916992188,183.12789916992188,183.12789916992188,183.12789916992188,183.12789916992188,0
2023-12-18,183.42930603027344,183.42930603027344,183.42930603027344,183.42930603027344,183.42930603027344,0
2023-12-19,182.05369567871094,182.05369567871094,182.05369567871094,182.05369567871094,182.05369567871094,0
2023-12-20,177.90249633789062,177.90249633789062,177.90249633789062,177.90249633789062,177.90249633789062,0
2023-12-21,178.04710388183594,178.04710388183594,178.04710388183594,178.04710388183594,178.04710388183594,0
2023-12-22,180.49070739746094,180.49070739746094,180.49070739746094,180.49070739746094,180.49070739746094,0
2023-12-26,182.25929260253906,182.25929260253906,182.25929260253906,182.25929260253906,182.25929260253906,0
2023-12-27,185.00990295410156,185.00990295410156,185.00990295410156,185.00990295410156,185.00990295410156,0
2023-12-28,186.87069702148438,186.87069702148438,186.87069702148438,186.87069702148438,186.87069702148438,0
2023-12-29,188.99630737304688,188.99630737304688,188.99630737304688,188.99630737304688,188.99630737304688,0
2024-01-01,188.75100708007812,188.75100708007812,188.75100708007812,188.75100708007812,188.75100708007812,0
2024-01-02,186.16419982910156,186.16419982910156,186.16419982910156,186.16419982910156,186.16419982910156,0
2024-01-03,185.94180297851562,185.94180297851562,185.94180297851562,185.94180297851562,185.94180297851562,0
2024-01-04,186.03469848632812,186.03469848632812,186.03469848632812,186.03469848632812,186.03469848632812,0
2024-01-05,186.8470001220703,186.8470001220703,186.8470001220703,186.8470001220703,186.8470001220703,0
2024-01-08,186.26800537109375,186.26800537109375,186.26800537109375,186.26800537109375,186.26800537109375,0
2024-01-09,187.9871063232422,187.9871063232422,187.9871063232422,187.9871063232422,187.9871063232422,0
2024-01-10,188.3845977783203,188.3845977783203,188.3845977783203,188.3845977783203,188.3845977783203,0
2024-01-11,190.3717041015625,190.3717041015625,190.3717041015625,190.3717041015625,190.3717041015625,0
2024-01-12,189.96580505371094,189.96580505371094,189.96580505371094,189.96580505371094,189.96580505371094,0
2024-01-15,190.4705047607422,190.4705047607422,190.4705047607422,190.4705047607422,190.4705047607422,0
2024-01-16,189.93679809570312,189.93679809570312,189.93679809570312,189.93679809570312,189.93679809570312,0
2024-01-17,187.2427978515625,187.2427978515625,187.2427978515625,187.2427978515625,187.2427978515625,0
2024-01-18,187.73910522460938,187.73910522460938,187.73910522460938,187.73910522460938,187.73910522460938,0
2024-01-19,189.7501983642578,189.7501983642578,189.7501983642578,189.7501983642578,189.7501983642578,0
2024-01-23,186.36219787597656,186.36219787597656,186.36219787597656,186.36219787597656,186.36219787597656,0
2024-01-24,188.72149658203125,188.72149658203125,188.72149658203125,188.72149658203125,188.72149658203125,0
2024-01-25,188.93519592285156,188.93519592285156,188.93519592285156,188.93519592285156,188.93519592285156,0
2024-01-29,192.09970092773438,192.09970092773438,192.09970092773438,192.09970092773438,192.09970092773438,0
2024-01-30,191.60189819335938,191.60189819335938,191.60189819335938,191.60189819335938,191.60189819335938,0
2024-01-31,195.13870239257812,195.13870239257812,195.13870239257812,195.13870239257812,195.13870239257812,0
2024-02-01,196.16799926757812,196.16799926757812,196.16799926757812,196.16799926757812,196.16799926757812,0
2024-02-02,196.69859313964844,196.69859313964844,196.69859313964844,196.69859313964844,196.69859313964844,0
2024-02-05,199.0904998779297,199.0904998779297,199.0904998779297,199.0904998779297,199.0904998779297,0
2024-02-06,202.01649475097656,202.01649475097656,202.01649475097656,202.01649475097656,202.01649475097656,0
2024-02-07,202.014404296875,202.014404296875,202.014404296875,202.014404296875,202.014404296875,0
2024-02-08,199.43409729003906,199.43409729003906,199.43409729003906,199.43409729003906,199.43409729003906,0
2024-02-09,198.68760681152344,198.68760681152344,198.68760681152344,198.68760681152344,198.68760681152344,0
2024-02-12,197.09860229492188,197.09860229492188,197.09860229492188,197.09860229492188,197.09860229492188,0
2024-02-13,197.2386932373047,197.2386932373047,197.2386932373047,197.2386932373047,197.2386932373047,0
2024-02-14,200.10780334472656,200.10780334472656,200.10780334472656,200.10780334472656,200.10780334472656,0
2024-02-15,202.80169677734375,202.80169677734375,202.80169677734375,202.80169677734375,202.80169677734375,0
2024-02-16,207.2812957763672,207.2812957763672,207.2812957763672,207.2812957763672,207.2812957763672,0
2024-02-19,207.86810302734375,207.86810302734375,207.86810302734375,207.86810302734375,207.86810302734375,0
2024-02-20,206.57530212402344,206.57530212402344,206.57530212402344,206.57530212402344,206.57530212402344,0
2024-02-21,205.54359436035156,205.54359436035156,205.54359436035156,205.54359436035156,205.54359436035156,0
2024-02-22,208.908203125,208.908203125,208.908203125,208.908203125,208.908203125,0
2024-02-23,209.32839965820312,209.32839965820312,209.32839965820312,209.32839965820312,209.32839965820312,0
2024-02-26,209.53829956054688,209.53829956054688,209.53829956054688,209.53829956054688,209.53829956054688,0
2024-02-27,211.01780700683594,211.01780700683594,211.01780700683594,211.01780700683594,211.01780700683594,0
2024-02-28,206.80059814453125,206.80059814453125,206.80059814453125,206.80059814453125,206.80059814453125,0
2024-02-29,207.20509338378906,207.20509338378906,207.20509338378906,207.20509338378906,207.20509338378906,0
2024-03-01,211.86329650878906,211.86329650878906,211.86329650878906,211.86329650878906,211.86329650878906,0
2024-03-04,211.53860473632812,211.53860473632812,211.53860473632812,211.53860473632812,211.53860473632812,0
2024-03-05,214.38670349121094,214.38670349121094,214.38670349121094,214.38670349121094,214.38670349121094,0
2024-03-06,214.99600219726562,214.99600219726562,214.99600219726562,214.99600219726562,214.99600219726562,0
2024-03-07,214.44259643554688,214.44259643554688,214.44259643554688,214.44259643554688,214.44259643554688,0
2024-03-11,213.16380310058594,213.16380310058594,213.16380310058594,213.16380310058594,213.16380310058594,0
2024-03-12,212.4597930908203,212.4597930908203,212.4597930908203,212.4597930908203,212.4597930908203,0
2024-03-13,206.43930053710938,206.43930053710938,206.43930053710938,206.43930053710938,206.43930053710938,0
2024-03-14,208.22349548339844,208.22349548339844,208.22349548339844,208.22349548339844,208.22349548339844,0
2024-03-15,204.9573974609375,204.9573974609375,204.9573974609375,204.9573974609375,204.9573974609375,0
2024-03-18,207.5345001220703,207.5345001220703,207.5345001220703,207.5345001220703,207.5345001220703,0
2024-03-19,206.63720703125,206.63720703125,206.63720703125,206.63720703125,206.63720703125,0
2024-03-20,207.16639709472656,207.16639709472656,207.16639709472656,207.16639709472656,207.16639709472656,0
2024-03-21,210.1446990966797,210.1446990966797,210.1446990966797,210.1446990966797,210.1446990966797,0
2024-03-22,213.65989685058594,213.65989685058594,213.65989685058594,213.65989685058594,213.65989685058594,0
2024-03-26,213.5915069580078,213.5915069580078,213.5915069580078,213.5915069580078,213.5915069580078,0
2024-03-27,214.6376953125,214.6376953125,214.6376953125,214.6376953125,214.6376953125,0
2024-03-28,217.39419555664062,217.39419555664062,217.39419555664062,217.39419555664062,217.39419555664062,0
2024-04-01,217.0469970703125,217.0469970703125,217.0469970703125,217.0469970703125,217.0469970703125,0
2024-04-02,219.36839294433594,219.36839294433594,219.36839294433594,219.36839294433594,219.36839294433594,0
2024-04-03,218.7700958251953,218.7700958251953,218.7700958251953,218.7700958251953,218.7700958251953,0
2024-04-04,219.7469024658203,219.7469024658203,219.7469024658203,219.7469024658203,219.7469024658203,0
2024-04-05,219.22959899902344,219.22959899902344,219.22959899902344,219.22959899902344,219.22959899902344,0
2024-04-08,223.96299743652344,223.96299743652344,223.96299743652344,223.96299743652344,223.96299743652344,0
2024-04-09,223.2642059326172,223.2642059326172,223.2642059326172,223.2642059326172,223.2642059326172,0
2024-04-10,223.11920166015625,223.11920166015625,223.11920166015625,223.11920166015625,223.11920166015625,0
2024-04-12,221.76170349121094,221.76170349121094,221.76170349121094,221.76170349121094,221.76170349121094,0
2024-04-15,220.02670288085938,220.02670288085938,220.02670288085938,220.02670288085938,220.02670288085938,0
2024-04-16,220.25579833984375,220.25579833984375,220.25579833984375,220.25579833984375,220.25579833984375,0
2024-04-18,218.40699768066406,218.40699768066406,218.40699768066406,218.40699768066406,218.40699768066406,0
2024-04-19,219.30760192871094,219.30760192871094,219.30760192871094,219.30760192871094,219.30760192871094,0
2024-04-22,221.36099243164062,221.36099243164062,221.36099243164062,221.36099243164062,221.36099243164062,0
2024-04-23,222.38980102539062,222.38980102539062,222.38980102539062,222.38980102539062,222.38980102539062,0
2024-04-24,222.21270751953125,222.21270751953125,222.21270751953125,222.21270751953125,222.21270751953125,0
2024-04-25,225.0198974609375,225.0198974609375,225.0198974609375,225.0198974609375,225.0198974609375,0
2024-04-26,224.3845977783203,224.3845977783203,224.3845977783203,224.3845977783203,224.3845977783203,0
2024-04-29,224.04849243164062,224.04849243164062,224.04849243164062,224.04849243164062,224.04849243164062,0
2024-04-30,228.11239624023438,228.11239624023438,228.11239624023438,228.11239624023438,228.11239624023438,0
2024-05-02,230.67979431152344,230.67979431152344,230.67979431152344,230.67979431152344,230.67979431152344,0
2024-05-03,228.73109436035156,228.73109436035156,228.73109436035156,228.73109436035156,228.73109436035156,0
2024-05-06,228.5778045654297,228.5778045654297,228.5778045654297,228.5778045654297,228.5778045654297,0
2024-05-07,224.39540100097656,224.39540100097656,224.39540100097656,224.39540100097656,224.39540100097656,0
2024-05-08,227.8867950439453,227.8867950439453,227.8867950439453,227.8867950439453,227.8867950439453,0
2024-05-09,229.6558074951172,229.6558074951172,229.6558074951172,229.6558074951172,229.6558074951172,0
2024-05-10,231.81939697265625,231.81939697265625,231.81939697265625,231.81939697265625,231.81939697265625,0
2024-05-13,227.92039489746094,227.92039489746094,227.92039489746094,227.92039489746094,227.92039489746094,0
2024-05-14,232.0959014892578,232.0959014892578,232.0959014892578,232.0959014892578,232.0959014892578,0
2024-05-15,230.92970275878906,230.92970275878906,230.92970275878906,230.92970275878906,230.92970275878906,0
2024-05-16,232.21519470214844,232.21519470214844,232.21519470214844,232.21519470214844,232.21519470214844,0
2024-05-17,236.25559997558594,236.25559997558594,236.25559997558594,236.25559997558594,236.25559997558594,0
2024-05-21,236.9405059814453,236.9405059814453,236.9405059814453,236.9405059814453,236.9405059814453,0
2024-05-22,236.6387939453125,236.6387939453125,236.6387939453125,236.6387939453125,236.6387939453125,0
2024-05-23,241.960205078125,241.960205078125,241.960205078125,241.960205078125,241.960205078125,0
2024-05-24,242.38600158691406,242.38600158691406,242.38600158691406,242.38600158691406,242.38600158691406,0
2024-05-27,242.23629760742188,242.23629760742188,242.23629760742188,242.23629760742188,242.23629760742188,0
2024-05-28,241.5966033935547,241.5966033935547,241.5966033935547,241.5966033935547,241.5966033935547,0
2024-05-29,241.02490234375,241.02490234375,241.02490234375,241.02490234375,241.02490234375,0
2024-05-30,238.1157989501953,238.1157989501953,238.1157989501953,238.1157989501953,238.1157989501953,0
2024-05-31,237.5937957763672,237.5937957763672,237.5937957763672,237.5937957763672,237.5937957763672,0
2024-06-03,243.3990020751953,243.3990020751953,243.3990020751953,243.3990020751953,243.3990020751953,0
2024-06-04,235.2978057861328,235.2978057861328,235.2978057861328,235.2978057861328,235.2978057861328,0
2024-06-05,246.34649658203125,246.34649658203125,246.34649658203125,246.34649658203125,246.34649658203125,0
2024-06-06,247.4886016845703,247.4886016845703,247.4886016845703,247.4886016845703,247.4886016845703,0
2024-06-07,253.8065948486328,253.8065948486328,253.8065948486328,253.8065948486328,253.8065948486328,0
2024-06-10,253.82699584960938,253.82699584960938,253.82699584960938,253.82699584960938,253.82699584960938,0
2024-06-11,256.2257080078125,256.2257080078125,256.2257080078125,256.2257080078125,256.2257080078125,0
2024-06-12,256.0906066894531,256.0906066894531,256.0906066894531,256.0906066894531,256.0906066894531,0
2024-06-13,257.8721923828125,257.8721923828125,257.8721923828125,257.8721923828125,257.8721923828125,0
2024-06-14,261.400390625,261.400390625,261.400390625,261.400390625,261.400390625,0
2024-06-18,261.3276062011719,261.3276062011719,261.3276062011719,261.3276062011719,261.3276062011719,0
2024-06-19,257.9444885253906,257.9444885253906,257.9444885253906,257.9444885253906,257.9444885253906,0
2024-06-20,256.78759765625,256.78759765625,256.78759765625,256.78759765625,256.78759765625,0
2024-06-21,255.00779724121094,255.00779724121094,255.00779724121094,255.00779724121094,255.00779724121094,0
2024-06-24,257.20941162109375,257.20941162109375,257.20941162109375,257.20941162109375,257.20941162109375,0
2024-06-25,256.6051025390625,256.6051025390625,256.6051025390625,256.6051025390625,256.6051025390625,0
2024-06-26,254.26040649414062,254.26040649414062,254.26040649414062,254.26040649414062,254.26040649414062,0
2024-06-27,256.00469970703125,256.00469970703125,256.00469970703125,256.00469970703125,256.00469970703125,0
2024-06-28,256.0968017578125,256.0968017578125,256.0968017578125,256.0968017578125,256.0968017578125,0
2024-07-01,257.3434143066406,257.3434143066406,257.3434143066406,257.3434143066406,257.3434143066406,0
2024-07-02,255.3824005126953,255.3824005126953,255.3824005126953,255.3824005126953,255.3824005126953,0
2024-07-03,255.908203125,255.908203125,255.908203125,255.908203125,255.908203125,0
2024-07-04,257.77130126953125,257.77130126953125,257.77130126953125,257.77130126953125,257.77130126953125,0
2024-07-05,258.6167907714844,258.6167907714844,258.6167907714844,258.6167907714844,258.6167907714844,0
2024-07-08,257.2130126953125,257.2130126953125,257.2130126953125,257.2130126953125,257.2130126953125,0
2024-07-09,262.927490234375,262.927490234375,262.927490234375,262.927490234375,262.927490234375,0
2024-07-10,257.6398010253906,257.6398010253906,257.6398010253906,257.6398010253906,257.6398010253906,0
2024-07-11,257.1763916015625,257.1763916015625,257.1763916015625,257.1763916015625,257.1763916015625,0
2024-07-12,256.03961181640625,256.03961181640625,256.03961181640625,256.03961181640625,256.03961181640625,0
2024-07-15,258.8197937011719,258.8197937011719,258.8197937011719,258.8197937011719,258.8197937011719,0
2024-07-16,259.4591064453125,259.4591064453125,259.4591064453125,259.4591064453125,259.4591064453125,0
2024-07-18,260.408203125,260.408203125,260.408203125,260.408203125,260.408203125,0
2024-07-19,254.21170043945312,254.21170043945312,254.21170043945312,254.21170043945312,254.21170043945312,0
2024-07-22,257.1438903808594,257.1438903808594,257.1438903808594,257.1438903808594,257.1438903808594,0
2024-07-23,257.8620910644531,257.8620910644531,257.8620910644531,257.8620910644531,257.8620910644531,0
2024-07-24,257.7312927246094,257.7312927246094,257.7312927246094,257.7312927246094,257.7312927246094,0
2024-07-25,260.9700012207031,260.9700012207031,260.9700012207031,260.9700012207031,260.9700012207031,0
2024-07-26,267.29669189453125,267.29669189453125,267.29669189453125,267.29669189453125,267.29669189453125,0
2024-07-29,269.07720947265625,269.07720947265625,269.07720947265625,269.07720947265625,269.07720947265625,0
2024-07-30,270.6429138183594,270.6429138183594,270.6429138183594,270.6429138183594,270.6429138183594,0
2024-07-31,271.7002868652344,271.7002868652344,271.7002868652344,271.7002868652344,271.7002868652344,0
2024-08-01,269.802001953125,269.802001953125,269.802001953125,269.802001953125,269.802001953125,0
2024-08-02,262.3081970214844,262.3081970214844,262.3081970214844,262.3081970214844,262.3081970214844,0
2024-08-05,252.07440185546875,252.07440185546875,252.07440185546875,252.07440185546875,252.07440185546875,0
2024-08-06,250.1811981201172,250.1811981201172,250.1811981201172,250.1811981201172,250.1811981201172,0
2024-08-07,254.5679931640625,254.5679931640625,254.5679931640625,254.5679931640625,254.5679931640625,0
2024-08-08,254.3583984375,254.3583984375,254.3583984375,254.3583984375,254.3583984375,0
2024-08-09,258.71630859375,258.71630859375,258.71630859375,258.71630859375,258.71630859375,0
2024-08-12,258.0242919921875,258.0242919921875,258.0242919921875,258.0242919921875,258.0242919921875,0
2024-08-13,256.0223083496094,256.0223083496094,256.0223083496094,256.0223083496094,256.0223083496094,0
2024-08-14,256.18560791015625,256.18560791015625,256.18560791015625,256.18560791015625,256.18560791015625,0
2024-08-16,261.2992858886719,261.2992858886719,261.2992858886719,261.2992858886719,261.2992858886719,0
2024-08-19,258.9754943847656,258.9754943847656,258.9754943847656,258.9754943847656,258.9754943847656,0
2024-08-20,260.3132019042969,260.3132019042969,260.3132019042969,260.3132019042969,260.3132019042969,0
2024-08-21,261.19158935546875,261.19158935546875,261.19158935546875,261.19158935546875,261.19158935546875,0
2024-08-22,260.9551086425781,260.9551086425781,260.9551086425781,260.9551086425781,260.9551086425781,0
2024-08-23,263.868896484375,263.868896484375,263.868896484375,263.868896484375,263.868896484375,0
2024-08-26,264.7857971191406,264.7857971191406,264.7857971191406,264.7857971191406,264.7857971191406,0
2024-08-27,264.4844055175781,264.4844055175781,264.4844055175781,264.4844055175781,264.4844055175781,0
2024-08-28,264.1531982421875,264.1531982421875,264.1531982421875,264.1531982421875,264.1531982421875,0
2024-08-29,265.5743103027344,265.5743103027344,265.5743103027344,265.5743103027344,265.5743103027344,0
2024-08-30,267.119384765625,267.119384765625,267.119384765625,267.119384765625,267.119384765625,0
2024-09-02,266.0819091796875,266.0819091796875,266.0819091796875,266.0819091796875,266.0819091796875,0
2024-09-03,265.7060852050781,265.7060852050781,265.7060852050781,265.7060852050781,265.7060852050781,0
2024-09-04,264.68170166015625,264.68170166015625,264.68170166015625,264.68170166015625,264.68170166015625,0
2024-09-05,263.6716003417969,263.6716003417969,263.6716003417969,263.6716003417969,263.6716003417969,0
2024-09-06,260.5309143066406,260.5309143066406,260.5309143066406,260.5309143066406,260.5309143066406,0
2024-09-09,260.2008972167969,260.2008972167969,260.2008972167969,260.2008972167969,260.2008972167969,0
2024-09-10,260.8236999511719,260.8236999511719,260.8236999511719,260.8236999511719,260.8236999511719,0
2024-09-11,257.60089111328125,257.60089111328125,257.60089111328125,257.60089111328125,257.60089111328125,0
2024-09-12,263.0985107421875,263.0985107421875,263.0985107421875,263.0985107421875,263.0985107421875,0
2024-09-13,263.5155944824219,263.5155944824219,263.5155944824219,263.5155944824219,263.5155944824219,0
2024-09-16,263.6011047363281,263.6011047363281,263.6011047363281,263.6011047363281,263.6011047363281,0
2024-09-17,264.2803039550781,264.2803039550781,264.2803039550781,264.2803039550781,264.2803039550781,0
2024-09-18,263.34100341796875,263.34100341796875,263.34100341796875,263.34100341796875,263.34100341796875,0
2024-09-19,264.39208984375,264.39208984375,264.39208984375,264.39208984375,264.39208984375,0
2024-09-20,269.3554992675781,269.3554992675781,269.3554992675781,269.3554992675781,269.3554992675781,0
2024-09-23,273.5408935546875,273.5408935546875,273.5408935546875,273.5408935546875,273.5408935546875,0
2024-09-24,274.71240234375,274.71240234375,274.71240234375,274.71240234375,274.71240234375,0
2024-09-25,274.3836975097656,274.3836975097656,274.3836975097656,274.3836975097656,274.3836975097656,0
2024-09-26,280.58209228515625,280.58209228515625,280.58209228515625,280.58209228515625,280.58209228515625,0
2024-09-27,281.73980712890625,281.73980712890625,281.73980712890625,281.73980712890625,281.73980712890625,0
2024-09-30,275.784912109375,275.784912109375,275.784912109375,275.784912109375,275.784912109375,0
2024-10-01,276.3564147949219,276.3564147949219,276.3564147949219,276.3564147949219,276.3564147949219,0
2024-10-03,268.3861999511719,268.3861999511719,268.3861999511719,268.3861999511719,268.3861999511719,0
2024-10-04,264.5533142089844,264.5533142089844,264.5533142089844,264.5533142089844,264.5533142089844,0
2024-10-07,263.3362121582031,263.3362121582031,263.3362121582031,263.3362121582031,263.3362121582031,0
2024-10-08,267.7091979980469,267.7091979980469,267.7091979980469,267.7091979980469,267.7091979980469,0
2024-10-09,269.8918151855469,269.8918151855469,269.8918151855469,269.8918151855469,269.8918151855469,0
2024-10-10,270.68798828125,270.68798828125,270.68798828125,270.68798828125,270.68798828125,0
2024-10-11,269.7493896484375,269.7493896484375,269.7493896484375,269.7493896484375,269.7493896484375,0
2024-10-14,270.0194091796875,270.0194091796875,270.0194091796875,270.0194091796875,270.0194091796875,0
2024-10-15,267.76519775390625,267.76519775390625,267.76519775390625,267.76519775390625,267.76519775390625,0
2024-10-16,264.3620910644531,264.3620910644531,264.3620910644531,264.3620910644531,264.3620910644531,0
2024-10-17,254.9958953857422,254.9958953857422,254.9958953857422,254.9958953857422,254.9958953857422,0
2024-10-18,256.58221435546875,256.58221435546875,256.58221435546875,256.58221435546875,256.58221435546875,0
2024-10-21,257.64898681640625,257.64898681640625,257.64898681640625,257.64898681640625,257.64898681640625,0
2024-10-22,251.2781982421875,251.2781982421875,251.2781982421875,251.2781982421875,251.2781982421875,0
2024-10-23,249.4833984375,249.4833984375,249.4833984375,249.4833984375,249.4833984375,0
2024-10-24,248.1925048828125,248.1925048828125,248.1925048828125,248.1925048828125,248.1925048828125,0
2024-10-25,242.8325958251953,242.8325958251953,242.8325958251953,242.8325958251953,242.8325958251953,0
2024-10-28,244.51280212402344,244.51280212402344,244.51280212402344,244.51280212402344,244.51280212402344,0
2024-10-29,240.6790008544922,240.6790008544922,240.6790008544922,240.6790008544922,240.6790008544922,0
2024-10-30,240.73280334472656,240.73280334472656,240.73280334472656,240.73280334472656,240.73280334472656,0
2024-10-31,239.92770385742188,239.92770385742188,239.92770385742188,239.92770385742188,239.92770385742188,0
2024-11-04,240.52000427246094,240.52000427246094,240.52000427246094,240.52000427246094,240.52000427246094,0
2024-11-05,243.23699951171875,243.23699951171875,243.23699951171875,243.23699951171875,243.23699951171875,0
2024-11-06,246.27769470214844,246.27769470214844,246.27769470214844,246.27769470214844,246.27769470214844,0
2024-11-07,242.95640563964844,242.95640563964844,242.95640563964844,242.95640563964844,242.95640563964844,0
2024-11-08,242.88180541992188,242.88180541992188,242.88180541992188,242.88180541992188,242.88180541992188,0
2024-11-11,242.1024932861328,242.1024932861328,242.1024932861328,242.1024932861328,242.1024932861328,0
2024-11-12,237.4044952392578,237.4044952392578,237.4044952392578,237.4044952392578,237.4044952392578,0
2024-11-13,232.26429748535156,232.26429748535156,232.26429748535156,232.26429748535156,232.26429748535156,0
2024-11-14,233.7866973876953,233.7866973876953,233.7866973876953,233.7866973876953,233.7866973876953,0
2024-11-18,235.09979248046875,235.09979248046875,235.09979248046875,235.09979248046875,235.09979248046875,0
2024-11-19,238.37950134277344,238.37950134277344,238.37950134277344,238.37950134277344,238.37950134277344,0
2024-11-21,236.19810485839844,236.19810485839844,236.19810485839844,236.19810485839844,236.19810485839844,0
2024-11-22,240.35870361328125,240.35870361328125,240.35870361328125,240.35870361328125,240.35870361328125,0
2024-11-25,242.01080322265625,242.01080322265625,242.01080322265625,242.01080322265625,242.01080322265625,0
2024-11-26,238.91470336914062,238.91470336914062,238.91470336914062,238.91470336914062,238.91470336914062,0
2024-11-27,239.9770050048828,239.9770050048828,239.9770050048828,239.9770050048828,239.9770050048828,0
2024-11-28,236.07350158691406,236.07350158691406,236.07350158691406,236.07350158691406,236.07350158691406,0
2024-11-29,238.456298828125,238.456298828125,238.456298828125,238.456298828125,238.456298828125,0
2024-12-02,240.80810546875,240.80810546875,240.80810546875,240.80810546875,240.80810546875,0
2024-12-03,242.36419677734375,242.36419677734375,242.36419677734375,242.36419677734375,242.36419677734375,0
2024-12-04,240.6446990966797,240.6446990966797,240.6446990966797,240.6446990966797,240.6446990966797,0
2024-12-05,242.19439697265625,242.19439697265625,242.19439697265625,242.19439697265625,242.19439697265625,0
2024-12-06,244.4783935546875,244.4783935546875,244.4783935546875,244.4783935546875,244.4783935546875,0
2024-12-09,242.58360290527344,242.58360290527344,242.58360290527344,242.58360290527344,242.58360290527344,0
2024-12-10,242.49949645996094,242.49949645996094,242.49949645996094,242.49949645996094,242.49949645996094,0
2024-12-11,243.36390686035156,243.36390686035156,243.36390686035156,243.36390686035156,243.36390686035156,0
2024-12-12,241.4093017578125,241.4093017578125,241.4093017578125,241.4093017578125,241.4093017578125,0
2024-12-13,242.5576934814453,242.5576934814453,242.5576934814453,242.5576934814453,242.5576934814453,0
2024-12-16,242.73159790039062,242.73159790039062,242.73159790039062,242.73159790039062,242.73159790039062,0
2024-12-17,238.92919921875,238.92919921875,238.92919921875,238.92919921875,238.92919921875,0
2024-12-18,237.1280059814453,237.1280059814453,237.1280059814453,237.1280059814453,237.1280059814453,0
2024-12-19,235.3896026611328,235.3896026611328,235.3896026611328,235.3896026611328,235.3896026611328,0
2024-12-20,230.38160705566406,230.38160705566406,230.38160705566406,230.38160705566406,230.38160705566406,0
2024-12-23,230.1490020751953,230.1490020751953,230.1490020751953,230.1490020751953,230.1490020751953,0
2024-12-24,231.44970703125,231.44970703125,231.44970703125,231.44970703125,231.44970703125,0
2024-12-26,233.389404296875,233.389404296875,233.389404296875,233.389404296875,233.389404296875,0
2024-12-27,235.6613006591797,235.6613006591797,235.6613006591797,235.6613006591797,235.6613006591797,0
2024-12-30,232.2812957763672,232.2812957763672,232.2812957763672,232.2812957763672,232.2812957763672,0
2024-12-31,232.95069885253906,232.95069885253906,232.95069885253906,232.95069885253906,232.95069885253906,0
2025-01-01,236.064697265625,236.064697265625,236.064697265625,236.064697265625,236.064697265625,0
2025-01-02,245.0023956298828,245.0023956298828,245.0023956298828,245.0023956298828,245.0023956298828,0
2025-01-03,244.88690185546875,244.88690185546875,244.88690185546875,244.88690185546875,244.88690185546875,0
2025-01-06,239.55149841308594,239.55149841308594,239.55149841308594,239.55149841308594,239.55149841308594,0
2025-01-07,239.54910278320312,239.54910278320312,239.54910278320312,239.54910278320312,239.54910278320312,0
2025-01-08,238.4058074951172,238.4058074951172,238.4058074951172,238.4058074951172,238.4058074951172,0
2025-01-09,237.74220275878906,237.74220275878906,237.74220275878906,237.74220275878906,237.74220275878906,0
2025-01-10,234.81019592285156,234.81019592285156,234.81019592285156,234.81019592285156,234.81019592285156,0
2025-01-13,228.3256072998047,228.3256072998047,228.3256072998047,228.3256072998047,228.3256072998047,0
2025-01-14,232.9210968017578,232.9210968017578,232.9210968017578,232.9210968017578,232.9210968017578,0
2025-01-15,231.6927947998047,231.6927947998047,231.6927947998047,231.6927947998047,231.6927947998047,0
2025-01-16,233.20579528808594,233.20579528808594,233.20579528808594,233.20579528808594,233.20579528808594,0
2025-01-17,232.48899841308594,232.48899841308594,232.48899841308594,232.48899841308594,232.48899841308594,0
2025-01-20,231.26820373535156,231.26820373535156,231.26820373535156,231.26820373535156,231.26820373535156,0
2025-01-21,227.5084991455078,227.5084991455078,227.5084991455078,227.5084991455078,227.5084991455078,0
2025-01-22,227.21299743652344,227.21299743652344,227.21299743652344,227.21299743652344,227.21299743652344,0
2025-01-23,229.70570373535156,229.70570373535156,229.70570373535156,229.70570373535156,229.70570373535156,0
2025-01-24,226.1566925048828,226.1566925048828,226.1566925048828,226.1566925048828,226.1566925048828,0
2025-01-27,224.10760498046875,224.10760498046875,224.10760498046875,224.10760498046875,224.10760498046875,0
2025-01-28,227.1011962890625,227.1011962890625,227.1011962890625,227.1011962890625,227.1011962890625,0
2025-01-29,230.38490295410156,230.38490295410156,230.38490295410156,230.38490295410156,230.38490295410156,0
2025-01-30,229.46640014648438,229.46640014648438,229.46640014648438,229.46640014648438,229.46640014648438,0
2025-01-31,233.25770568847656,233.25770568847656,233.25770568847656,233.25770568847656,233.25770568847656,0
2025-02-01,237.72239685058594,237.72239685058594,237.72239685058594,237.72239685058594,237.72239685058594,0
2025-02-03,237.94000244140625,237.94000244140625,237.94000244140625,237.94000244140625,237.94000244140625,0
2025-02-04,240.05999755859375,240.05999755859375,240.05999755859375,240.05999755859375,240.05999755859375,0
2025-02-05,239.87559509277344,239.87559509277344,239.87559509277344,239.87559509277344,239.87559509277344,0
2025-02-06,237.64849853515625,237.64849853515625,237.64849853515625,237.64849853515625,237.64849853515625,0
2025-02-07,239.2899932861328,239.2899932861328,239.2899932861328,239.2899932861328,239.2899932861328,0
2025-02-10,235.74429321289062,235.74429321289062,235.74429321289062,235.74429321289062,235.74429321289062,0
2025-02-11,230.24960327148438,230.24960327148438,230.24960327148438,230.24960327148438,230.24960327148438,0
2025-02-12,228.5529022216797,228.5529022216797,228.5529022216797,228.5529022216797,228.5529022216797,0
2025-02-13,227.90829467773438,227.90829467773438,227.90829467773438,227.90829467773438,227.90829467773438,0
2025-02-14,225.10650634765625,225.10650634765625,225.10650634765625,225.10650634765625,225.10650634765625,0
2025-02-17,223.90660095214844,223.90660095214844,223.90660095214844,223.90660095214844,223.90660095214844,0
2025-02-18,222.5655975341797,222.5655975341797,222.5655975341797,222.5655975341797,222.5655975341797,0
2025-02-19,222.46510314941406,222.46510314941406,222.46510314941406,222.46510314941406,222.46510314941406,0
2025-02-20,225.17149353027344,225.17149353027344,225.17149353027344,225.17149353027344,225.17149353027344,0
2025-02-21,219.3751983642578,219.3751983642578,219.3751983642578,219.3751983642578,219.3751983642578,0
2025-02-24,219.84629821777344,219.84629821777344,219.84629821777344,219.84629821777344,219.84629821777344,0
2025-02-25,220.9665069580078,220.9665069580078,220.9665069580078,220.9665069580078,220.9665069580078,0
2025-02-27,217.62730407714844,217.62730407714844,217.62730407714844,217.62730407714844,217.62730407714844,0
2025-02-28,209.09579467773438,209.09579467773438,209.09579467773438,209.09579467773438,209.09579467773438,0
2025-03-03,209.49569702148438,209.49569702148438,209.49569702148438,209.49569702148438,209.49569702148438,0
2025-03-04,206.7523956298828,206.7523956298828,206.7523956298828,206.7523956298828,206.7523956298828,0
2025-03-05,212.12939453125,212.12939453125,212.12939453125,212.12939453125,212.12939453125,0
2025-03-06,213.78919982910156,213.78919982910156,213.78919982910156,213.78919982910156,213.78919982910156,0
2025-03-07,214.29730224609375,214.29730224609375,214.29730224609375,214.29730224609375,214.29730224609375,0
2025-03-10,211.6750030517578,211.6750030517578,211.6750030517578,211.6750030517578,211.6750030517578,0
2025-03-11,210.95840454101562,210.95840454101562,210.95840454101562,210.95840454101562,210.95840454101562,0
2025-03-12,211.9873046875,211.9873046875,211.9873046875,211.9873046875,211.9873046875,0
2025-03-13,209.64520263671875,209.64520263671875,209.64520263671875,209.64520263671875,209.64520263671875,0
2025-03-17,211.54739379882812,211.54739379882812,211.54739379882812,211.54739379882812,211.54739379882812,0
2025-03-18,216.5803985595703,216.5803985595703,216.5803985595703,216.5803985595703,216.5803985595703,0
2025-03-19,217.44110107421875,217.44110107421875,217.44110107421875,217.44110107421875,217.44110107421875,0
2025-03-20,220.53439331054688,220.53439331054688,220.53439331054688,220.53439331054688,220.53439331054688,0
2025-03-21,221.8881072998047,221.8881072998047,221.8881072998047,221.8881072998047,221.8881072998047,0
2025-03-24,223.7469940185547,223.7469940185547,223.7469940185547,223.7469940185547,223.7469940185547,0
2025-03-25,221.69500732421875,221.69500732421875,221.69500732421875,221.69500732421875,221.69500732421875,0
2025-03-26,221.79849243164062,221.79849243164062,221.79849243164062,221.79849243164062,221.79849243164062,0
2025-03-27,219.45550537109375,219.45550537109375,219.45550537109375,219.45550537109375,219.45550537109375,0
2025-03-28,217.23280334472656,217.23280334472656,217.23280334472656,217.23280334472656,217.23280334472656,0
2025-04-01,216.61390686035156,216.61390686035156,216.61390686035156,216.61390686035156,216.61390686035156,0
2025-04-02,218.38070678710938,218.38070678710938,218.38070678710938,218.38070678710938,218.38070678710938,0
2025-04-03,215.88600158691406,215.88600158691406,215.88600158691406,215.88600158691406,215.88600158691406,0
2025-04-04,210.0666046142578,210.0666046142578,210.0666046142578,210.0666046142578,210.0666046142578,0
2025-04-07,202.1381072998047,202.1381072998047,202.1381072998047,202.1381072998047,202.1381072998047,0
2025-04-08,205.4248046875,205.4248046875,205.4248046875,205.4248046875,205.4248046875,0
2025-04-09,205.44630432128906,205.44630432128906,205.44630432128906,205.44630432128906,205.44630432128906,0
2025-04-11,209.60479736328125,209.60479736328125,209.60479736328125,209.60479736328125,209.60479736328125,0
2025-04-15,216.7093963623047,216.7093963623047,216.7093963623047,216.7093963623047,216.7093963623047,0
2025-04-16,215.7863006591797,215.7863006591797,215.7863006591797,215.7863006591797,215.7863006591797,0
2025-04-17,217.99989318847656,217.99989318847656,217.99989318847656,217.99989318847656,217.99989318847656,0
2025-04-21,222.61109924316406,222.61109924316406,222.61109924316406,222.61109924316406,222.61109924316406,0
2025-04-22,223.4019012451172,223.4019012451172,223.4019012451172,223.4019012451172,223.4019012451172,0
2025-04-23,228.70799255371094,228.70799255371094,228.70799255371094,228.70799255371094,228.70799255371094,0
2025-04-24,228.12680053710938,228.12680053710938,228.12680053710938,228.12680053710938,228.12680053710938,0
2025-04-25,224.32310485839844,224.32310485839844,224.32310485839844,224.32310485839844,224.32310485839844,0
2025-04-28,227.97250366210938,227.97250366210938,227.97250366210938,227.97250366210938,227.97250366210938,0
2025-04-29,227.42160034179688,227.42160034179688,227.42160034179688,227.42160034179688,227.42160034179688,0
2025-04-30,227.5157928466797,227.5157928466797,227.5157928466797,227.5157928466797,227.5157928466797,0
2025-05-02,227.29029846191406,227.29029846191406,227.29029846191406,227.29029846191406,227.29029846191406,0
2025-05-05,231.49270629882812,231.49270629882812,231.49270629882812,231.49270629882812,231.49270629882812,0
2025-05-06,231.88259887695312,231.88259887695312,231.88259887695312,231.88259887695312,231.88259887695312,0
2025-05-07,235.7187957763672,235.7187957763672,235.7187957763672,235.7187957763672,235.7187957763672,0
2025-05-08,231.23350524902344,231.23350524902344,231.23350524902344,231.23350524902344,231.23350524902344,0
2025-05-09,230.75929260253906,230.75929260253906,230.75929260253906,230.75929260253906,230.75929260253906,0
2025-05-12,238.6302947998047,238.6302947998047,238.6302947998047,238.6302947998047,238.6302947998047,0
2025-05-13,236.25210571289062,236.25210571289062,236.25210571289062,236.25210571289062,236.25210571289062,0
2025-05-14,238.1833038330078,238.1833038330078,238.1833038330078,238.1833038330078,238.1833038330078,0
2025-05-15,242.74819946289062,242.74819946289062,242.74819946289062,242.74819946289062,242.74819946289062,0
2025-05-16,244.25830078125,244.25830078125,244.25830078125,244.25830078125,244.25830078125,0
2025-05-19,245.26719665527344,245.26719665527344,245.26719665527344,245.26719665527344,245.26719665527344,0
2025-05-20,239.9517059326172,239.9517059326172,239.9517059326172,239.9517059326172,239.9517059326172,0
2025-05-21,241.6719970703125,241.6719970703125,241.6719970703125,241.6719970703125,241.6719970703125,0
2025-05-22,239.35350036621094,239.35350036621094,239.35350036621094,239.35350036621094,239.35350036621094,0
2025-05-23,239.91639709472656,239.91639709472656,239.91639709472656,239.91639709472656,239.91639709472656,0
2025-05-26,242.4387969970703,242.4387969970703,242.4387969970703,242.4387969970703,242.4387969970703,0
2025-05-27,240.74209594726562,240.74209594726562,240.74209594726562,240.74209594726562,240.74209594726562,0
2025-05-28,239.11070251464844,239.11070251464844,239.11070251464844,239.11070251464844,239.11070251464844,0
2025-05-29,240.31919860839844,240.31919860839844,240.31919860839844,240.31919860839844,240.31919860839844,0
2025-05-30,237.97129821777344,237.97129821777344,237.97129821777344,237.97129821777344,237.97129821777344,0
2025-06-02,237.98199462890625,237.98199462890625,237.98199462890625,237.98199462890625,237.98199462890625,0
2025-06-03,237.385498046875,237.385498046875,237.385498046875,237.385498046875,237.385498046875,0
2025-06-04,238.30560302734375,238.30560302734375,238.30560302734375,238.30560302734375,238.30560302734375,0
2025-06-05,238.03480529785156,238.03480529785156,238.03480529785156,238.03480529785156,238.03480529785156,0
2025-06-06,241.65480041503906,241.65480041503906,241.65480041503906,241.65480041503906,241.65480041503906,0
2025-06-09,242.83140563964844,242.83140563964844,242.83140563964844,242.83140563964844,242.83140563964844,0
2025-06-10,242.64540100097656,242.64540100097656,242.64540100097656,242.64540100097656,242.64540100097656,0
2025-06-11,243.11489868164062,243.11489868164062,243.11489868164062,243.11489868164062,243.11489868164062,0
2025-06-12,239.10169982910156,239.10169982910156,239.10169982910156,239.10169982910156,239.10169982910156,0
2025-06-13,238.2397003173828,238.2397003173828,238.2397003173828,238.2397003173828,238.2397003173828,0
2025-06-16,238.65240478515625,238.65240478515625,238.65240478515625,238.65240478515625,238.65240478515625,0
2025-06-17,237.21359252929688,237.21359252929688,237.21359252929688,237.21359252929688,237.21359252929688,0
2025-06-18,238.0791015625,238.0791015625,238.0791015625,238.0791015625,238.0791015625,0
2025-06-19,239.32530212402344,239.32530212402344,239.32530212402344,239.32530212402344,239.32530212402344,0
2025-06-20,241.81399536132812,241.81399536132812,241.81399536132812,241.81399536132812,241.81399536132812,0
2025-06-23,239.61109924316406,239.61109924316406,239.61109924316406,239.61109924316406,239.61109924316406,0
2025-06-24,241.00509643554688,241.00509643554688,241.00509643554688,241.00509643554688,241.00509643554688,0
2025-06-25,243.3394012451172,243.3394012451172,243.3394012451172,243.3394012451172,243.3394012451172,0
2025-06-26,244.7006072998047,244.7006072998047,244.7006072998047,244.7006072998047,244.7006072998047,0
2025-06-27,245.1696014404297,245.1696014404297,245.1696014404297,245.1696014404297,245.1696014404297,0
2025-06-30,243.7863006591797,243.7863006591797,243.7863006591797,243.7863006591797,243.7863006591797,0
2025-07-01,243.2904052734375,243.2904052734375,243.2904052734375,243.2904052734375,243.2904052734375,0
2025-07-02,244.06129455566406,244.06129455566406,244.06129455566406,244.06129455566406,244.06129455566406,0
2025-07-03,245.12969970703125,245.12969970703125,245.12969970703125,245.12969970703125,245.12969970703125,0
2025-07-04,245.3957977294922,245.3957977294922,245.3957977294922,245.3957977294922,245.3957977294922,0
2025-07-07,245.01919555664062,245.01919555664062,245.01919555664062,245.01919555664062,245.01919555664062,0
2025-07-08,244.09129333496094,244.09129333496094,244.09129333496094,244.09129333496094,244.09129333496094,0
2025-07-09,245.0211944580078,245.0211944580078,245.0211944580078,245.0211944580078,245.0211944580078,0
2025-07-10,244.7393035888672,244.7393035888672,244.7393035888672,244.7393035888672,244.7393035888672,0
2025-07-11,240.43609619140625,240.43609619140625,240.43609619140625,240.43609619140625,240.43609619140625,0
2025-07-14,241.02439880371094,241.02439880371094,241.02439880371094,241.02439880371094,241.02439880371094,0
2025-07-15,244.6204071044922,244.6204071044922,244.6204071044922,244.6204071044922,244.6204071044922,0
2025-07-16,245.69749450683594,245.69749450683594,245.69749450683594,245.69749450683594,245.69749450683594,0
2025-07-17,245.60809326171875,245.60809326171875,245.60809326171875,245.60809326171875,245.60809326171875,0
2025-07-18,244.53700256347656,244.53700256347656,244.53700256347656,244.53700256347656,244.53700256347656,0
2025-07-21,246.173095703125,246.173095703125,246.173095703125,246.173095703125,246.173095703125,0
2025-07-22,244.3470001220703,244.3470001220703,244.3470001220703,244.3470001220703,244.3470001220703,0
2025-07-23,246.41830444335938,246.41830444335938,246.41830444335938,246.41830444335938,246.41830444335938,0
2025-07-24,246.67919921875,246.67919921875,246.67919921875,246.67919921875,246.67919921875,0
2025-07-25,243.5677947998047,243.5677947998047,243.5677947998047,243.5677947998047,243.5677947998047,0
2025-07-28,242.66319274902344,242.66319274902344,242.66319274902344,242.66319274902344,242.66319274902344,0
2025-07-29,244.74920654296875,244.74920654296875,244.74920654296875,244.74920654296875,244.74920654296875,0
2025-07-30,243.29580688476562,243.29580688476562,243.29580688476562,243.29580688476562,243.29580688476562,0
2025-07-31,242.38670349121094,242.38670349121094,242.38670349121094,242.38670349121094,242.38670349121094,0
2025-08-01,240.48240661621094,240.48240661621094,240.48240661621094,240.48240661621094,240.48240661621094,0
2025-08-04,244.31500244140625,244.31500244140625,244.31500244140625,244.31500244140625,244.31500244140625,0
2025-08-05,245.21670532226562,245.21670532226562,245.21670532226562,245.21670532226562,245.21670532226562,0
2025-08-06,243.91400146484375,243.91400146484375,243.91400146484375,243.91400146484375,243.91400146484375,0
2025-08-07,244.51690673828125,244.51690673828125,244.51690673828125,244.51690673828125,244.51690673828125,0
2025-08-08,241.11349487304688,241.11349487304688,241.11349487304688,241.11349487304688,241.11349487304688,0
2025-08-11,243.65040588378906,243.65040588378906,243.65040588378906,243.65040588378906,243.65040588378906,0
2025-08-12,245.00599670410156,245.00599670410156,245.00599670410156,245.00599670410156,245.00599670410156,0
2025-08-13,247.72779846191406,247.72779846191406,247.72779846191406,247.72779846191406,247.72779846191406,0
2025-08-14,247.68690490722656,247.68690490722656,247.68690490722656,247.68690490722656,247.68690490722656,0
2025-08-18,258.0068054199219,258.0068054199219,258.0068054199219,258.0068054199219,258.0068054199219,0
2025-08-19,261.37860107421875,261.37860107421875,261.37860107421875,261.37860107421875,261.37860107421875,0
2025-08-20,261.5067138671875,261.5067138671875,261.5067138671875,261.5067138671875,261.5067138671875,0
2025-08-21,260.5664978027344,260.5664978027344,260.5664978027344,260.5664978027344,260.5664978027344,0
2025-08-22,260.0736999511719,260.0736999511719,260.0736999511719,260.0736999511719,260.0736999511719,0
2025-08-25,261.2345886230469,261.2345886230469,261.2345886230469,261.2345886230469,261.2345886230469,0
2025-08-26,260.17401123046875,260.17401123046875,260.17401123046875,260.17401123046875,260.17401123046875,0
2025-08-28,258.7712097167969,258.7712097167969,258.7712097167969,258.7712097167969,258.7712097167969,0
2025-08-29,256.4881896972656,256.4881896972656,256.4881896972656,256.4881896972656,256.4881896972656,0
2025-09-01,263.6487121582031,263.6487121582031,263.6487121582031,263.6487121582031,263.6487121582031,0
2025-09-02,262.87890625,262.87890625,262.87890625,262.87890625,262.87890625,0
2025-09-03,264.8291931152344,264.8291931152344,264.8291931152344,264.8291931152344,264.8291931152344,0
2025-09-04,267.0787048339844,267.0787048339844,267.0787048339844,267.0787048339844,267.0787048339844,0
2025-09-05,270.4198913574219,270.4198913574219,270.4198913574219,270.4198913574219,270.4198913574219,0
2025-09-08,279.8599853515625,279.8599853515625,280.489990234375,269.489990234375,269.489990234375,1209321
2025-09-09,278.94000244140625,278.94000244140625,286.8500061035156,277.0,286.8500061035156,373836
2025-09-10,276.1199951171875,276.1199951171875,287.30999755859375,275.04998779296875,281.42999267578125,308444
2025-09-11,274.3599853515625,274.3599853515625,279.8699951171875,273.0,276.0,816602
2025-09-12,276.4100036621094,276.4100036621094,277.9100036621094,267.5,267.5,266085
2025-09-15,275.4100036621094,275.4100036621094,284.3900146484375,275.0,280.0,203498
2025-09-16,278.8500061035156,278.8500061035156,279.0,274.9100036621094,275.4200134277344,191504
2025-09-17,280.7200012207031,280.7200012207031,280.94000244140625,278.8500061035156,278.8500061035156,225686
2025-09-18,281.17999267578125,281.17999267578125,283.989990234375,279.57000732421875,282.6700134277344,206192
2025-09-19,280.3500061035156,280.3500061035156,282.3800048828125,279.3399963378906,281.17999267578125,168362
2025-09-22,279.25,279.25,281.29998779296875,278.5,280.989990234375,204029
2025-09-23,280.8999938964844,280.8999938964844,284.4800109863281,280.1099853515625,281.9700012207031,634138
2025-09-24,277.5199890136719,277.5199890136719,282.1499938964844,276.8999938964844,280.9100036621094,282555
2025-09-25,274.6300048828125,274.6300048828125,278.5799865722656,274.1199951171875,277.20001220703125,221943
2025-09-26,271.75,271.75,280.0,271.0,280.0,247183
2025-09-29,271.239990234375,271.239990234375,284.3900146484375,270.8500061035156,278.5400085449219,189530
2025-09-30,273.94000244140625,273.94000244140625,280.0,270.3599853515625,271.989990234375,342403
2025-10-01,275.4100036621094,275.4100036621094,275.75,271.8599853515625,273.94000244140625,164495
2025-10-03,275.260009765625,275.260009765625,276.80999755859375,272.17999267578125,276.7799987792969,236579
2025-10-06,275.79998779296875,275.79998779296875,278.4200134277344,273.2699890136719,278.4200134277344,165282
2025-10-07,276.6499938964844,276.6499938964844,277.9700012207031,272.75,275.79998779296875,133750
2025-10-08,272.8800048828125,272.8800048828125,278.32000732421875,272.5,276.6499938964844,217927
2025-10-09,273.4200134277344,273.4200134277344,274.7300109863281,270.82000732421875,273.0,158580
2025-10-10,274.739990234375,274.739990234375,281.6199951171875,272.1700134277344,281.6199951171875,134448
2025-10-13,273.94000244140625,273.94000244140625,278.44000244140625,272.9100036621094,278.44000244140625,189686
2025-10-14,273.3500061035156,273.3500061035156,275.989990234375,271.3299865722656,273.94000244140625,257579
2025-10-15,274.510009765625,274.510009765625,275.05999755859375,273.4200134277344,274.29998779296875,229601
2025-10-16,278.2200012207031,278.2200012207031,278.9200134277344,274.6499938964844,275.0,970898
2025-10-17,279.8500061035156,279.8500061035156,280.80999755859375,277.5899963378906,278.4200134277344,771468
2025-10-20,278.8599853515625,278.8599853515625,281.8599853515625,278.5,279.8500061035156,282789
2025-10-21,279.75,279.75,281.489990234375,278.5199890136719,279.8599853515625,92887
2025-10-23,279.1700134277344,279.1700134277344,281.5,278.760009765625,281.5,274411
2025-10-27,279.7300109863281,279.7300109863281,279.95001220703125,278.25,279.0,112062
2025-10-28,278.4100036621094,278.4100036621094,282.7300109863281,277.70001220703125,282.0,184994
2025-10-29,276.4800109863281,276.4800109863281,279.1099853515625,275.8800048828125,279.1000061035156,272317
2025-10-30,275.2900085449219,275.2900085449219,277.57000732421875,274.8800048828125,276.2200012207031,195053
2025-10-31,275.75,275.75,278.260009765625,274.9200134277344,276.30999755859375,212962
2025-11-03,275.67999267578125,275.67999267578125,278.010009765625,273.8900146484375,277.1199951171875,211861
2025-11-04,273.1700134277344,273.1700134277344,275.9800109863281,273.0,275.69000244140625,149353
2025-11-06,273.0,273.0,275.8999938964844,272.489990234375,274.5299987792969,126776
2025-11-07,275.4100036621094,275.4100036621094,275.6499938964844,269.55999755859375,273.0,396081
2025-11-10,275.6199951171875,275.6199951171875,276.989990234375,274.07000732421875,276.7099914550781,119165
2025-11-11,278.42999267578125,278.42999267578125,278.70001220703125,274.54998779296875,276.989990234375,154759
2025-11-12,282.3299865722656,282.3299865722656,282.54998779296875,278.5799865722656,278.5799865722656,313965
2025-11-13,280.8599853515625,280.8599853515625,283.79998779296875,279.44000244140625,283.79998779296875,459838
2025-11-14,279.4800109863281,279.4800109863281,281.5,277.9599914550781,280.8699951171875,121974
2025-11-17,282.5199890136719,282.5199890136719,282.70001220703125,278.2200012207031,280.82000732421875,546810
2025-11-18,281.239990234375,281.239990234375,282.5199890136719,280.5,282.5199890136719,120519
2025-11-19,282.1000061035156,282.1000061035156,284.239990234375,280.1400146484375,284.239990234375,117938
2025-11-20,282.57000732421875,282.57000732421875,283.7900085449219,281.8900146484375,282.1000061035156,180443
2025-11-21,282.17999267578125,282.17999267578125,284.5,281.9200134277344,282.57000732421875,980980
2025-11-24,281.1000061035156,281.1000061035156,283.5899963378906,280.6300048828125,283.5899963378906,178047
2025-11-25,280.57000732421875,280.57000732421875,282.8999938964844,280.0,282.5,151761
2025-11-26,284.94000244140625,284.94000244140625,293.0,279.9599914550781,281.9800109863281,264287
2025-11-27,283.79998779296875,283.79998779296875,286.3599853515625,282.80999755859375,284.8999938964844,331895
2025-11-28,285.55999755859375,285.55999755859375,292.30999755859375,283.07000732421875,292.30999755859375,260025
2025-12-01,287.8599853515625,287.8599853515625,288.5,285.9700012207031,287.489990234375,448203
2025-12-02,287.010009765625,287.010009765625,288.8999938964844,286.239990234375,287.8399963378906,225291
2025-12-03,284.2699890136719,284.2699890136719,288.44000244140625,283.510009765625,288.44000244140625,914434
2025-12-04,285.1600036621094,285.1600036621094,287.2699890136719,275.739990234375,287.2699890136719,289229
2025-12-05,287.1400146484375,287.1400146484375,288.0,284.4100036621094,285.1600036621094,301347
2025-12-08,283.4200134277344,283.4200134277344,289.7099914550781,282.5,289.7099914550781,490992
2025-12-09,281.69000244140625,281.69000244140625,283.9100036621094,278.1499938964844,283.4200134277344,268849
2025-12-10,281.2900085449219,281.2900085449219,283.989990234375,280.7699890136719,282.8399963378906,185997
2025-12-11,284.42999267578125,284.42999267578125,286.79998779296875,279.75,284.1400146484375,195737
2025-12-12,286.0199890136719,286.0199890136719,291.5400085449219,283.6199951171875,291.5400085449219,171675
2025-12-15,283.3299865722656,283.3299865722656,286.0199890136719,282.54998779296875,286.0199890136719,270207
2025-12-16,282.7200012207031,282.7200012207031,284.989990234375,281.989990234375,284.739990234375,105151
2025-12-17,282.010009765625,282.010009765625,284.45001220703125,281.7300109863281,283.4599914550781,109681
2025-12-18,280.5400085449219,280.5400085449219,283.2099914550781,277.67999267578125,283.2099914550781,243950
2025-12-19,283.8658142089844,283.8658142089844,283.8658142089844,283.8658142089844,283.8658142089844,0
2025-12-22,285.54998779296875,285.54998779296875,285.92999267578125,283.7200012207031,284.4700012207031,280467
2025-12-23,285.9700012207031,285.9700012207031,287.0,284.79998779296875,286.3900146484375,175615
2025-12-24,285.75,285.75,287.3900146484375,282.9700012207031,282.9800109863281,122336
2025-12-26,284.489990234375,284.489990234375,287.44000244140625,278.6000061035156,278.6000061035156,205230
2025-12-29,282.7200012207031,282.7200012207031,286.32000732421875,282.3999938964844,286.30999755859375,192729
2025-12-30,286.5400085449219,286.5400085449219,287.5,279.7300109863281,287.5,354177
2025-12-31,289.92999267578125,289.92999267578125,290.239990234375,286.29998779296875,286.54998779296875,1085312
2026-01-01,292.79998779296875,292.79998779296875,293.0,282.67999267578125,282.67999267578125,770963
2026-01-02,296.0899963378906,296.0899963378906,297.0,293.0,294.0,1130454
2026-01-05,296.92999267578125,296.92999267578125,299.7900085449219,295.54998779296875,299.7900085449219,556330
2026-01-06,296.44000244140625,296.44000244140625,299.9200134277344,294.010009765625,296.92999267578125,413059
2026-01-07,293.760009765625,293.760009765625,298.0400085449219,292.3299865722656,296.45001220703125,341670
2026-01-08,291.05999755859375,291.05999755859375,295.2200012207031,286.4100036621094,286.4100036621094,307357
2026-01-09,287.8599853515625,287.8599853515625,294.3999938964844,287.25,294.3999938964844,1629788
2026-01-12,287.45001220703125,287.45001220703125,299.0,281.7699890136719,299.0,421797
2026-01-13,287.1700134277344,287.1700134277344,291.0400085449219,284.70001220703125,291.0400085449219,234727
2026-01-14,285.260009765625,285.260009765625,287.5,284.07000732421875,287.5,365083
2026-01-15,285.260009765625,285.260009765625,285.260009765625,285.260009765625,285.260009765625,0
2026-01-16,283.3599853515625,283.3599853515625,287.20001220703125,282.760009765625,285.989990234375,369881
2026-01-19,283.54998779296875,283.54998779296875,291.8599853515625,281.05999755859375,291.8599853515625,236628
2026-01-20,276.8800048828125,276.8800048828125,284.8800048828125,276.0,284.4800109863281,375088
2026-01-21,275.3800048828125,275.3800048828125,278.6000061035156,272.75,276.8599853515625,247619
2026-01-22,278.54998779296875,278.54998779296875,281.989990234375,276.44000244140625,278.0,201405
2026-01-23,275.1499938964844,275.1499938964844,279.8299865722656,272.5400085449219,279.54998779296875,194602
2026-01-27,272.8299865722656,272.8299865722656,275.1400146484375,269.04998779296875,275.1400146484375,508290
2026-01-28,274.1499938964844,274.1499938964844,279.0,269.2900085449219,279.0,409289
2026-01-29,272.5400085449219,272.5400085449219,275.5199890136719,269.04998779296875,274.1600036621094,310579
2026-01-30,274.1499938964844,274.1499938964844,275.0,269.6099853515625,271.1000061035156,332654
2026-02-02,274.19000244140625,274.19000244140625,275.0,267.010009765625,269.95001220703125,237126
2026-02-03,281.8999938964844,281.8999938964844,289.8399963378906,267.3299865722656,274.19000244140625,517923
2026-02-04,285.1000061035156,285.1000061035156,286.3399963378906,280.3500061035156,281.989990234375,263170
2026-02-05,283.3800048828125,283.3800048828125,287.9599914550781,281.6000061035156,287.95001220703125,118394
2026-02-06,281.94000244140625,281.94000244140625,283.3800048828125,280.0,283.3800048828125,113406
2026-02-09,284.739990234375,284.739990234375,288.989990234375,282.0,288.989990234375,167827
2026-02-10,288.7799987792969,288.7799987792969,289.7900085449219,284.739990234375,284.739990234375,374322
2026-02-11,292.8800048828125,292.8800048828125,295.45001220703125,290.2099914550781,291.3399963378906,703352
2026-02-12,292.3599853515625,292.3599853515625,293.9700012207031,291.20001220703125,293.0,281313
2026-02-13,290.25,290.25,293.0,289.5299987792969,292.3599853515625,221050
2026-02-16,288.30999755859375,288.30999755859375,291.0,287.25,290.989990234375,168483
2026-02-17,289.8999938964844,289.8999938964844,295.510009765625,286.6300048828125,295.510009765625,336210
2026-02-18,291.54998779296875,291.54998779296875,291.989990234375,288.8500061035156,291.4599914550781,145246
2026-02-19,285.25,285.25,293.0,284.1400146484375,291.54998779296875,292952
2026-02-20,286.3800048828125,286.3800048828125,288.25,284.1000061035156,288.25,186520
2026-02-23,288.5899963378906,288.5899963378906,289.5400085449219,286.3900146484375,289.3699951171875,187275
2026-02-24,287.5,287.5,288.75,285.6700134277344,288.75,147780
2026-02-25,292.07000732421875,292.07000732421875,293.0899963378906,280.0,280.0,241321
2026-02-26,294.4800109863281,294.4800109863281,295.0,290.1600036621094,290.1600036621094,330153
2026-02-27,290.1199951171875,290.1199951171875,294.7900085449219,289.1000061035156,294.7900085449219,251410
2026-03-02,283.19000244140625,283.19000244140625,288.0,279.0299987792969,288.0,643778
2026-03-04,275.6099853515625,275.6099853515625,280.05999755859375,273.79998779296875,279.989990234375,456686
2026-03-05,281.07000732421875,281.07000732421875,282.0,276.5799865722656,276.5799865722656,224509
2026-03-06,278.32000732421875,278.32000732421875,281.1000061035156,278.0,281.07000732421875,133560
2026-03-09,267.4599914550781,267.4599914550781,277.1300048828125,264.7099914550781,276.989990234375,560996
2026-03-10,275.239990234375,275.239990234375,276.1700134277344,269.45001220703125,274.79998779296875,240916
2026-03-11,266.7900085449219,266.7900085449219,278.7200012207031,266.17999267578125,278.7200012207031,389619
2026-03-12,258.2799987792969,258.2799987792969,267.9200134277344,257.6700134277344,267.0,562599
2026-03-13,249.36000061035156,249.36000061035156,258.2699890136719,248.11000061035156,258.2699890136719,564801
2026-03-16,253.10000610351562,253.10000610351562,254.33999633789062,245.5,249.94000244140625,326940
2026-03-17,258.7799987792969,258.7799987792969,266.0,252.0,260.69000244140625,386612
2026-03-18,263.3900146484375,263.3900146484375,264.3999938964844,252.30999755859375,252.30999755859375,400111
2026-03-19,253.25,253.25,258.7900085449219,251.11000061035156,258.7900085449219,476035
2026-03-20,254.41000366210938,254.41000366210938,256.79998779296875,253.35000610351562,254.22000122070312,256274
2026-03-23,246.25,246.25,252.14999389648438,245.60000610351562,252.14999389648438,310049
2026-03-24,252.19000244140625,252.19000244140625,254.22999572753906,247.60000610351562,253.63999938964844,325501
2026-03-25,257.9700012207031,257.9700012207031,259.95001220703125,252.99000549316406,252.99000549316406,341682
2026-03-27,250.4499969482422,250.4499969482422,257.9800109863281,250.0,257.9800109863281,362961
2026-03-30,244.19000244140625,244.19000244140625,257.0,243.3800048828125,256.7099914550781,398727
2026-04-01,248.86000061035156,248.86000061035156,253.25,244.22000122070312,244.22000122070312,629094
2026-04-02,248.27999877929688,248.27999877929688,249.4499969482422,242.5,243.5,299597
2026-04-06,250.7100067138672,250.7100067138672,250.97000122070312,245.9499969482422,248.8000030517578,231809
2026-04-07,250.17999267578125,250.17999267578125,251.00999450683594,245.47000122070312,251.00999450683594,344912
2026-04-08,267.44000244140625,267.44000244140625,268.2200012207031,253.99000549316406,254.0,739561
2026-04-09,266.17999267578125,266.17999267578125,268.70001220703125,263.6600036621094,267.44000244140625,340650
2026-04-10,273.5899963378906,273.5899963378906,274.45001220703125,268.3699951171875,268.6300048828125,580930
2026-04-13,268.3800048828125,268.3800048828125,271.0,266.07000732421875,271.0,479016
2026-04-15,271.6600036621094,271.6600036621094,274.1600036621094,270.2099914550781,271.4700012207031,535262
2026-04-16,271.5799865722656,271.5799865722656,274.989990234375,270.0400085449219,271.989990234375,427354
2026-04-17,271.79998779296875,271.79998779296875,272.7799987792969,269.4100036621094,272.0,258297
2026-04-20,271.8599853515625,271.8599853515625,273.239990234375,269.010009765625,272.0,479595
2026-04-21,273.1600036621094,273.1600036621094,274.3999938964844,271.8599853515625,271.8599853515625,174806
2026-04-22,271.7300109863281,271.7300109863281,274.20001220703125,271.1600036621094,271.6000061035156,180286
2026-04-23,265.7900085449219,265.7900085449219,271.7200012207031,265.010009765625,271.7200012207031,406308
2026-04-24,264.010009765625,264.010009765625,267.94000244140625,263.0,265.9700012207031,206670
2026-04-27,268.1300048828125,268.1300048828125,268.5899963378906,264.9200134277344,265.0,667335
2026-04-28,265.4100036621094,265.4100036621094,269.6499938964844,265.1000061035156,268.69000244140625,194745
2026-04-29,267.7200012207031,267.7200012207031,271.70001220703125,265.760009765625,267.3500061035156,349582
2026-04-30,265.8299865722656,265.8299865722656,268.8399963378906,262.0199890136719,268.8399963378906,472828
2026-05-01,265.8299865722656,265.8299865722656,265.8299865722656,265.8299865722656,265.8299865722656,0
2026-05-04,267.1700134277344,267.1700134277344,271.80999755859375,265.04998779296875,266.70001220703125,291509
2026-05-05,269.4800109863281,269.4800109863281,269.8399963378906,265.5,268.4800109863281,275113
2026-05-06,275.3599853515625,275.3599853515625,276.0,269.7900085449219,270.989990234375,494085
2026-05-07,280.6000061035156,280.6000061035156,282.9800109863281,276.19000244140625,276.989990234375,1137773
2026-05-08,279.8999938964844,279.8999938964844,281.44000244140625,277.7900085449219,280.0,258512
2026-05-11,274.5799865722656,274.5799865722656,279.3900146484375,273.7799987792969,279.3900146484375,262490
2026-05-12,268.1099853515625,268.1099853515625,275.0,267.6000061035156,274.8999938964844,1127263
2026-05-13,266.0199890136719,266.0199890136719,270.80999755859375,265.3299865722656,270.80999755859375,258292
2026-05-14,267.6199951171875,267.6199951171875,268.70001220703125,263.1700134277344,268.6700134277344,378108
2026-05-15,267.70001220703125,267.70001220703125,270.7799987792969,266.95001220703125,268.989990234375,208686
2026-05-18,263.17999267578125,263.17999267578125,267.80999755859375,261.82000732421875,267.80999755859375,320496
2026-05-19,264.0899963378906,264.0899963378906,267.0,261.0,267.0,186987
2026-05-20,266.4100036621094,266.4100036621094,267.30999755859375,260.45001220703125,267.0,206048
2026-05-21,267.260009765625,267.260009765625,269.989990234375,266.3399963378906,268.6300048828125,192133
2026-05-22,267.1199951171875,267.1199951171875,268.989990234375,266.760009765625,268.5899963378906,153162
2026-05-25,271.45001220703125,271.45001220703125,273.4599914550781,267.1600036621094,267.1600036621094,277673
2026-05-26,271.5799865722656,271.5799865722656,272.8900146484375,270.5,270.5,173308
2026-05-27,276.04998779296875,276.04998779296875,277.0,271.6000061035156,274.6499938964844,254332
2026-05-28,276.04998779296875,276.04998779296875,276.04998779296875,276.04998779296875,276.04998779296875,0
2026-05-29,271.30999755859375,271.30999755859375,277.989990234375,270.1199951171875,277.989990234375,263738
2026-06-01,266.7799987792969,266.7799987792969,273.989990234375,266.1099853515625,273.989990234375,220012
2026-06-02,268.4800109863281,268.4800109863281,269.239990234375,263.2099914550781,265.260009765625,181046
2026-06-03,268.8800048828125,268.8800048828125,270.1700134277344,266.6600036621094,269.7099914550781,134780
2026-06-04,269.3900146484375,269.3900146484375,272.489990234375,266.75,269.07000732421875,184045
2026-06-05,269.6499938964844,269.6499938964844,272.1300048828125,268.0,272.1300048828125,173121
2026-06-08,264.760009765625,264.760009765625,269.5,264.0199890136719,269.5,155421
2026-06-09,267.67999267578125,267.67999267578125,268.6000061035156,265.6300048828125,267.4100036621094,103068
2026-06-10,265.7799987792969,265.7799987792969,268.82000732421875,265.20001220703125,267.67999267578125,74572
2026-06-11,265.3800048828125,265.3800048828125,267.04998779296875,259.1300048828125,259.1300048828125,70352
2026-06-12,270.6300048828125,270.6300048828125,271.4599914550781,266.2099914550781,266.9200134277344,177396
2026-06-15,277.69000244140625,277.69000244140625,278.79998779296875,272.6499938964844,272.6600036621094,555758
2026-06-16,277.0,277.0,279.6000061035156,275.55999755859375,278.0199890136719,188040
2026-06-17,275.4599914550781,275.4599914550781,278.4700012207031,273.54998779296875,276.7699890136719,253593
2026-06-18,275.989990234375,275.989990234375,277.17999267578125,274.75,275.989990234375,752157
2026-06-19,274.19000244140625,274.19000244140625,275.9800109863281,272.92999267578125,274.010009765625,189909
2026-06-22,275.1600036621094,275.1600036621094,276.1700134277344,274.2099914550781,275.989990234375,143233
2026-06-23,272.9200134277344,272.9200134277344,277.9100036621094,272.2699890136719,277.9100036621094,118018
2026-06-24,271.82000732421875,271.82000732421875,279.0,270.4800109863281,279.0,136526
2026-06-25,277.2699890136719,277.2699890136719,280.20001220703125,273.45001220703125,273.45001220703125,1046261
2026-06-26,277.2699890136719,277.2699890136719,277.2699890136719,277.2699890136719,277.2699890136719,0
2026-06-29,272.69000244140625,272.69000244140625,278.3299865722656,271.79998779296875,277.82000732421875,525659
2026-06-30,273.04998779296875,273.04998779296875,275.989990234375,268.760009765625,272.69000244140625,245093
2026-07-01,276.0899963378906,276.0899963378906,277.5899963378906,273.9599914550781,275.489990234375,911837
2026-07-02,278.70001220703125,278.70001220703125,278.989990234375,275.8699951171875,277.2200012207031,239290
2026-07-03,278.2699890136719,278.2699890136719,281.0,278.0,280.989990234375,240002
2026-07-06,281.9700012207031,281.9700012207031,282.489990234375,278.1499938964844,278.2699890136719,313256
2026-07-07,281.9100036621094,281.9100036621094,283.17999267578125,280.7900085449219,282.989990234375,167080
2026-07-08,275.55999755859375,275.55999755859375,281.9100036621094,274.44000244140625,279.0899963378906,307210
2026-07-09,275.260009765625,275.260009765625,278.3299865722656,274.6000061035156,275.57000732421875,134501
2026-07-10,277.3800048828125,277.3800048828125,278.489990234375,275.260009765625,275.260009765625,100295
2026-07-13,278.8500061035156,278.8500061035156,279.2099914550781,273.510009765625,276.3999938964844,217490
2026-07-14,274.5199890136719,274.5199890136719,277.8999938964844,274.1000061035156,276.05999755859375,184308
2026-07-15,275.3699951171875,275.3699951171875,277.25,274.5199890136719,275.989990234375,122907
2026-07-16,276.1099853515625,276.1099853515625,277.8999938964844,275.3699951171875,275.510009765625,144671
2026-07-17,279.4599914550781,279.4599914550781,280.0,276.44000244140625,278.8699951171875,185792
2026-07-20,279.0,279.0,280.6400146484375,276.6199951171875,280.6400146484375,153627
2026-07-21,281.5,281.5,282.0,277.8500061035156,278.989990234375,205948
2026-07-22,281.82000732421875,281.82000732421875,283.989990234375,281.19000244140625,281.7900085449219,292400
2026-07-23,283.70001220703125,283.70001220703125,286.1199951171875,280.4200134277344,282.010009765625,304035
2026-07-24,281.17999267578125,281.17999267578125,283.70001220703125,276.6000061035156,276.6000061035156,247157
2026-07-27,285.239990234375,285.239990234375,285.70001220703125,282.3399963378906,282.989990234375,233833
2026-07-28,287.3699951171875,287.3699951171875,287.94000244140625,284.2699890136719,285.7900085449219,242894
2026-07-29,287.3800048828125,287.3800048828125,290.3999938964844,281.6199951171875,281.6199951171875,267654
2026-07-30,291.7900085449219,291.7900085449219,292.1700134277344,286.6700134277344,288.0,471192
2026-07-31,297.1300048828125,297.1300048828125,297.989990234375,284.489990234375,284.489990234375,548953
2026-08-03,299.32000732421875,299.32000732421875,301.0199890136719,298.07000732421875,299.9800109863281,557956
2026-08-04,300.010009765625,300.010009765625,301.0,297.7099914550781,299.69000244140625,320943
2026-08-05,303.2300109863281,303.2300109863281,304.92999267578125,299.489990234375,300.8699951171875,371336
2026-08-06,301.2099914550781,301.2099914550781,304.70001220703125,300.5400085449219,303.2300109863281,322531
2026-08-07,307.42999267578125,307.42999267578125,309.79998779296875,299.6600036621094,302.2300109863281,397236
2026-08-10,307.2099914550781,307.2099914550781,310.45001220703125,306.3800048828125,310.45001220703125,431883
2026-08-11,304.510009765625,304.510009765625,308.5799865722656,303.1300048828125,306.3299865722656,329042
2026-08-12,304.2200012207031,304.2200012207031,306.6099853515625,303.5,306.6099853515625,272735
2026-08-13,304.2200012207031,304.2200012207031,306.1400146484375,303.5,304.2099914550781,160865
2026-08-14,302.92999267578125,302.92999267578125,304.75,301.54998779296875,304.75,154252
2026-08-17,303.1199951171875,303.1199951171875,304.25,300.0,300.0,173538
2026-08-18,303.7699890136719,303.7699890136719,306.55999755859375,302.8999938964844,306.2099914550781,141414
2026-08-19,301.92999267578125,301.92999267578125,304.4200134277344,300.7300109863281,304.4100036621094,160307
2026-08-20,303.7699890136719,303.7699890136719,304.2200012207031,302.1300048828125,303.44000244140625,135854
2026-08-21,301.4599914550781,301.4599914550781,304.260009765625,301.0,303.7799987792969,144898
2026-08-24,299.8699951171875,299.8699951171875,303.4700012207031,299.1300048828125,301.30999755859375,231501
2026-08-25,302.0,302.0,305.0199890136719,299.1099853515625,305.0199890136719,174214
2026-08-26,301.1099853515625,301.1099853515625,304.5299987792969,300.5199890136719,302.0299987792969,132166
2026-08-27,298.9599914550781,298.9599914550781,304.1199951171875,298.25,304.1199951171875,175906
2026-08-28,298.1099853515625,298.1099853515625,301.0400085449219,296.54998779296875,301.0400085449219,168372
2026-08-31,298.7699890136719,298.7699890136719,301.0899963378906,296.5199890136719,301.0899963378906,157659
2026-09-01,292.6300048828125,292.6300048828125,300.9800109863281,291.0,298.7699890136719,423107
2026-09-02,288.8800048828125,288.8800048828125,293.3299865722656,285.5,292.6300048828125,454387
2026-09-03,288.19000244140625,288.19000244140625,290.8999938964844,288.0,288.8800048828125,147286
2026-09-04,287.4700012207031,287.4700012207031,289.8699951171875,286.8999938964844,289.8599853515625,194219
2026-09-07,286.8500061035156,286.8500061035156,289.3900146484375,281.0,287.4700012207031,190612
2026-09-08,286.8299865722656,286.8299865722656,288.0,284.04998779296875,286.69000244140625,187168
2026-09-09,285.510009765625,285.510009765625,286.8999938964844,284.4599914550781,286.7099914550781,141003
2026-09-10,284.5299987792969,284.5299987792969,287.5299987792969,283.2099914550781,283.5,155334
2026-09-11,282.8699951171875,282.8699951171875,284.1099853515625,280.3599853515625,284.1099853515625,170286
2026-09-14,282.8699951171875,282.8699951171875,282.8699951171875,282.8699951171875,282.8699951171875,0
2026-09-15,278.30999755859375,278.30999755859375,286.0,277.8999938964844,286.0,187772
2026-09-16,279.3500061035156,279.3500061035156,280.3500061035156,275.9800109863281,279.05999755859375,210833
2026-09-17,282.3999938964844,282.3999938964844,283.2900085449219,276.55999755859375,279.0,144505
2026-09-18,282.7099914550781,282.7099914550781,283.6600036621094,281.54998779296875,282.4100036621094,85935
2026-09-21,281.25,281.25,289.7699890136719,275.6400146484375,289.7699890136719,119583
2026-09-22,280.1199951171875,280.1199951171875,283.4800109863281,279.6499938964844,280.6099853515625,175061
2026-09-24,277.20001220703125,277.20001220703125,281.2900085449219,277.0,280.0,179921
