Date,Adj Close,Close,High,Low,Open,Volume
2007-09-24,999.9474487304688,1000.0,1000.0,1000.0,1000.0,0
2007-09-25,2795.953125,2796.10009765625,2828.199951171875,2748.5,2807.25,0
2007-09-26,2804.00244140625,2804.14990234375,2845.550048828125,2798.10009765625,2802.0,0
2007-09-27,2779.3037109375,2779.449951171875,2842.60009765625,2772.35009765625,2824.050048828125,0
2007-09-28,2838.100830078125,2838.25,2843.449951171875,2777.550048828125,2786.64990234375,0
2007-10-01,2897.59765625,2897.75,2907.949951171875,2840.050048828125,2841.050048828125,0
2007-10-03,2908.09716796875,2908.25,2972.449951171875,2787.0,2904.35009765625,0
2007-10-04,2926.046142578125,2926.199951171875,2931.60009765625,2870.35009765625,2903.25,0
2007-10-05,2874.098876953125,2874.25,2946.199951171875,2857.300048828125,2946.199951171875,0
2007-10-08,2757.905029296875,2758.050048828125,2901.64990234375,2707.89990234375,2879.050048828125,0
2007-10-09,2844.1005859375,2844.25,2847.199951171875,2686.85009765625,2739.300048828125,0
2007-10-10,2890.747802734375,2890.89990234375,2914.64990234375,2846.10009765625,2846.10009765625,0
2007-10-11,2941.745361328125,2941.89990234375,2948.800048828125,2877.39990234375,2890.64990234375,0
2007-10-12,2914.3466796875,2914.5,2986.0,2898.050048828125,2924.39990234375,0
2007-10-15,3011.291748046875,3011.449951171875,3016.949951171875,2928.10009765625,2928.10009765625,0
2007-10-16,3061.5390625,3061.699951171875,3066.14990234375,3000.64990234375,3000.64990234375,0
2007-10-17,2975.193603515625,2975.35009765625,2986.949951171875,2773.60009765625,2968.64990234375,0
2007-10-18,2886.298095703125,2886.449951171875,3084.449951171875,2836.75,2988.39990234375,0
2007-10-19,2791.453369140625,2791.60009765625,2890.10009765625,2736.39990234375,2887.64990234375,0
2007-10-22,2801.502685546875,2801.64990234375,2829.949951171875,2705.0,2784.5,0
2007-10-23,2959.994384765625,2960.14990234375,2971.25,2819.449951171875,2819.449951171875,0
2007-10-24,3010.99169921875,3011.14990234375,3032.949951171875,2957.14990234375,2980.64990234375,0
2007-10-25,3031.640625,3031.800048828125,3062.85009765625,3009.60009765625,3017.64990234375,0
2007-10-26,3125.435791015625,3125.60009765625,3132.14990234375,3028.800048828125,3042.60009765625,0
2007-10-29,3206.131591796875,3206.300048828125,3210.550048828125,3147.699951171875,3154.60009765625,0
2007-10-30,3201.6318359375,3201.800048828125,3251.550048828125,3178.89990234375,3213.25,0
2007-10-31,3208.431396484375,3208.60009765625,3253.5,3195.300048828125,3195.300048828125,0
2007-11-01,3138.98486328125,3139.14990234375,3282.14990234375,3120.14990234375,3230.25,0
2007-11-02,3194.08203125,3194.25,3205.699951171875,3062.050048828125,3137.050048828125,0
2007-11-05,3273.727783203125,3273.89990234375,3295.39990234375,3190.699951171875,3190.699951171875,0
2007-11-06,3214.3310546875,3214.5,3357.550048828125,3177.199951171875,3285.449951171875,0
2007-11-07,3193.83203125,3194.0,3273.550048828125,3141.89990234375,3258.25,0
2007-11-08,3160.433837890625,3160.60009765625,3194.449951171875,3128.0,3170.550048828125,0
2007-11-12,3112.036376953125,3112.199951171875,3120.75,3038.89990234375,3120.75,0
2007-11-13,3227.0302734375,3227.199951171875,3243.10009765625,3110.85009765625,3110.85009765625,0
2007-11-14,3296.276611328125,3296.449951171875,3321.300048828125,3275.0,3275.0,0
2007-11-15,3327.875,3328.050048828125,3355.85009765625,3308.85009765625,3309.0,0
2007-11-16,3365.972900390625,3366.14990234375,3402.699951171875,3303.25,3324.300048828125,0
2007-11-19,3465.767822265625,3465.949951171875,3474.699951171875,3382.75,3402.800048828125,0
2007-11-20,3399.67138671875,3399.85009765625,3504.10009765625,3370.64990234375,3459.550048828125,0
2007-11-21,3200.53173828125,3200.699951171875,3427.699951171875,3174.449951171875,3395.199951171875,0
2007-11-22,3129.4853515625,3129.64990234375,3238.699951171875,3037.64990234375,3204.10009765625,0
2007-11-23,3207.38134765625,3207.550048828125,3221.050048828125,3144.35009765625,3163.39990234375,0
2007-11-26,3272.977783203125,3273.14990234375,3295.0,3223.89990234375,3226.300048828125,0
2007-11-27,3284.62744140625,3284.800048828125,3286.85009765625,3230.949951171875,3267.0,0
2007-11-28,3256.428955078125,3256.60009765625,3347.050048828125,3243.449951171875,3295.0,0
2007-11-29,3212.0810546875,3212.25,3318.0,3201.949951171875,3272.39990234375,0
2007-11-30,3360.67333984375,3360.85009765625,3366.550048828125,3220.5,3220.5,0
2007-12-03,3452.468505859375,3452.64990234375,3456.300048828125,3375.10009765625,3375.10009765625,0
2007-12-04,3495.966064453125,3496.14990234375,3515.0,3459.85009765625,3459.85009765625,0
2007-12-05,3582.211669921875,3582.39990234375,3587.0,3509.35009765625,3510.300048828125,0
2007-12-06,3558.6630859375,3558.85009765625,3643.5,3534.85009765625,3605.0,0
2007-12-07,3542.263671875,3542.449951171875,3610.85009765625,3474.39990234375,3568.449951171875,0
2007-12-10,3586.861572265625,3587.050048828125,3594.0,3533.85009765625,3571.5,0
2007-12-11,3628.00927734375,3628.199951171875,3667.64990234375,3601.050048828125,3601.050048828125,0
2007-12-12,3722.2041015625,3722.39990234375,3724.89990234375,3580.699951171875,3597.39990234375,0
2007-12-13,3731.65380859375,3731.85009765625,3761.85009765625,3715.85009765625,3730.64990234375,0
2007-12-14,3753.602783203125,3753.800048828125,3781.300048828125,3728.0,3735.300048828125,0
2007-12-17,3558.212890625,3558.39990234375,3756.449951171875,3517.699951171875,3754.89990234375,0
2007-12-18,3565.71240234375,3565.89990234375,3595.25,3486.35009765625,3568.0,0
2007-12-19,3545.5634765625,3545.75,3660.050048828125,3490.35009765625,3596.699951171875,0
2007-12-20,3518.31494140625,3518.5,3580.300048828125,3505.35009765625,3558.449951171875,0
2007-12-24,3605.010498046875,3605.199951171875,3609.85009765625,3535.10009765625,3535.10009765625,0
2007-12-26,3686.90625,3687.10009765625,3695.89990234375,3614.85009765625,3617.25,0
2007-12-27,3667.4072265625,3667.60009765625,3724.85009765625,3656.85009765625,3694.5,0
2007-12-28,3751.20263671875,3751.39990234375,3754.14990234375,3651.949951171875,3661.550048828125,0
2007-12-31,3811.799560546875,3812.0,3830.10009765625,3762.199951171875,3762.199951171875,0
2008-01-01,3838.09814453125,3838.300048828125,3852.39990234375,3803.64990234375,3809.0,0
2008-01-02,3927.493408203125,3927.699951171875,3934.0,3801.949951171875,3840.800048828125,0
2008-01-03,3931.09326171875,3931.300048828125,3969.5,3900.199951171875,3915.60009765625,0
2008-01-04,3966.54150390625,3966.75,3994.949951171875,3937.25,3937.25,0
2008-01-07,3983.990478515625,3984.199951171875,4002.949951171875,3923.050048828125,3938.449951171875,0
2008-01-08,3899.89501953125,3900.10009765625,4047.550048828125,3851.0,4005.60009765625,0
2008-01-09,3872.496337890625,3872.699951171875,3938.39990234375,3835.449951171875,3898.25,0
2008-01-10,3704.55517578125,3704.75,3918.300048828125,3693.64990234375,3878.39990234375,0
2008-01-11,3701.205322265625,3701.39990234375,3741.10009765625,3616.0,3694.85009765625,0
2008-01-14,3755.402587890625,3755.60009765625,3760.949951171875,3702.0,3713.449951171875,0
2008-01-15,3724.154296875,3724.35009765625,3806.39990234375,3712.14990234375,3772.14990234375,0
2008-01-16,3645.00830078125,3645.199951171875,3698.5,3542.25,3698.5,0
2008-01-17,3651.608154296875,3651.800048828125,3703.800048828125,3628.699951171875,3670.60009765625,0
2008-01-18,3441.718994140625,3441.89990234375,3635.60009765625,3422.699951171875,3635.60009765625,0
2008-01-21,2926.84619140625,2927.0,3413.64990234375,2796.85009765625,3413.64990234375,0
2008-01-22,2600.313232421875,2600.449951171875,2852.699951171875,2209.199951171875,2852.699951171875,0
2008-01-23,2896.69775390625,2896.85009765625,2955.14990234375,2664.25,2672.449951171875,0
2008-01-24,2757.35498046875,2757.5,3035.949951171875,2691.800048828125,2940.64990234375,0
2008-01-25,2969.14404296875,2969.300048828125,2976.949951171875,2779.60009765625,2779.60009765625,0
2008-01-28,2963.894287109375,2964.050048828125,2971.89990234375,2822.89990234375,2922.550048828125,0
2008-01-29,2961.544189453125,2961.699951171875,3044.550048828125,2923.050048828125,2992.300048828125,0
2008-01-30,2858.399658203125,2858.550048828125,2968.300048828125,2844.10009765625,2946.35009765625,0
2008-01-31,2777.053955078125,2777.199951171875,2891.85009765625,2748.800048828125,2845.300048828125,0
2008-02-01,2804.302490234375,2804.449951171875,2832.949951171875,2742.14990234375,2782.14990234375,0
2008-02-04,2920.696533203125,2920.85009765625,2947.89990234375,2836.85009765625,2836.85009765625,0
2008-02-05,2968.843994140625,2969.0,2979.449951171875,2892.64990234375,2917.449951171875,0
2008-02-06,2945.6953125,2945.85009765625,2970.449951171875,2831.800048828125,2968.0,0
2008-02-07,2853.300048828125,2853.449951171875,3015.800048828125,2847.60009765625,2949.89990234375,0
2008-02-08,2796.653076171875,2796.800048828125,2879.89990234375,2735.10009765625,2852.75,0
2008-02-11,2588.4140625,2588.550048828125,2795.550048828125,2569.35009765625,2795.550048828125,0
2008-02-12,2533.016845703125,2533.14990234375,2637.0,2514.25,2600.800048828125,0
2008-02-13,2548.416015625,2548.550048828125,2597.60009765625,2501.050048828125,2551.449951171875,0
2008-02-14,2730.95654296875,2731.10009765625,2743.550048828125,2575.35009765625,2575.35009765625,0
2008-02-15,2801.052734375,2801.199951171875,2809.300048828125,2676.85009765625,2702.14990234375,0
2008-02-18,2805.152587890625,2805.300048828125,2843.89990234375,2779.14990234375,2814.64990234375,0
2008-02-19,2827.1513671875,2827.300048828125,2874.300048828125,2817.89990234375,2819.89990234375,0
2008-02-20,2761.254638671875,2761.39990234375,2816.85009765625,2745.0,2810.14990234375,0
2008-02-21,2802.102783203125,2802.25,2821.85009765625,2759.449951171875,2769.60009765625,0
2008-02-22,2763.954833984375,2764.10009765625,2791.300048828125,2754.199951171875,2791.300048828125,0
2008-02-25,2780.3037109375,2780.449951171875,2789.5,2714.85009765625,2776.35009765625,0
2008-02-26,2814.10205078125,2814.25,2823.10009765625,2789.75,2789.75,0
2008-02-27,2826.101318359375,2826.25,2870.550048828125,2813.25,2813.25,0
2008-02-28,2809.102294921875,2809.25,2841.89990234375,2793.64990234375,2826.25,0
2008-02-29,2800.452880859375,2800.60009765625,2824.800048828125,2744.75,2808.35009765625,0
2008-03-03,2688.65869140625,2688.800048828125,2782.85009765625,2677.449951171875,2782.85009765625,0
2008-03-04,2624.81201171875,2624.949951171875,2705.699951171875,2571.300048828125,2694.449951171875,0
2008-03-05,2600.063232421875,2600.199951171875,2636.050048828125,2584.550048828125,2626.89990234375,0
2008-03-07,2483.66943359375,2483.800048828125,2585.550048828125,2422.14990234375,2585.550048828125,0
2008-03-10,2486.41943359375,2486.550048828125,2496.699951171875,2346.60009765625,2443.35009765625,0
2008-03-11,2578.614501953125,2578.75,2584.10009765625,2464.050048828125,2471.699951171875,0
2008-03-12,2559.3154296875,2559.449951171875,2675.64990234375,2541.85009765625,2607.64990234375,0
2008-03-13,2400.673828125,2400.800048828125,2524.0,2385.25,2524.0,0
2008-03-14,2440.421630859375,2440.550048828125,2451.39990234375,2383.5,2404.25,0
2008-03-17,2254.931396484375,2255.050048828125,2392.39990234375,2242.5,2392.39990234375,0
2008-03-18,2240.68212890625,2240.800048828125,2288.60009765625,2217.550048828125,2264.5,0
2008-03-19,2222.93310546875,2223.050048828125,2340.39990234375,2214.800048828125,2282.35009765625,0
2008-03-24,2176.385498046875,2176.5,2255.800048828125,2133.449951171875,2227.949951171875,0
2008-03-25,2314.7783203125,2314.89990234375,2324.14990234375,2196.050048828125,2196.050048828125,0
2008-03-26,2331.177490234375,2331.300048828125,2351.10009765625,2302.699951171875,2319.699951171875,0
2008-03-27,2308.9287109375,2309.050048828125,2342.25,2295.39990234375,2319.949951171875,0
2008-03-28,2418.472900390625,2418.60009765625,2425.39990234375,2319.60009765625,2320.199951171875,0
2008-03-31,2371.5751953125,2371.699951171875,2419.25,2356.25,2398.949951171875,0
2008-04-01,2371.125244140625,2371.25,2405.85009765625,2330.949951171875,2372.25,0
2008-04-02,2394.8740234375,2395.0,2451.39990234375,2382.300048828125,2382.300048828125,0
2008-04-03,2399.32373046875,2399.449951171875,2411.800048828125,2380.800048828125,2393.60009765625,0
2008-04-04,2340.626953125,2340.75,2407.64990234375,2333.949951171875,2404.39990234375,0
2008-04-07,2370.8251953125,2370.949951171875,2382.89990234375,2318.35009765625,2349.60009765625,0
2008-04-08,2381.32470703125,2381.449951171875,2388.35009765625,2359.800048828125,2370.60009765625,0
2008-04-09,2408.623291015625,2408.75,2415.050048828125,2370.39990234375,2383.35009765625,0
2008-04-10,2418.32275390625,2418.449951171875,2449.449951171875,2403.39990234375,2407.800048828125,0
2008-04-11,2435.47216796875,2435.60009765625,2453.550048828125,2413.300048828125,2420.800048828125,0
2008-04-15,2477.4697265625,2477.60009765625,2483.300048828125,2410.0,2434.25,0
2008-04-16,2502.218505859375,2502.35009765625,2542.39990234375,2484.64990234375,2484.64990234375,0
2008-04-17,2574.564697265625,2574.699951171875,2578.60009765625,2516.5,2516.5,0
2008-04-21,2645.910888671875,2646.050048828125,2650.0,2579.89990234375,2579.89990234375,0
2008-04-22,2666.7099609375,2666.85009765625,2671.800048828125,2621.60009765625,2622.14990234375,0
2008-04-23,2685.0087890625,2685.14990234375,2705.5,2667.300048828125,2668.89990234375,0
2008-04-24,2634.16162109375,2634.300048828125,2721.10009765625,2626.0,2694.89990234375,0
2008-04-25,2663.9599609375,2664.10009765625,2666.949951171875,2614.050048828125,2641.39990234375,0
2008-04-28,2676.159423828125,2676.300048828125,2696.199951171875,2658.60009765625,2673.300048828125,0
2008-04-29,2732.056396484375,2732.199951171875,2734.64990234375,2670.25,2679.300048828125,0
2008-04-30,2741.005859375,2741.14990234375,2763.699951171875,2730.449951171875,2738.64990234375,0
2008-05-02,2781.15380859375,2781.300048828125,2790.949951171875,2760.60009765625,2760.60009765625,0
2008-05-05,2787.053466796875,2787.199951171875,2823.10009765625,2778.60009765625,2782.0,0
2008-05-06,2748.055419921875,2748.199951171875,2802.60009765625,2726.550048828125,2788.949951171875,0
2008-05-07,2733.80615234375,2733.949951171875,2768.39990234375,2723.0,2748.60009765625,0
2008-05-08,2709.40771484375,2709.550048828125,2729.050048828125,2689.050048828125,2729.050048828125,0
2008-05-09,2615.41259765625,2615.550048828125,2717.25,2600.39990234375,2706.949951171875,0
2008-05-12,2619.26220703125,2619.39990234375,2628.449951171875,2532.800048828125,2601.75,0
2008-05-13,2625.862060546875,2626.0,2689.89990234375,2615.64990234375,2620.85009765625,0
2008-05-14,2672.259521484375,2672.39990234375,2678.550048828125,2611.25,2623.75,0
2008-05-15,2715.1572265625,2715.300048828125,2717.949951171875,2684.25,2688.60009765625,0
2008-05-16,2746.705810546875,2746.85009765625,2753.699951171875,2720.25,2721.39990234375,0
2008-05-20,2728.8564453125,2729.0,2757.25,2706.60009765625,2738.800048828125,0
2008-05-21,2768.904541015625,2769.050048828125,2774.449951171875,2696.60009765625,2721.64990234375,0
2008-05-22,2716.357177734375,2716.5,2763.5,2709.35009765625,2763.5,0
2008-05-23,2665.35986328125,2665.5,2743.14990234375,2660.85009765625,2710.10009765625,0
2008-05-26,2594.5634765625,2594.699951171875,2652.35009765625,2585.89990234375,2652.35009765625,0
2008-05-27,2563.96533203125,2564.10009765625,2633.60009765625,2556.949951171875,2598.0,0
2008-05-28,2601.813232421875,2601.949951171875,2605.89990234375,2547.699951171875,2570.699951171875,0
2008-05-29,2591.2138671875,2591.35009765625,2625.75,2573.300048828125,2616.5,0
2008-05-30,2593.613525390625,2593.75,2623.199951171875,2570.699951171875,2602.050048828125,0
2008-06-02,2521.8173828125,2521.949951171875,2608.14990234375,2502.699951171875,2591.050048828125,0
2008-06-03,2501.018310546875,2501.14990234375,2509.14990234375,2445.39990234375,2509.14990234375,0
2008-06-04,2400.923828125,2401.050048828125,2521.60009765625,2391.5,2501.300048828125,0
2008-06-05,2417.122802734375,2417.25,2424.10009765625,2358.699951171875,2396.85009765625,0
2008-06-06,2399.423828125,2399.550048828125,2452.35009765625,2391.35009765625,2423.64990234375,0
2008-06-09,2319.72802734375,2319.85009765625,2347.25,2260.64990234375,2347.25,0
2008-06-10,2280.080078125,2280.199951171875,2340.64990234375,2256.0,2314.10009765625,0
2008-06-11,2320.1279296875,2320.25,2327.199951171875,2289.800048828125,2289.800048828125,0
2008-06-12,2353.226318359375,2353.35009765625,2356.14990234375,2253.14990234375,2299.699951171875,0
2008-06-13,2337.877197265625,2338.0,2368.300048828125,2324.35009765625,2359.800048828125,0
2008-06-16,2352.92626953125,2353.050048828125,2390.800048828125,2345.949951171875,2345.949951171875,0
2008-06-17,2405.823486328125,2405.949951171875,2407.800048828125,2349.050048828125,2353.199951171875,0
2008-06-18,2382.32470703125,2382.449951171875,2447.60009765625,2375.35009765625,2413.300048828125,0
2008-06-19,2327.877685546875,2328.0,2372.199951171875,2322.699951171875,2372.199951171875,0
2008-06-20,2240.5322265625,2240.64990234375,2344.550048828125,2230.75,2336.60009765625,0
2008-06-23,2148.237060546875,2148.35009765625,2225.14990234375,2142.35009765625,2225.14990234375,0
2008-06-24,2097.6396484375,2097.75,2163.25,2080.89990234375,2148.050048828125,0
2008-06-25,2123.488525390625,2123.60009765625,2129.0,2043.5999755859375,2086.85009765625,0
2008-06-26,2109.4892578125,2109.60009765625,2165.800048828125,2103.449951171875,2134.35009765625,0
2008-06-27,2039.0927734375,2039.199951171875,2080.14990234375,2029.4000244140625,2080.14990234375,0
2008-06-30,1956.7470703125,1956.8499755859375,2058.050048828125,1947.25,2045.3499755859375,0
2008-07-01,1847.702880859375,1847.800048828125,1963.550048828125,1835.199951171875,1957.949951171875,0
2008-07-02,1948.5975341796875,1948.699951171875,1957.25,1777.25,1843.300048828125,0
2008-07-03,1884.350830078125,1884.449951171875,1942.3499755859375,1849.6500244140625,1942.3499755859375,0
2008-07-04,1953.497314453125,1953.5999755859375,1961.75,1866.8499755859375,1888.25,0
2008-07-07,1970.1463623046875,1970.25,2020.5999755859375,1961.4000244140625,1961.4000244140625,0
2008-07-08,1971.54638671875,1971.6500244140625,1987.3499755859375,1907.9000244140625,1947.550048828125,0
2008-07-09,2049.642333984375,2049.75,2053.800048828125,1995.449951171875,1995.449951171875,0
2008-07-10,2042.2926025390625,2042.4000244140625,2064.550048828125,2021.0,2046.4000244140625,0
2008-07-11,1985.74560546875,1985.8499755859375,2067.10009765625,1979.1500244140625,2052.60009765625,0
2008-07-14,1979.495849609375,1979.5999755859375,2011.4000244140625,1956.300048828125,1982.199951171875,0
2008-07-15,1897.500244140625,1897.5999755859375,1971.949951171875,1889.6500244140625,1971.949951171875,0
2008-07-16,1858.2523193359375,1858.3499755859375,1920.4000244140625,1838.0,1899.3499755859375,0
2008-07-17,1903.0499267578125,1903.1500244140625,1923.699951171875,1882.3499755859375,1883.75,0
2008-07-18,1944.1978759765625,1944.300048828125,1949.3499755859375,1901.25,1908.699951171875,0
2008-07-21,1959.447021484375,1959.550048828125,1964.699951171875,1925.050048828125,1954.800048828125,0
2008-07-22,1999.3448486328125,1999.449951171875,2011.550048828125,1958.75,1968.0,0
2008-07-23,2144.13720703125,2144.25,2155.75,2037.300048828125,2037.300048828125,0
2008-07-24,2156.086669921875,2156.199951171875,2206.550048828125,2122.64990234375,2159.449951171875,0
2008-07-25,2145.937255859375,2146.050048828125,2167.449951171875,2109.0,2144.35009765625,0
2008-07-28,2157.1865234375,2157.300048828125,2169.89990234375,2135.0,2142.89990234375,0
2008-07-29,2083.890380859375,2084.0,2142.60009765625,2076.60009765625,2137.300048828125,0
2008-07-30,2151.237060546875,2151.35009765625,2155.10009765625,2098.64990234375,2098.64990234375,0
2008-07-31,2123.238525390625,2123.35009765625,2169.14990234375,2107.949951171875,2156.75,0
2008-08-01,2160.6865234375,2160.800048828125,2164.300048828125,2080.64990234375,2104.75,0
2008-08-04,2205.533935546875,2205.64990234375,2217.39990234375,2155.199951171875,2155.199951171875,0
2008-08-05,2236.832275390625,2236.949951171875,2240.39990234375,2201.14990234375,2203.550048828125,0
2008-08-06,2216.133544921875,2216.25,2283.25,2208.64990234375,2252.800048828125,0
2008-08-07,2230.432861328125,2230.550048828125,2253.10009765625,2203.60009765625,2212.35009765625,0
2008-08-08,2242.781982421875,2242.89990234375,2250.14990234375,2206.85009765625,2229.39990234375,0
2008-08-11,2286.8798828125,2287.0,2291.60009765625,2263.699951171875,2263.699951171875,0
2008-08-12,2254.481689453125,2254.60009765625,2299.25,2242.5,2288.64990234375,0
2008-08-13,2236.932373046875,2237.050048828125,2261.800048828125,2232.0,2250.35009765625,0
2008-08-14,2185.43505859375,2185.550048828125,2237.300048828125,2180.699951171875,2236.64990234375,0
2008-08-18,2158.6865234375,2158.800048828125,2195.300048828125,2153.050048828125,2179.199951171875,0
2008-08-19,2157.33642578125,2157.449951171875,2166.550048828125,2122.0,2152.25,0
2008-08-20,2185.43505859375,2185.550048828125,2198.10009765625,2166.85009765625,2166.85009765625,0
2008-08-21,2130.738037109375,2130.85009765625,2183.050048828125,2125.25,2183.050048828125,0
2008-08-22,2132.887939453125,2133.0,2139.89990234375,2113.800048828125,2129.949951171875,0
2008-08-25,2134.98779296875,2135.10009765625,2165.449951171875,2131.550048828125,2147.10009765625,0
2008-08-26,2132.087890625,2132.199951171875,2138.550048828125,2112.5,2138.550048828125,0
2008-08-27,2114.288818359375,2114.39990234375,2148.14990234375,2110.800048828125,2145.75,0
2008-08-28,2075.040771484375,2075.14990234375,2123.25,2070.39990234375,2113.449951171875,0
2008-08-29,2148.93701171875,2149.050048828125,2153.64990234375,2092.699951171875,2092.699951171875,0
2008-09-01,2154.73681640625,2154.85009765625,2160.300048828125,2129.800048828125,2146.699951171875,0
2008-09-02,2196.784423828125,2196.89990234375,2203.050048828125,2154.949951171875,2154.949951171875,0
2008-09-04,2189.834716796875,2189.949951171875,2201.25,2170.14990234375,2192.050048828125,0
2008-09-05,2158.736572265625,2158.85009765625,2174.5,2150.300048828125,2171.800048828125,0
2008-09-08,2182.13525390625,2182.25,2225.75,2179.449951171875,2189.800048828125,0
2008-09-09,2165.436279296875,2165.550048828125,2181.89990234375,2163.25,2176.800048828125,0
2008-09-10,2145.937255859375,2146.050048828125,2177.550048828125,2137.300048828125,2164.60009765625,0
2008-09-11,2121.33837890625,2121.449951171875,2141.300048828125,2112.050048828125,2137.35009765625,0
2008-09-12,2077.890869140625,2078.0,2139.14990234375,2064.550048828125,2125.800048828125,0
2008-09-15,1973.9962158203125,1974.0999755859375,2053.199951171875,1937.5999755859375,2053.199951171875,0
2008-09-16,1959.7469482421875,1959.8499755859375,1965.5999755859375,1893.0,1954.25,0
2008-09-17,1924.798828125,1924.9000244140625,1975.6500244140625,1916.5,1964.0,0
2008-09-18,1910.6495361328125,1910.75,1917.050048828125,1812.4000244140625,1894.4000244140625,0
2008-09-19,1979.5958251953125,1979.699951171875,1991.5999755859375,1934.1500244140625,1934.1500244140625,0
2008-09-22,1954.197265625,1954.300048828125,1999.9000244140625,1947.699951171875,1985.0999755859375,0
2008-09-23,1912.8994140625,1913.0,1957.5,1907.3499755859375,1949.1500244140625,0
2008-09-24,1925.048828125,1925.1500244140625,1946.449951171875,1917.199951171875,1917.199951171875,0
2008-09-25,1907.3497314453125,1907.449951171875,1933.0,1899.449951171875,1925.5999755859375,0
2008-09-26,1842.60302734375,1842.699951171875,1906.5,1835.800048828125,1906.050048828125,0
2008-09-29,1762.9573974609375,1763.050048828125,1846.800048828125,1730.300048828125,1843.1500244140625,0
2008-09-30,1792.2557373046875,1792.3499755859375,1808.300048828125,1689.75,1749.75,0
2008-10-01,1804.4552001953125,1804.550048828125,1827.5999755859375,1771.6500244140625,1797.300048828125,0
2008-10-03,1744.4083251953125,1744.5,1809.0,1739.949951171875,1804.5,0
2008-10-06,1622.314697265625,1622.4000244140625,1733.050048828125,1613.800048828125,1733.050048828125,0
2008-10-07,1597.7659912109375,1597.8499755859375,1665.699951171875,1571.550048828125,1639.0,0
2008-10-08,1510.5205078125,1510.5999755859375,1584.800048828125,1437.25,1584.800048828125,0
2008-10-10,1373.927734375,1374.0,1507.25,1344.050048828125,1507.25,0
2008-10-13,1467.0228271484375,1467.0999755859375,1475.199951171875,1382.300048828125,1382.300048828125,0
2008-10-14,1489.8216552734375,1489.9000244140625,1559.050048828125,1484.5,1489.4000244140625,0
2008-10-15,1408.9759521484375,1409.050048828125,1481.25,1400.0,1481.25,0
2008-10-16,1399.7763671875,1399.8499755859375,1413.800048828125,1329.25,1373.6500244140625,0
2008-10-17,1348.5791015625,1348.6500244140625,1437.3499755859375,1343.25,1408.699951171875,0
2008-10-20,1342.7294921875,1342.800048828125,1372.449951171875,1325.4000244140625,1359.1500244140625,0
2008-10-21,1402.67626953125,1402.75,1416.550048828125,1356.5,1359.699951171875,0
2008-10-22,1350.72900390625,1350.800048828125,1395.300048828125,1347.0999755859375,1395.300048828125,0
2008-10-23,1305.2813720703125,1305.3499755859375,1349.6500244140625,1294.699951171875,1326.550048828125,0
2008-10-24,1190.1873779296875,1190.25,1293.5,1180.0999755859375,1293.5,0
2008-10-27,1143.18994140625,1143.25,1194.3499755859375,1063.4000244140625,1186.949951171875,0
2008-10-29,1187.887451171875,1187.949951171875,1255.5,1179.300048828125,1242.8499755859375,0
2008-10-31,1254.7840576171875,1254.8499755859375,1282.8499755859375,1193.949951171875,1193.949951171875,0
2008-11-03,1338.3297119140625,1338.4000244140625,1344.800048828125,1279.050048828125,1279.050048828125,0
2008-11-04,1385.8770751953125,1385.949951171875,1390.449951171875,1305.949951171875,1335.9000244140625,0
2008-11-05,1358.278564453125,1358.3499755859375,1433.5,1348.0999755859375,1390.0999755859375,0
2008-11-06,1320.2305908203125,1320.300048828125,1354.8499755859375,1290.550048828125,1338.199951171875,0
2008-11-07,1336.1297607421875,1336.199951171875,1345.9000244140625,1298.300048828125,1316.4000244140625,0
2008-11-10,1392.4267578125,1392.5,1396.1500244140625,1348.449951171875,1348.449951171875,0
2008-11-11,1329.6300048828125,1329.699951171875,1385.25,1323.75,1385.25,0
2008-11-12,1305.681396484375,1305.75,1334.699951171875,1286.550048828125,1320.5999755859375,0
2008-11-14,1284.282470703125,1284.3499755859375,1344.1500244140625,1280.25,1309.4000244140625,0
2008-11-17,1244.134521484375,1244.199951171875,1293.5,1225.050048828125,1288.8499755859375,0
2008-11-18,1212.2862548828125,1212.3499755859375,1234.800048828125,1205.699951171875,1234.800048828125,0
2008-11-19,1186.3875732421875,1186.449951171875,1226.949951171875,1181.800048828125,1215.8499755859375,0
2008-11-20,1142.7899169921875,1142.8499755859375,1168.0,1134.199951171875,1168.0,0
2008-11-21,1159.6890869140625,1159.75,1167.3499755859375,1125.300048828125,1150.050048828125,0
2008-11-24,1154.6893310546875,1154.75,1178.9000244140625,1145.0,1162.5,0
2008-11-25,1139.7401123046875,1139.800048828125,1180.0,1136.4000244140625,1165.949951171875,0
2008-11-26,1160.5389404296875,1160.5999755859375,1163.75,1125.699951171875,1137.050048828125,0
2008-11-28,1166.388671875,1166.449951171875,1172.8499755859375,1137.6500244140625,1147.800048828125,0
2008-12-01,1146.7896728515625,1146.8499755859375,1191.9000244140625,1145.0999755859375,1157.8499755859375,0
2008-12-02,1137.7901611328125,1137.8499755859375,1140.8499755859375,1112.550048828125,1134.949951171875,0
2008-12-03,1151.939453125,1152.0,1157.5,1140.949951171875,1140.949951171875,0
2008-12-04,1192.1373291015625,1192.199951171875,1197.5,1154.5,1154.5,0
2008-12-05,1167.03857421875,1167.0999755859375,1213.449951171875,1162.949951171875,1192.949951171875,0
2008-12-08,1166.23876953125,1166.300048828125,1206.800048828125,1162.050048828125,1185.3499755859375,0
2008-12-10,1206.4365234375,1206.5,1209.5999755859375,1171.300048828125,1171.4000244140625,0
2008-12-11,1244.984619140625,1245.050048828125,1251.4000244140625,1208.949951171875,1209.4000244140625,0
2008-12-12,1253.8341064453125,1253.9000244140625,1260.550048828125,1209.0999755859375,1235.699951171875,0
2008-12-15,1305.2314453125,1305.300048828125,1316.5,1259.550048828125,1260.800048828125,0
2008-12-16,1331.929931640625,1332.0,1338.25,1303.300048828125,1303.300048828125,0
2008-12-17,1272.983154296875,1273.050048828125,1349.8499755859375,1266.1500244140625,1338.6500244140625,0
2008-12-18,1313.680908203125,1313.75,1319.449951171875,1256.550048828125,1271.8499755859375,0
2008-12-19,1335.7298583984375,1335.800048828125,1341.949951171875,1311.449951171875,1312.5999755859375,0
2008-12-22,1328.880126953125,1328.949951171875,1369.300048828125,1322.5999755859375,1340.3499755859375,0
2008-12-23,1291.0821533203125,1291.1500244140625,1327.699951171875,1288.5999755859375,1321.5,0
2008-12-24,1274.0830078125,1274.1500244140625,1285.199951171875,1268.199951171875,1284.300048828125,0
2008-12-26,1257.73388671875,1257.800048828125,1300.8499755859375,1253.199951171875,1280.300048828125,0
2008-12-29,1272.7830810546875,1272.8499755859375,1278.1500244140625,1238.550048828125,1259.300048828125,0
2008-12-30,1309.3311767578125,1309.4000244140625,1313.75,1276.6500244140625,1277.6500244140625,0
2008-12-31,1317.880615234375,1317.949951171875,1340.800048828125,1310.300048828125,1316.449951171875,0
2009-01-02,1391.4268798828125,1391.5,1402.9000244140625,1363.4000244140625,1365.300048828125,0
2009-01-05,1414.32568359375,1414.4000244140625,1422.199951171875,1394.5,1394.5,0
2009-01-06,1408.3758544921875,1408.449951171875,1435.699951171875,1389.25,1402.949951171875,0
2009-01-07,1294.7818603515625,1294.8499755859375,1430.550048828125,1276.8499755859375,1415.8499755859375,0
2009-01-09,1245.3345947265625,1245.4000244140625,1292.5,1203.3499755859375,1286.5999755859375,0
2009-01-12,1224.1356201171875,1224.199951171875,1248.8499755859375,1212.75,1243.25,0
2009-01-13,1191.037353515625,1191.0999755859375,1240.0999755859375,1182.300048828125,1224.3499755859375,0
2009-01-14,1230.4853515625,1230.550048828125,1235.550048828125,1193.1500244140625,1193.1500244140625,0
2009-01-15,1206.9365234375,1207.0,1213.3499755859375,1181.0999755859375,1211.550048828125,0
2009-01-16,1219.3858642578125,1219.449951171875,1229.5,1209.300048828125,1209.550048828125,0
2009-01-19,1223.4356689453125,1223.5,1229.949951171875,1217.1500244140625,1221.0999755859375,0
2009-01-20,1208.6363525390625,1208.699951171875,1216.0,1201.800048828125,1215.449951171875,0
2009-01-21,1170.138427734375,1170.199951171875,1209.5,1166.0,1208.699951171875,0
2009-01-22,1155.08935546875,1155.1500244140625,1188.949951171875,1148.3499755859375,1185.449951171875,0
2009-01-23,1133.6904296875,1133.75,1155.6500244140625,1126.75,1154.75,0
2009-01-27,1136.7901611328125,1136.8499755859375,1143.949951171875,1129.8499755859375,1132.699951171875,0
2009-01-28,1160.138916015625,1160.199951171875,1164.3499755859375,1139.4000244140625,1139.699951171875,0
2009-01-29,1156.7891845703125,1156.8499755859375,1177.1500244140625,1147.800048828125,1161.5999755859375,0
2009-01-30,1172.038330078125,1172.0999755859375,1173.4000244140625,1141.949951171875,1146.449951171875,0
2009-02-02,1148.839599609375,1148.9000244140625,1173.949951171875,1144.1500244140625,1166.5,0
2009-02-03,1137.7901611328125,1137.8499755859375,1163.3499755859375,1128.550048828125,1151.449951171875,0
2009-02-04,1128.8406982421875,1128.9000244140625,1151.6500244140625,1125.6500244140625,1141.0999755859375,0
2009-02-05,1119.691162109375,1119.75,1138.75,1113.300048828125,1132.8499755859375,0
2009-02-06,1138.240234375,1138.300048828125,1147.9000244140625,1127.3499755859375,1127.3499755859375,0
2009-02-09,1170.0384521484375,1170.0999755859375,1171.3499755859375,1141.9000244140625,1141.9000244140625,0
2009-02-10,1186.03759765625,1186.0999755859375,1195.8499755859375,1171.199951171875,1171.199951171875,0
2009-02-11,1190.83740234375,1190.9000244140625,1194.0,1165.3499755859375,1169.4000244140625,0
2009-02-12,1187.03759765625,1187.0999755859375,1204.75,1184.6500244140625,1187.0999755859375,0
2009-02-13,1195.287109375,1195.3499755859375,1206.0999755859375,1192.0,1193.5999755859375,0
2009-02-16,1166.2886962890625,1166.3499755859375,1203.1500244140625,1163.699951171875,1196.9000244140625,0
2009-02-17,1127.5906982421875,1127.6500244140625,1166.199951171875,1125.5,1166.199951171875,0
2009-02-18,1119.8411865234375,1119.9000244140625,1132.449951171875,1114.5,1124.9000244140625,0
2009-02-19,1116.291259765625,1116.3499755859375,1134.5,1113.9000244140625,1117.699951171875,0
2009-02-20,1104.69189453125,1104.75,1113.699951171875,1096.449951171875,1113.699951171875,0
2009-02-24,1085.343017578125,1085.4000244140625,1101.800048828125,1073.25,1101.800048828125,0
2009-02-25,1089.8427734375,1089.9000244140625,1105.5,1087.1500244140625,1090.8499755859375,0
2009-02-26,1089.6927490234375,1089.75,1093.0999755859375,1080.4000244140625,1089.6500244140625,0
2009-02-27,1088.792724609375,1088.8499755859375,1095.949951171875,1076.199951171875,1093.25,0
2009-03-02,1062.3441162109375,1062.4000244140625,1081.9000244140625,1057.5,1081.9000244140625,0
2009-03-03,1042.295166015625,1042.3499755859375,1062.300048828125,1039.3499755859375,1062.199951171875,0
2009-03-04,1038.79541015625,1038.8499755859375,1052.25,1036.5,1041.8499755859375,0
2009-03-05,1015.49658203125,1015.5499877929688,1052.1500244140625,1010.5499877929688,1045.0,0
2009-03-06,1013.7467041015625,1013.7999877929688,1016.5499877929688,991.9500122070312,1006.9000244140625,0
2009-03-09,993.19775390625,993.25,1008.5499877929688,991.2999877929688,1008.2999877929688,0
2009-03-12,998.697509765625,998.75,1007.5999755859375,993.7000122070312,997.75,0
2009-03-13,1032.295654296875,1032.3499755859375,1033.8499755859375,1005.7999877929688,1005.7999877929688,0
2009-03-16,1069.3936767578125,1069.449951171875,1071.4000244140625,1035.8499755859375,1038.5,0
2009-03-17,1062.994140625,1063.050048828125,1085.550048828125,1060.75,1069.949951171875,0
2009-03-18,1082.39306640625,1082.449951171875,1102.9000244140625,1069.5999755859375,1069.5999755859375,0
2009-03-19,1084.29296875,1084.3499755859375,1098.75,1074.1500244140625,1089.0,0
2009-03-20,1080.3931884765625,1080.449951171875,1086.75,1073.1500244140625,1084.800048828125,0
2009-03-23,1113.5413818359375,1113.5999755859375,1113.9000244140625,1084.25,1084.25,0
2009-03-24,1101.0421142578125,1101.0999755859375,1139.1500244140625,1095.050048828125,1119.949951171875,0
2009-03-25,1110.1416015625,1110.199951171875,1113.300048828125,1090.3499755859375,1101.6500244140625,0
2009-03-26,1140.1900634765625,1140.25,1142.6500244140625,1115.5,1115.5,0
2009-03-27,1175.188232421875,1175.25,1177.199951171875,1137.4000244140625,1146.5999755859375,0
2009-03-30,1139.7401123046875,1139.800048828125,1168.5999755859375,1132.5999755859375,1168.5999755859375,0
2009-03-31,1164.938720703125,1165.0,1174.199951171875,1141.199951171875,1148.75,0
2009-04-01,1185.187744140625,1185.25,1193.25,1161.3499755859375,1164.300048828125,0
2009-04-02,1239.73486328125,1239.800048828125,1252.25,1201.5999755859375,1201.5999755859375,0
2009-04-06,1265.9835205078125,1266.050048828125,1282.5,1242.25,1245.6500244140625,0
2009-04-08,1307.6812744140625,1307.75,1311.199951171875,1222.699951171875,1252.5999755859375,0
2009-04-09,1317.6307373046875,1317.699951171875,1340.0999755859375,1299.25,1320.9000244140625,0
2009-04-13,1360.5784912109375,1360.6500244140625,1369.0,1326.75,1327.75,0
2009-04-15,1436.8743896484375,1436.949951171875,1443.4000244140625,1347.199951171875,1359.9000244140625,0
2009-04-16,1358.9786376953125,1359.050048828125,1478.6500244140625,1350.550048828125,1435.5999755859375,0
2009-04-17,1370.177978515625,1370.25,1418.949951171875,1355.949951171875,1362.050048828125,0
2009-04-20,1380.12744140625,1380.199951171875,1412.550048828125,1362.300048828125,1373.9000244140625,0
2009-04-21,1378.5274658203125,1378.5999755859375,1388.75,1353.199951171875,1374.4000244140625,0
2009-04-22,1357.57861328125,1357.6500244140625,1407.9000244140625,1346.050048828125,1380.5999755859375,0
2009-04-23,1386.1270751953125,1386.199951171875,1391.699951171875,1335.300048828125,1356.25,0
2009-04-24,1408.52587890625,1408.5999755859375,1412.0,1386.5999755859375,1386.5999755859375,0
2009-04-27,1399.1763916015625,1399.25,1433.550048828125,1390.8499755859375,1407.300048828125,0
2009-04-28,1334.77978515625,1334.8499755859375,1406.699951171875,1330.699951171875,1398.199951171875,0
2009-04-29,1362.9783935546875,1363.050048828125,1367.800048828125,1335.550048828125,1335.550048828125,0
2009-05-04,1432.9747314453125,1433.050048828125,1435.1500244140625,1385.0999755859375,1385.0999755859375,0
2009-05-05,1464.8729248046875,1464.949951171875,1470.4000244140625,1434.800048828125,1434.800048828125,0
2009-05-06,1438.474365234375,1438.550048828125,1494.0999755859375,1427.0,1467.6500244140625,0
2009-05-07,1477.372314453125,1477.449951171875,1482.5999755859375,1439.949951171875,1439.949951171875,0
2009-05-08,1477.3223876953125,1477.4000244140625,1498.5,1446.300048828125,1482.199951171875,0
2009-05-11,1447.923828125,1448.0,1498.1500244140625,1437.5,1484.0999755859375,0
2009-05-12,1464.1229248046875,1464.199951171875,1466.0,1421.800048828125,1441.949951171875,0
2009-05-13,1457.5233154296875,1457.5999755859375,1495.5,1449.050048828125,1465.75,0
2009-05-14,1473.9725341796875,1474.050048828125,1477.0,1417.6500244140625,1437.1500244140625,0
2009-05-15,1494.5714111328125,1494.6500244140625,1510.25,1477.5,1477.5,0
2009-05-18,1703.71044921875,1703.800048828125,1711.6500244140625,1564.050048828125,1564.050048828125,0
2009-05-19,1757.257568359375,1757.3499755859375,1794.75,1589.5999755859375,1730.6500244140625,0
2009-05-20,1908.849609375,1908.949951171875,1910.1500244140625,1754.300048828125,1756.1500244140625,0
2009-05-21,1895.9002685546875,1896.0,1969.3499755859375,1861.25,1906.8499755859375,0
2009-05-22,1920.4990234375,1920.5999755859375,1923.6500244140625,1855.5,1882.0,0
2009-05-25,1965.546630859375,1965.6500244140625,1974.949951171875,1931.75,1938.9000244140625,0
2009-05-26,1885.100830078125,1885.199951171875,1996.75,1864.6500244140625,1975.9000244140625,0
2009-05-27,1964.2967529296875,1964.4000244140625,1965.1500244140625,1906.8499755859375,1906.8499755859375,0
2009-05-28,1975.74609375,1975.8499755859375,1985.4000244140625,1956.300048828125,1966.0,0
2009-05-29,2031.3431396484375,2031.449951171875,2048.25,1987.199951171875,1987.199951171875,0
2009-06-01,2101.789306640625,2101.89990234375,2103.25,2050.35009765625,2050.35009765625,0
2009-06-02,2123.33837890625,2123.449951171875,2129.39990234375,2060.64990234375,2107.699951171875,0
2009-06-03,2158.1865234375,2158.300048828125,2177.75,2108.89990234375,2121.5,0
2009-06-04,2211.78369140625,2211.89990234375,2214.0,2142.25,2149.800048828125,0
2009-06-05,2198.484619140625,2198.60009765625,2250.300048828125,2188.39990234375,2228.64990234375,0
2009-06-08,2079.190673828125,2079.300048828125,2230.60009765625,2064.550048828125,2211.75,0
2009-06-09,2154.98681640625,2155.10009765625,2164.60009765625,2010.050048828125,2072.25,0
2009-06-10,2209.53369140625,2209.64990234375,2230.800048828125,2169.25,2169.25,0
2009-06-11,2190.684814453125,2190.800048828125,2224.800048828125,2162.5,2209.949951171875,0
2009-06-12,2132.488037109375,2132.60009765625,2218.800048828125,2125.5,2204.699951171875,0
2009-06-15,2106.13916015625,2106.25,2158.89990234375,2095.550048828125,2125.699951171875,0
2009-06-16,2129.088134765625,2129.199951171875,2137.699951171875,2070.25,2091.75,0
2009-06-17,2048.59228515625,2048.699951171875,2153.699951171875,2034.949951171875,2134.89990234375,0
2009-06-18,1987.3955078125,1987.5,2067.89990234375,1953.199951171875,2049.800048828125,0
2009-06-19,2030.09326171875,2030.199951171875,2037.5999755859375,1976.75,2004.5,0
2009-06-22,2019.893798828125,2020.0,2065.35009765625,2015.0999755859375,2048.800048828125,0
2009-06-23,2023.293701171875,2023.4000244140625,2029.8499755859375,1968.1500244140625,1996.699951171875,0
2009-06-24,2075.490966796875,2075.60009765625,2079.14990234375,2029.699951171875,2029.699951171875,0
2009-06-25,2063.99169921875,2064.10009765625,2115.10009765625,2057.35009765625,2087.25,0
2009-06-26,2114.3388671875,2114.449951171875,2117.0,2073.60009765625,2080.89990234375,0
2009-06-29,2135.437744140625,2135.550048828125,2149.35009765625,2113.60009765625,2123.699951171875,0
2009-06-30,2060.091552734375,2060.199951171875,2164.550048828125,2049.14990234375,2144.550048828125,0
2009-07-01,2083.290283203125,2083.39990234375,2091.39990234375,2026.1500244140625,2068.14990234375,0
2009-07-02,2081.99072265625,2082.10009765625,2105.449951171875,2062.75,2087.550048828125,0
2009-07-03,2113.038818359375,2113.14990234375,2118.5,2063.699951171875,2072.14990234375,0
2009-07-06,1985.3956298828125,1985.5,2136.14990234375,1976.699951171875,2119.5,0
2009-07-07,2013.494140625,2013.5999755859375,2022.0,1968.5,1991.949951171875,0
2009-07-08,1936.898193359375,1937.0,2003.8499755859375,1929.9000244140625,2003.8499755859375,0
2009-07-09,1951.79736328125,1951.9000244140625,1966.0,1918.4000244140625,1943.75,0
2009-07-10,1903.9998779296875,1904.0999755859375,1973.949951171875,1888.25,1950.3499755859375,0
2009-07-13,1841.003173828125,1841.0999755859375,1886.800048828125,1813.1500244140625,1886.800048828125,0
2009-07-14,1920.6490478515625,1920.75,1929.5,1856.5999755859375,1856.5999755859375,0
2009-07-15,2013.3441162109375,2013.449951171875,2018.9000244140625,1918.300048828125,1918.300048828125,0
2009-07-16,2008.494384765625,2008.5999755859375,2056.25,1998.75,2039.1500244140625,0
2009-07-17,2056.841796875,2056.949951171875,2063.10009765625,2008.6500244140625,2008.6500244140625,0
2009-07-20,2106.2890625,2106.39990234375,2109.25,2070.199951171875,2070.199951171875,0
2009-07-21,2103.939453125,2104.050048828125,2118.800048828125,2082.39990234375,2112.75,0
2009-07-22,2079.190673828125,2079.300048828125,2146.449951171875,2068.10009765625,2107.64990234375,0
2009-07-23,2126.23828125,2126.35009765625,2131.25,2095.60009765625,2095.60009765625,0
2009-07-24,2168.385986328125,2168.5,2173.0,2134.050048828125,2144.699951171875,0
2009-07-27,2197.384521484375,2197.5,2203.300048828125,2173.60009765625,2173.60009765625,0
2009-07-28,2222.0830078125,2222.199951171875,2229.85009765625,2197.75,2200.25,0
2009-07-29,2200.234375,2200.35009765625,2242.64990234375,2144.35009765625,2215.75,0
2009-07-30,2210.933837890625,2211.050048828125,2225.60009765625,2186.699951171875,2206.300048828125,0
2009-07-31,2231.182861328125,2231.300048828125,2263.050048828125,2213.60009765625,2228.0,0
2009-08-03,2277.430419921875,2277.550048828125,2279.550048828125,2232.5,2233.35009765625,0
2009-08-04,2258.681396484375,2258.800048828125,2293.25,2235.699951171875,2287.64990234375,0
2009-08-05,2251.08154296875,2251.199951171875,2278.449951171875,2237.75,2259.89990234375,0
2009-08-06,2199.684326171875,2199.800048828125,2266.85009765625,2191.300048828125,2248.300048828125,0
2009-08-07,2147.4873046875,2147.60009765625,2205.800048828125,2141.60009765625,2175.85009765625,0
2009-08-10,2105.639404296875,2105.75,2186.10009765625,2094.75,2168.25,0
2009-08-11,2139.387451171875,2139.5,2152.5,2097.75,2109.300048828125,0
2009-08-12,2146.587158203125,2146.699951171875,2152.550048828125,2097.300048828125,2129.0,0
2009-08-13,2223.3330078125,2223.449951171875,2228.60009765625,2165.300048828125,2165.300048828125,0
2009-08-14,2233.1826171875,2233.300048828125,2248.550048828125,2215.449951171875,2233.75,0
2009-08-17,2135.3876953125,2135.5,2210.75,2129.64990234375,2210.75,0
2009-08-18,2184.585205078125,2184.699951171875,2188.050048828125,2132.0,2132.449951171875,0
2009-08-19,2162.186279296875,2162.300048828125,2219.25,2148.800048828125,2189.39990234375,0
2009-08-20,2174.78564453125,2174.89990234375,2196.5,2169.60009765625,2175.10009765625,0
2009-08-21,2199.334228515625,2199.449951171875,2201.449951171875,2162.85009765625,2178.25,0
2009-08-24,2260.0810546875,2260.199951171875,2265.800048828125,2222.75,2222.75,0
2009-08-25,2282.97998046875,2283.10009765625,2285.60009765625,2248.0,2259.10009765625,0
2009-08-26,2312.678466796875,2312.800048828125,2318.39990234375,2288.449951171875,2288.449951171875,0
2009-08-27,2314.62841796875,2314.75,2335.10009765625,2306.050048828125,2313.60009765625,0
2009-08-28,2330.4775390625,2330.60009765625,2341.5,2301.14990234375,2320.300048828125,0
2009-08-31,2322.8779296875,2323.0,2348.64990234375,2305.60009765625,2307.199951171875,0
2009-09-01,2296.42919921875,2296.550048828125,2357.60009765625,2288.39990234375,2333.949951171875,0
2009-09-02,2291.929443359375,2292.050048828125,2314.89990234375,2281.550048828125,2295.60009765625,0
2009-09-03,2289.629638671875,2289.75,2321.300048828125,2282.39990234375,2302.39990234375,0
2009-09-04,2321.427978515625,2321.550048828125,2324.800048828125,2282.89990234375,2297.64990234375,0
2009-09-07,2359.926025390625,2360.050048828125,2362.89990234375,2330.35009765625,2330.35009765625,0
2009-09-08,2354.17626953125,2354.300048828125,2383.0,2342.0,2371.550048828125,0
2009-09-09,2347.7265625,2347.85009765625,2367.89990234375,2335.10009765625,2347.300048828125,0
2009-09-10,2341.626953125,2341.75,2384.25,2333.35009765625,2369.14990234375,0
2009-09-11,2337.227294921875,2337.35009765625,2374.64990234375,2315.050048828125,2347.199951171875,0
2009-09-14,2335.5771484375,2335.699951171875,2341.85009765625,2309.85009765625,2338.699951171875,0
2009-09-15,2388.37451171875,2388.5,2391.10009765625,2337.75,2337.75,0
2009-09-16,2426.172607421875,2426.300048828125,2430.949951171875,2400.550048828125,2403.199951171875,0
2009-09-17,2433.77197265625,2433.89990234375,2452.14990234375,2411.25,2427.449951171875,0
2009-09-18,2441.571533203125,2441.699951171875,2445.89990234375,2416.35009765625,2435.10009765625,0
2009-09-22,2467.17041015625,2467.300048828125,2474.85009765625,2448.800048828125,2448.800048828125,0
2009-09-23,2436.971923828125,2437.10009765625,2478.050048828125,2432.550048828125,2467.85009765625,0
2009-09-24,2452.171142578125,2452.300048828125,2457.449951171875,2401.0,2415.5,0
2009-09-25,2467.0703125,2467.199951171875,2478.35009765625,2435.10009765625,2441.699951171875,0
2009-09-29,2493.618896484375,2493.75,2500.60009765625,2471.5,2471.5,0
2009-09-30,2512.91796875,2513.050048828125,2515.949951171875,2495.449951171875,2495.449951171875,0
2009-10-01,2507.46826171875,2507.60009765625,2527.5,2501.89990234375,2502.050048828125,0
2009-10-05,2464.620361328125,2464.75,2509.949951171875,2460.10009765625,2494.949951171875,0
2009-10-06,2470.920166015625,2471.050048828125,2492.85009765625,2418.800048828125,2472.5,0
2009-10-07,2504.818359375,2504.949951171875,2534.699951171875,2478.89990234375,2478.89990234375,0
2009-10-08,2528.067138671875,2528.199951171875,2540.25,2509.10009765625,2519.550048828125,0
2009-10-09,2516.567626953125,2516.699951171875,2569.64990234375,2508.39990234375,2550.050048828125,0
2009-10-12,2566.715087890625,2566.85009765625,2571.449951171875,2526.60009765625,2526.60009765625,0
2009-10-14,2604.31298828125,2604.449951171875,2609.75,2576.699951171875,2576.699951171875,0
2009-10-15,2610.11279296875,2610.25,2631.300048828125,2592.300048828125,2606.0,0
2009-10-16,2635.861328125,2636.0,2638.550048828125,2612.5,2614.75,0
2009-10-20,2643.961181640625,2644.10009765625,2666.800048828125,2632.550048828125,2650.300048828125,0
2009-10-21,2598.51318359375,2598.64990234375,2659.0,2591.0,2645.89990234375,0
2009-10-22,2535.166748046875,2535.300048828125,2601.949951171875,2520.25,2597.85009765625,0
2009-10-23,2556.315673828125,2556.449951171875,2584.199951171875,2545.050048828125,2550.64990234375,0
2009-10-26,2518.817626953125,2518.949951171875,2566.14990234375,2514.89990234375,2553.64990234375,0
2009-10-27,2427.572265625,2427.699951171875,2512.10009765625,2414.050048828125,2504.800048828125,0
2009-10-28,2414.873046875,2415.0,2437.25,2370.35009765625,2422.85009765625,0
2009-10-29,2358.575927734375,2358.699951171875,2402.14990234375,2350.60009765625,2395.64990234375,0
2009-10-30,2356.8759765625,2357.0,2432.449951171875,2350.449951171875,2383.0,0
2009-11-03,2276.98046875,2277.10009765625,2364.25,2270.0,2350.5,0
2009-11-04,2356.126220703125,2356.25,2364.10009765625,2267.199951171875,2301.0,0
2009-11-05,2406.2236328125,2406.35009765625,2411.60009765625,2342.800048828125,2358.050048828125,0
2009-11-06,2448.42138671875,2448.550048828125,2468.85009765625,2422.64990234375,2422.64990234375,0
2009-11-09,2507.1181640625,2507.25,2512.89990234375,2449.050048828125,2460.39990234375,0
2009-11-10,2495.118896484375,2495.25,2537.0,2487.14990234375,2508.300048828125,0
2009-11-11,2564.815185546875,2564.949951171875,2566.60009765625,2494.5,2500.14990234375,0
2009-11-12,2528.417236328125,2528.550048828125,2576.0,2514.949951171875,2570.449951171875,0
2009-11-13,2538.31640625,2538.449951171875,2550.949951171875,2524.10009765625,2525.89990234375,0
2009-11-16,2563.815185546875,2563.949951171875,2571.699951171875,2548.14990234375,2548.14990234375,0
2009-11-17,2563.46533203125,2563.60009765625,2588.39990234375,2543.39990234375,2572.300048828125,0
2009-11-18,2570.314697265625,2570.449951171875,2582.85009765625,2558.89990234375,2563.050048828125,0
2009-11-19,2518.11767578125,2518.25,2587.5,2503.800048828125,2576.550048828125,0
2009-11-20,2548.166015625,2548.300048828125,2555.449951171875,2479.449951171875,2506.800048828125,0
2009-11-23,2554.415771484375,2554.550048828125,2567.800048828125,2540.89990234375,2566.5,0
2009-11-24,2566.614990234375,2566.75,2586.39990234375,2545.550048828125,2556.35009765625,0
2009-11-25,2557.5654296875,2557.699951171875,2592.25,2549.89990234375,2573.64990234375,0
2009-11-26,2508.51806640625,2508.64990234375,2561.64990234375,2501.800048828125,2552.300048828125,0
2009-11-27,2479.4697265625,2479.60009765625,2506.25,2401.89990234375,2506.25,0
2009-11-30,2527.71728515625,2527.85009765625,2540.199951171875,2506.800048828125,2506.800048828125,0
2009-12-01,2572.61474609375,2572.75,2576.050048828125,2538.050048828125,2538.050048828125,0
2009-12-02,2586.56396484375,2586.699951171875,2605.89990234375,2581.0,2581.0,0
2009-12-03,2611.062744140625,2611.199951171875,2637.300048828125,2592.25,2603.25,0
2009-12-04,2612.262451171875,2612.39990234375,2629.35009765625,2597.699951171875,2610.75,0
2009-12-07,2590.513671875,2590.64990234375,2626.64990234375,2581.75,2616.300048828125,0
2009-12-08,2628.911865234375,2629.050048828125,2631.35009765625,2587.949951171875,2593.800048828125,0
2009-12-09,2614.762451171875,2614.89990234375,2639.300048828125,2606.5,2621.699951171875,0
2009-12-10,2625.81201171875,2625.949951171875,2629.449951171875,2606.550048828125,2614.85009765625,0
2009-12-11,2603.762939453125,2603.89990234375,2648.39990234375,2592.5,2634.25,0
2009-12-14,2588.81396484375,2588.949951171875,2614.39990234375,2579.85009765625,2606.949951171875,0
2009-12-15,2541.91650390625,2542.050048828125,2599.800048828125,2536.449951171875,2592.050048828125,0
2009-12-16,2560.765380859375,2560.89990234375,2565.699951171875,2521.949951171875,2544.10009765625,0
2009-12-17,2583.064208984375,2583.199951171875,2589.85009765625,2560.5,2563.39990234375,0
2009-12-18,2562.415283203125,2562.550048828125,2594.64990234375,2555.699951171875,2594.64990234375,0
2009-12-21,2545.26611328125,2545.39990234375,2584.0,2542.300048828125,2573.5,0
2009-12-22,2555.36572265625,2555.5,2573.050048828125,2539.0,2539.0,0
2009-12-23,2613.462646484375,2613.60009765625,2616.199951171875,2558.60009765625,2558.60009765625,0
2009-12-24,2625.712158203125,2625.85009765625,2641.300048828125,2615.449951171875,2623.14990234375,0
2009-12-29,2636.01123046875,2636.14990234375,2649.85009765625,2629.050048828125,2629.050048828125,0
2009-12-30,2645.410888671875,2645.550048828125,2651.39990234375,2637.10009765625,2637.10009765625,0
2009-12-31,2642.010986328125,2642.14990234375,2667.699951171875,2638.14990234375,2652.699951171875,0
2010-01-04,2689.708740234375,2689.85009765625,2696.25,2645.64990234375,2646.5,0
2010-01-05,2744.15576171875,2744.300048828125,2748.199951171875,2708.75,2710.39990234375,0
2010-01-06,2759.804931640625,2759.949951171875,2767.550048828125,2739.5,2754.75,0
2010-01-07,2741.10595703125,2741.25,2769.85009765625,2735.449951171875,2762.199951171875,0
2010-01-08,2744.005615234375,2744.14990234375,2759.699951171875,2736.35009765625,2748.5,0
2010-01-11,2758.054931640625,2758.199951171875,2776.199951171875,2750.050048828125,2758.449951171875,0
2010-01-12,2726.756591796875,2726.89990234375,2777.75,2717.85009765625,2762.800048828125,0
2010-01-13,2756.005126953125,2756.14990234375,2760.25,2702.5,2713.449951171875,0
2010-01-14,2785.95361328125,2786.10009765625,2793.050048828125,2773.14990234375,2777.550048828125,0
2010-01-15,2794.60302734375,2794.75,2813.0,2786.800048828125,2798.550048828125,0
2010-01-18,2797.85302734375,2798.0,2803.39990234375,2784.35009765625,2788.0,0
2010-01-19,2765.15478515625,2765.300048828125,2813.449951171875,2760.0,2797.699951171875,0
2010-01-20,2746.455810546875,2746.60009765625,2793.89990234375,2736.64990234375,2772.85009765625,0
2010-01-21,2670.15966796875,2670.300048828125,2744.64990234375,2657.60009765625,2742.300048828125,0
2010-01-22,2644.611083984375,2644.75,2651.949951171875,2557.85009765625,2649.0,0
2010-01-25,2602.26318359375,2602.39990234375,2633.800048828125,2595.449951171875,2633.800048828125,0
2010-01-27,2492.118896484375,2492.25,2591.64990234375,2477.85009765625,2583.449951171875,0
2010-01-28,2500.66845703125,2500.800048828125,2538.199951171875,2480.949951171875,2518.699951171875,0
2010-01-29,2539.06640625,2539.199951171875,2548.300048828125,2428.300048828125,2491.0,0
2010-02-01,2583.8642578125,2584.0,2596.39990234375,2518.300048828125,2531.10009765625,0
2010-02-02,2551.015869140625,2551.14990234375,2625.60009765625,2544.199951171875,2602.5,0
2010-02-03,2612.112548828125,2612.25,2615.75,2553.10009765625,2553.10009765625,0
2010-02-04,2543.666259765625,2543.800048828125,2614.35009765625,2537.75,2609.85009765625,0
2010-02-05,2479.319580078125,2479.449951171875,2526.75,2454.550048828125,2526.75,0
2010-02-08,2513.56787109375,2513.699951171875,2533.10009765625,2466.0,2509.0,0
2010-02-09,2539.966552734375,2540.10009765625,2542.300048828125,2506.35009765625,2513.10009765625,0
2010-02-10,2522.117431640625,2522.25,2570.10009765625,2516.5,2545.0,0
2010-02-11,2547.716064453125,2547.85009765625,2558.25,2533.199951171875,2533.199951171875,0
2010-02-15,2541.616455078125,2541.75,2562.85009765625,2535.14990234375,2553.85009765625,0
2010-02-16,2566.215087890625,2566.35009765625,2574.14990234375,2528.699951171875,2544.949951171875,0
2010-02-17,2596.5634765625,2596.699951171875,2603.699951171875,2580.25,2580.25,0
2010-02-18,2581.01416015625,2581.14990234375,2602.64990234375,2571.949951171875,2598.60009765625,0
2010-02-19,2537.216796875,2537.35009765625,2570.85009765625,2518.949951171875,2570.85009765625,0
2010-02-22,2519.167724609375,2519.300048828125,2573.0,2514.449951171875,2558.10009765625,0
2010-02-23,2506.51806640625,2506.64990234375,2526.10009765625,2499.75,2517.39990234375,0
2010-02-24,2501.218505859375,2501.35009765625,2509.85009765625,2486.89990234375,2497.5,0
2010-02-25,2483.0693359375,2483.199951171875,2512.25,2477.550048828125,2506.75,0
2010-02-26,2515.517578125,2515.64990234375,2546.5,2483.949951171875,2487.199951171875,0
2010-03-02,2574.914794921875,2575.050048828125,2580.35009765625,2528.300048828125,2528.300048828125,0
2010-03-03,2615.5625,2615.699951171875,2618.5,2582.0,2582.0,0
2010-03-04,2641.31103515625,2641.449951171875,2643.550048828125,2616.449951171875,2622.10009765625,0
2010-03-05,2666.909912109375,2667.050048828125,2672.25,2643.199951171875,2643.199951171875,0
2010-03-08,2679.6591796875,2679.800048828125,2699.550048828125,2664.89990234375,2673.39990234375,0
2010-03-09,2651.460693359375,2651.60009765625,2683.050048828125,2645.800048828125,2679.89990234375,0
2010-03-10,2642.260986328125,2642.39990234375,2671.300048828125,2626.14990234375,2643.550048828125,0
2010-03-11,2643.861083984375,2644.0,2650.449951171875,2624.0,2640.300048828125,0
2010-03-12,2639.311279296875,2639.449951171875,2657.550048828125,2629.550048828125,2652.050048828125,0
2010-03-15,2628.76171875,2628.89990234375,2641.800048828125,2610.85009765625,2641.800048828125,0
2010-03-16,2655.810302734375,2655.949951171875,2657.699951171875,2630.10009765625,2638.14990234375,0
2010-03-17,2668.959716796875,2669.10009765625,2686.10009765625,2660.550048828125,2666.0,0
2010-03-18,2681.30908203125,2681.449951171875,2683.949951171875,2662.64990234375,2671.39990234375,0
2010-03-19,2683.85888671875,2684.0,2692.14990234375,2675.949951171875,2683.699951171875,0
2010-03-22,2663.7099609375,2663.85009765625,2683.39990234375,2644.449951171875,2683.39990234375,0
2010-03-23,2683.958984375,2684.10009765625,2688.5,2664.60009765625,2664.60009765625,0
2010-03-25,2673.409423828125,2673.550048828125,2690.39990234375,2667.25,2683.75,0
2010-03-26,2694.658447265625,2694.800048828125,2701.050048828125,2675.10009765625,2675.10009765625,0
2010-03-29,2692.20849609375,2692.35009765625,2710.14990234375,2685.0,2706.050048828125,0
2010-03-30,2686.10888671875,2686.25,2710.14990234375,2678.35009765625,2700.10009765625,0
2010-03-31,2692.808349609375,2692.949951171875,2699.199951171875,2680.0,2693.550048828125,0
2010-04-01,2712.807373046875,2712.949951171875,2715.39990234375,2696.949951171875,2696.949951171875,0
2010-04-05,2756.455078125,2756.60009765625,2759.949951171875,2719.39990234375,2719.39990234375,0
2010-04-06,2770.30419921875,2770.449951171875,2775.949951171875,2754.64990234375,2764.89990234375,0
2010-04-07,2776.85400390625,2777.0,2794.60009765625,2758.199951171875,2776.050048828125,0
2010-04-08,2758.705078125,2758.85009765625,2787.550048828125,2748.60009765625,2775.199951171875,0
2010-04-09,2791.853271484375,2792.0,2794.949951171875,2768.199951171875,2770.39990234375,0
2010-04-12,2785.103515625,2785.25,2806.10009765625,2779.699951171875,2801.25,0
2010-04-13,2780.353759765625,2780.5,2791.10009765625,2771.85009765625,2787.5,0
2010-04-15,2770.704345703125,2770.85009765625,2804.699951171875,2765.449951171875,2781.25,0
2010-04-16,2763.954833984375,2764.10009765625,2775.60009765625,2751.300048828125,2767.14990234375,0
2010-04-19,2724.306640625,2724.449951171875,2752.35009765625,2708.89990234375,2752.35009765625,0
2010-04-20,2763.854736328125,2764.0,2772.10009765625,2730.35009765625,2730.35009765625,0
2010-04-21,2780.3037109375,2780.449951171875,2796.449951171875,2769.85009765625,2769.85009765625,0
2010-04-22,2775.10400390625,2775.25,2795.25,2766.64990234375,2780.60009765625,0
2010-04-23,2782.40380859375,2782.550048828125,2790.300048828125,2767.449951171875,2777.75,0
2010-04-26,2799.802734375,2799.949951171875,2804.5,2785.39990234375,2785.39990234375,0
2010-04-27,2801.302734375,2801.449951171875,2817.0,2794.85009765625,2803.800048828125,0
2010-04-28,2770.05419921875,2770.199951171875,2793.85009765625,2757.10009765625,2787.14990234375,0
2010-04-29,2797.153076171875,2797.300048828125,2802.14990234375,2774.300048828125,2774.300048828125,0
2010-04-30,2837.850830078125,2838.0,2843.949951171875,2811.14990234375,2811.35009765625,0
2010-05-03,2828.701416015625,2828.85009765625,2844.64990234375,2820.199951171875,2831.89990234375,0
2010-05-04,2764.754638671875,2764.89990234375,2847.949951171875,2757.39990234375,2834.25,0
2010-05-05,2790.1533203125,2790.300048828125,2798.10009765625,2701.75,2730.550048828125,0
2010-05-06,2777.85400390625,2778.0,2799.0,2739.300048828125,2789.14990234375,0
2010-05-07,2689.15869140625,2689.300048828125,2748.050048828125,2662.60009765625,2748.050048828125,0
2010-05-10,2759.804931640625,2759.949951171875,2767.050048828125,2715.0,2715.0,0
2010-05-11,2728.406494140625,2728.550048828125,2771.050048828125,2720.85009765625,2762.199951171875,0
2010-05-12,2736.106201171875,2736.25,2746.0,2689.10009765625,2726.800048828125,0
2010-05-13,2767.304443359375,2767.449951171875,2777.25,2748.0,2748.0,0
2010-05-14,2728.50634765625,2728.64990234375,2772.449951171875,2719.35009765625,2769.10009765625,0
2010-05-17,2716.857177734375,2717.0,2723.949951171875,2661.550048828125,2710.39990234375,0
2010-05-18,2716.607177734375,2716.75,2735.39990234375,2709.550048828125,2719.35009765625,0
2010-05-19,2630.861572265625,2631.0,2705.39990234375,2625.10009765625,2700.949951171875,0
2010-05-20,2630.11181640625,2630.25,2668.449951171875,2618.35009765625,2641.5,0
2010-05-21,2601.313232421875,2601.449951171875,2609.25,2560.64990234375,2609.25,0
2010-05-24,2607.662841796875,2607.800048828125,2661.39990234375,2597.800048828125,2611.949951171875,0
2010-05-25,2522.767333984375,2522.89990234375,2591.89990234375,2511.75,2591.89990234375,0
2010-05-26,2557.765380859375,2557.89990234375,2564.199951171875,2529.699951171875,2529.699951171875,0
2010-05-27,2580.51416015625,2580.64990234375,2591.550048828125,2532.449951171875,2562.050048828125,0
2010-05-28,2629.26171875,2629.39990234375,2632.199951171875,2598.0,2598.0,0
2010-05-31,2654.26025390625,2654.39990234375,2657.75,2614.60009765625,2628.800048828125,0
2010-06-01,2611.912841796875,2612.050048828125,2674.25,2603.550048828125,2645.75,0
2010-06-02,2635.911376953125,2636.050048828125,2642.10009765625,2605.35009765625,2618.550048828125,0
2010-06-03,2676.75927734375,2676.89990234375,2680.89990234375,2660.10009765625,2660.10009765625,0
2010-06-04,2691.058349609375,2691.199951171875,2693.25,2665.949951171875,2682.0,0
2010-06-07,2649.11083984375,2649.25,2657.449951171875,2616.949951171875,2643.449951171875,0
2010-06-08,2626.9619140625,2627.10009765625,2678.300048828125,2612.199951171875,2657.0,0
2010-06-09,2641.961181640625,2642.10009765625,2655.449951171875,2627.39990234375,2630.85009765625,0
2010-06-10,2684.458984375,2684.60009765625,2685.75,2644.0,2644.0,0
2010-06-11,2682.058837890625,2682.199951171875,2708.89990234375,2672.300048828125,2700.60009765625,0
2010-06-14,2713.25732421875,2713.39990234375,2714.949951171875,2686.800048828125,2686.800048828125,0
2010-06-15,2731.70654296875,2731.85009765625,2737.60009765625,2707.64990234375,2720.949951171875,0
2010-06-16,2733.206298828125,2733.35009765625,2746.550048828125,2726.14990234375,2737.300048828125,0
2010-06-17,2739.35595703125,2739.5,2744.10009765625,2716.64990234375,2730.199951171875,0
2010-06-18,2718.507080078125,2718.64990234375,2756.75,2711.75,2748.5,0
2010-06-21,2761.65478515625,2761.800048828125,2767.75,2726.85009765625,2726.85009765625,0
2010-06-22,2744.3056640625,2744.449951171875,2764.199951171875,2739.64990234375,2761.449951171875,0
2010-06-23,2754.705322265625,2754.85009765625,2757.449951171875,2734.39990234375,2739.75,0
2010-06-24,2760.35498046875,2760.5,2772.60009765625,2748.14990234375,2757.800048828125,0
2010-06-25,2744.105712890625,2744.25,2774.300048828125,2740.35009765625,2760.75,0
2010-06-28,2778.25390625,2778.39990234375,2780.60009765625,2742.949951171875,2747.75,0
2010-06-29,2753.605224609375,2753.75,2789.800048828125,2744.75,2782.64990234375,0
2010-06-30,2766.3544921875,2766.5,2769.300048828125,2726.800048828125,2737.199951171875,0
2010-07-01,2744.755615234375,2744.89990234375,2758.60009765625,2738.699951171875,2757.10009765625,0
2010-07-02,2738.60595703125,2738.75,2763.0,2730.14990234375,2748.449951171875,0
2010-07-05,2722.60693359375,2722.75,2728.39990234375,2713.550048828125,2722.800048828125,0
2010-07-06,2743.8056640625,2743.949951171875,2748.800048828125,2726.10009765625,2726.10009765625,0
2010-07-07,2739.255859375,2739.39990234375,2755.60009765625,2729.0,2746.85009765625,0
2010-07-08,2761.40478515625,2761.550048828125,2773.64990234375,2750.60009765625,2750.60009765625,0
2010-07-09,2786.853515625,2787.0,2790.85009765625,2768.60009765625,2768.60009765625,0
2010-07-12,2790.9033203125,2791.050048828125,2806.5,2779.35009765625,2794.050048828125,0
2010-07-13,2809.602294921875,2809.75,2811.949951171875,2788.75,2792.050048828125,0
2010-07-14,2792.853271484375,2793.0,2832.449951171875,2787.89990234375,2825.64990234375,0
2010-07-15,2788.853271484375,2789.0,2798.949951171875,2777.85009765625,2793.75,0
2010-07-16,2797.052978515625,2797.199951171875,2801.5,2783.949951171875,2784.75,0
2010-07-19,2806.8525390625,2807.0,2812.75,2782.10009765625,2787.35009765625,0
2010-07-20,2802.902587890625,2803.050048828125,2823.35009765625,2795.75,2813.0,0
2010-07-21,2823.051513671875,2823.199951171875,2824.60009765625,2808.5,2808.5,0
2010-07-22,2835.30078125,2835.449951171875,2837.0,2817.300048828125,2823.14990234375,0
2010-07-23,2828.001220703125,2828.14990234375,2852.75,2822.199951171875,2844.35009765625,0
2010-07-26,2798.102783203125,2798.25,2834.89990234375,2789.699951171875,2830.199951171875,0
2010-07-27,2802.902587890625,2803.050048828125,2810.10009765625,2794.85009765625,2799.550048828125,0
2010-07-28,2801.302734375,2801.449951171875,2821.85009765625,2793.199951171875,2806.39990234375,0
2010-07-29,2791.05322265625,2791.199951171875,2808.39990234375,2787.5,2795.300048828125,0
2010-07-30,2795.953125,2796.10009765625,2816.75,2789.10009765625,2793.85009765625,0
2010-08-02,2829.05126953125,2829.199951171875,2831.39990234375,2811.5,2811.5,0
2010-08-03,2837.200927734375,2837.35009765625,2841.300048828125,2826.699951171875,2834.75,0
2010-08-04,2828.701416015625,2828.85009765625,2839.75,2816.699951171875,2835.14990234375,0
2010-08-05,2820.15185546875,2820.300048828125,2842.64990234375,2817.75,2832.10009765625,0
2010-08-06,2820.40185546875,2820.550048828125,2841.35009765625,2811.35009765625,2818.449951171875,0
2010-08-09,2850.35009765625,2850.5,2852.64990234375,2825.949951171875,2825.949951171875,0
2010-08-10,2834.551025390625,2834.699951171875,2867.5,2827.050048828125,2850.0,0
2010-08-11,2801.102783203125,2801.25,2838.39990234375,2797.60009765625,2827.85009765625,0
2010-08-12,2798.15283203125,2798.300048828125,2803.35009765625,2774.699951171875,2784.199951171875,0
2010-08-13,2833.85107421875,2834.0,2837.699951171875,2804.800048828125,2804.800048828125,0
2010-08-16,2841.75048828125,2841.89990234375,2862.60009765625,2825.85009765625,2838.85009765625,0
2010-08-17,2843.550537109375,2843.699951171875,2859.85009765625,2839.550048828125,2844.449951171875,0
2010-08-18,2875.298828125,2875.449951171875,2879.0,2844.39990234375,2848.89990234375,0
2010-08-19,2899.34765625,2899.5,2902.449951171875,2879.800048828125,2886.39990234375,0
2010-08-20,2891.39794921875,2891.550048828125,2900.64990234375,2882.550048828125,2899.39990234375,0
2010-08-23,2918.746337890625,2918.89990234375,2921.10009765625,2889.949951171875,2896.25,0
2010-08-24,2903.447509765625,2903.60009765625,2929.449951171875,2889.10009765625,2929.449951171875,0
2010-08-25,2872.049072265625,2872.199951171875,2906.39990234375,2863.35009765625,2896.199951171875,0
2010-08-26,2858.44970703125,2858.60009765625,2883.0,2856.35009765625,2876.449951171875,0
2010-08-27,2829.55126953125,2829.699951171875,2888.60009765625,2820.0,2861.550048828125,0
2010-08-30,2830.951171875,2831.10009765625,2869.300048828125,2810.89990234375,2846.5,0
2010-08-31,2816.052001953125,2816.199951171875,2829.75,2778.949951171875,2829.75,0
2010-09-01,2860.849609375,2861.0,2865.300048828125,2821.60009765625,2821.60009765625,0
2010-09-02,2883.8984375,2884.050048828125,2898.10009765625,2866.199951171875,2866.199951171875,0
2010-09-03,2907.2470703125,2907.39990234375,2919.60009765625,2877.050048828125,2877.050048828125,0
2010-09-06,2947.994873046875,2948.14990234375,2952.699951171875,2918.300048828125,2918.300048828125,0
2010-09-07,2949.244873046875,2949.39990234375,2961.85009765625,2940.449951171875,2948.699951171875,0
2010-09-08,2954.294677734375,2954.449951171875,2968.25,2933.5,2945.949951171875,0
2010-09-09,2976.943603515625,2977.10009765625,2979.800048828125,2960.050048828125,2965.199951171875,0
2010-09-13,3004.592041015625,3004.75,3011.10009765625,2985.64990234375,2985.64990234375,0
2010-09-14,2984.693115234375,2984.85009765625,3019.949951171875,2970.449951171875,3012.60009765625,0
2010-09-15,2987.943115234375,2988.10009765625,3006.60009765625,2980.699951171875,2986.199951171875,0
2010-09-16,2944.045166015625,2944.199951171875,2995.5,2937.85009765625,2985.0,0
2010-09-17,3004.7919921875,3004.949951171875,3010.800048828125,2956.14990234375,2956.14990234375,0
2010-09-20,3031.79052734375,3031.949951171875,3036.699951171875,3007.10009765625,3007.10009765625,0
2010-09-21,3003.741943359375,3003.89990234375,3047.25,2988.25,3041.0,0
2010-09-22,2999.892333984375,3000.050048828125,3026.14990234375,2972.949951171875,3009.949951171875,0
2010-09-23,3004.39208984375,3004.550048828125,3014.199951171875,2986.0,3004.199951171875,0
2010-09-24,3031.590576171875,3031.75,3035.25,2995.800048828125,2997.0,0
2010-09-27,3042.739990234375,3042.89990234375,3055.550048828125,3037.0,3049.300048828125,0
2010-09-28,3046.58984375,3046.75,3062.800048828125,3032.550048828125,3044.550048828125,0
2010-09-29,3029.49072265625,3029.64990234375,3064.5,3022.39990234375,3044.0,0
2010-09-30,3003.692138671875,3003.85009765625,3033.949951171875,2996.60009765625,3029.89990234375,0
2010-10-01,3066.5888671875,3066.75,3069.60009765625,3015.89990234375,3015.89990234375,0
2010-10-04,3100.886962890625,3101.050048828125,3106.449951171875,3077.35009765625,3077.35009765625,0
2010-10-05,3119.3359375,3119.5,3130.949951171875,3105.050048828125,3105.050048828125,0
2010-10-06,3150.934326171875,3151.10009765625,3164.949951171875,3131.14990234375,3131.14990234375,0
2010-10-07,3119.98583984375,3120.14990234375,3185.10009765625,3111.699951171875,3158.449951171875,0
2010-10-08,3099.587158203125,3099.75,3137.35009765625,3077.550048828125,3129.550048828125,0
2010-10-11,3132.235107421875,3132.39990234375,3138.699951171875,3110.5,3110.5,0
2010-10-12,3114.936279296875,3115.10009765625,3140.800048828125,3089.550048828125,3140.0,0
2010-10-13,3160.333740234375,3160.5,3163.25,3124.949951171875,3125.25,0
2010-10-14,3146.33447265625,3146.5,3183.14990234375,3131.64990234375,3165.39990234375,0
2010-10-15,3096.687255859375,3096.85009765625,3161.25,3091.14990234375,3154.35009765625,0
2010-10-18,3087.78759765625,3087.949951171875,3108.5,3039.5,3108.5,0
2010-10-19,3082.387939453125,3082.550048828125,3124.39990234375,3074.39990234375,3100.0,0
2010-10-20,3080.938232421875,3081.10009765625,3099.0,3067.35009765625,3078.35009765625,0
2010-10-21,3125.03564453125,3125.199951171875,3127.800048828125,3084.60009765625,3084.60009765625,0
2010-10-22,3125.1357421875,3125.300048828125,3146.25,3109.0,3134.949951171875,0
2010-10-25,3135.685302734375,3135.85009765625,3147.199951171875,3128.35009765625,3128.35009765625,0
2010-10-26,3130.33544921875,3130.5,3151.89990234375,3121.35009765625,3142.25,0
2010-10-27,3132.63525390625,3132.800048828125,3146.699951171875,3118.800048828125,3132.699951171875,0
2010-10-28,3096.38720703125,3096.550048828125,3153.699951171875,3083.35009765625,3149.39990234375,0
2010-10-29,3085.287841796875,3085.449951171875,3112.75,3044.550048828125,3099.60009765625,0
2010-11-01,3130.285400390625,3130.449951171875,3134.050048828125,3106.64990234375,3106.64990234375,0
2010-11-02,3151.7841796875,3151.949951171875,3156.800048828125,3124.949951171875,3130.85009765625,0
2010-11-03,3170.88330078125,3171.050048828125,3190.300048828125,3162.64990234375,3162.64990234375,0
2010-11-04,3207.38134765625,3207.550048828125,3209.550048828125,3176.050048828125,3176.050048828125,0
2010-11-08,3216.730712890625,3216.89990234375,3230.300048828125,3194.800048828125,3227.300048828125,0
2010-11-09,3228.930419921875,3229.10009765625,3243.550048828125,3212.35009765625,3212.35009765625,0
2010-11-10,3256.478759765625,3256.64990234375,3265.64990234375,3226.85009765625,3231.89990234375,0
2010-11-11,3212.631103515625,3212.800048828125,3290.300048828125,3205.60009765625,3265.550048828125,0
2010-11-12,3128.08544921875,3128.25,3222.550048828125,3121.050048828125,3203.89990234375,0
2010-11-15,3141.584716796875,3141.75,3147.050048828125,3084.699951171875,3128.300048828125,0
2010-11-16,3074.33837890625,3074.5,3163.050048828125,3060.449951171875,3149.10009765625,0
2010-11-18,3092.9873046875,3093.14990234375,3104.949951171875,3005.39990234375,3082.25,0
2010-11-19,3029.69091796875,3029.85009765625,3100.699951171875,3017.449951171875,3093.699951171875,0
2010-11-22,3061.38916015625,3061.550048828125,3065.550048828125,3009.050048828125,3041.35009765625,0
2010-11-23,3033.690673828125,3033.85009765625,3048.25,2965.14990234375,3044.25,0
2010-11-24,3001.642333984375,3001.800048828125,3066.85009765625,2987.050048828125,3041.10009765625,0
2010-11-25,2927.49609375,2927.64990234375,3017.14990234375,2914.300048828125,3014.75,0
2010-11-26,2862.849609375,2863.0,2940.14990234375,2741.050048828125,2926.25,0
2010-11-29,2897.99755859375,2898.14990234375,2902.800048828125,2832.199951171875,2862.89990234375,0
2010-11-30,2921.596435546875,2921.75,2926.39990234375,2873.800048828125,2895.60009765625,0
2010-12-01,3006.891845703125,3007.050048828125,3012.699951171875,2920.300048828125,2920.300048828125,0
2010-12-02,3013.441650390625,3013.60009765625,3046.25,3004.64990234375,3026.199951171875,0
2010-12-03,2936.645751953125,2936.800048828125,3018.300048828125,2921.949951171875,3014.39990234375,0
2010-12-06,2927.1962890625,2927.35009765625,2973.39990234375,2921.949951171875,2952.800048828125,0
2010-12-07,2911.796875,2911.949951171875,2940.39990234375,2883.699951171875,2928.699951171875,0
2010-12-08,2858.99951171875,2859.14990234375,2908.10009765625,2853.550048828125,2897.10009765625,0
2010-12-09,2739.805908203125,2739.949951171875,2867.550048828125,2718.0,2859.60009765625,0
2010-12-10,2782.853759765625,2783.0,2805.25,2699.85009765625,2740.800048828125,0
2010-12-13,2837.80078125,2837.949951171875,2842.050048828125,2791.35009765625,2796.35009765625,0
2010-12-14,2874.998779296875,2875.14990234375,2879.050048828125,2845.550048828125,2845.550048828125,0
2010-12-15,2825.70166015625,2825.85009765625,2874.60009765625,2805.5,2874.35009765625,0
2010-12-16,2843.00048828125,2843.14990234375,2846.85009765625,2804.699951171875,2829.25,0
2010-12-20,2838.55078125,2838.699951171875,2854.14990234375,2831.35009765625,2840.300048828125,0
2010-12-21,2866.8994140625,2867.050048828125,2870.949951171875,2846.25,2846.25,0
2010-12-22,2860.74951171875,2860.89990234375,2883.5,2846.10009765625,2879.75,0
2010-12-23,2844.450439453125,2844.60009765625,2876.14990234375,2841.300048828125,2865.050048828125,0
2010-12-24,2861.799560546875,2861.949951171875,2865.300048828125,2831.89990234375,2845.89990234375,0
2010-12-27,2852.60009765625,2852.75,2876.5,2848.85009765625,2869.60009765625,0
2010-12-28,2843.45068359375,2843.60009765625,2860.89990234375,2836.199951171875,2853.300048828125,0
2010-12-29,2864.29931640625,2864.449951171875,2867.39990234375,2844.199951171875,2844.199951171875,0
2010-12-30,2876.598876953125,2876.75,2879.89990234375,2860.5,2867.85009765625,0
2010-12-31,2917.19677734375,2917.35009765625,2918.949951171875,2880.050048828125,2880.050048828125,0
2011-01-03,2957.89453125,2958.050048828125,2963.75,2929.449951171875,2929.449951171875,0
2011-01-04,2951.69482421875,2951.85009765625,2977.300048828125,2942.35009765625,2969.25,0
2011-01-05,2912.64697265625,2912.800048828125,2957.14990234375,2904.25,2953.60009765625,0
2011-01-06,2867.94921875,2868.10009765625,2933.10009765625,2863.64990234375,2916.85009765625,0
2011-01-07,2783.503662109375,2783.64990234375,2867.85009765625,2772.800048828125,2865.25,0
2011-01-10,2708.707763671875,2708.85009765625,2791.300048828125,2703.800048828125,2785.800048828125,0
2011-01-11,2690.758544921875,2690.89990234375,2744.949951171875,2671.10009765625,2711.199951171875,0
2011-01-12,2746.95556640625,2747.10009765625,2750.10009765625,2676.14990234375,2710.199951171875,0
2011-01-13,2736.55615234375,2736.699951171875,2777.949951171875,2723.949951171875,2747.300048828125,0
2011-01-14,2688.05859375,2688.199951171875,2752.85009765625,2680.85009765625,2736.64990234375,0
2011-01-17,2663.4599609375,2663.60009765625,2699.199951171875,2660.25,2697.85009765625,0
2011-01-18,2683.7587890625,2683.89990234375,2693.35009765625,2662.64990234375,2671.449951171875,0
2011-01-19,2684.35888671875,2684.5,2706.85009765625,2672.449951171875,2689.14990234375,0
2011-01-20,2696.258056640625,2696.39990234375,2701.10009765625,2659.39990234375,2676.39990234375,0
2011-01-21,2691.50830078125,2691.64990234375,2711.75,2686.64990234375,2695.10009765625,0
2011-01-24,2725.456787109375,2725.60009765625,2727.550048828125,2695.800048828125,2697.5,0
2011-01-25,2713.407470703125,2713.550048828125,2742.949951171875,2708.5,2732.550048828125,0
2011-01-27,2625.81201171875,2625.949951171875,2728.699951171875,2619.14990234375,2720.699951171875,0
2011-01-28,2548.31591796875,2548.449951171875,2625.699951171875,2509.14990234375,2625.699951171875,0
2011-01-31,2553.515625,2553.64990234375,2558.10009765625,2487.300048828125,2528.699951171875,0
2011-02-01,2503.968505859375,2504.10009765625,2577.25,2495.60009765625,2560.5,0
2011-02-02,2509.26806640625,2509.39990234375,2536.199951171875,2503.050048828125,2520.60009765625,0
2011-02-03,2532.4169921875,2532.550048828125,2535.5,2496.35009765625,2506.85009765625,0
2011-02-04,2493.718994140625,2493.85009765625,2563.800048828125,2483.699951171875,2532.14990234375,0
2011-02-07,2470.570068359375,2470.699951171875,2509.39990234375,2464.699951171875,2494.550048828125,0
2011-02-08,2382.82470703125,2382.949951171875,2477.64990234375,2375.949951171875,2467.949951171875,0
2011-02-09,2282.18017578125,2282.300048828125,2373.14990234375,2266.949951171875,2373.14990234375,0
2011-02-10,2307.528564453125,2307.64990234375,2323.449951171875,2257.0,2271.35009765625,0
2011-02-11,2369.37548828125,2369.5,2374.300048828125,2287.300048828125,2311.550048828125,0
2011-02-14,2449.371337890625,2449.5,2453.89990234375,2387.199951171875,2387.199951171875,0
2011-02-15,2458.920654296875,2459.050048828125,2477.75,2418.300048828125,2462.449951171875,0
2011-02-16,2453.071044921875,2453.199951171875,2462.39990234375,2442.89990234375,2456.800048828125,0
2011-02-17,2482.5693359375,2482.699951171875,2485.550048828125,2450.800048828125,2457.050048828125,0
2011-02-18,2421.272705078125,2421.39990234375,2516.300048828125,2415.75,2483.050048828125,0
2011-02-21,2461.220703125,2461.35009765625,2468.449951171875,2394.0,2417.14990234375,0
2011-02-22,2434.322021484375,2434.449951171875,2459.14990234375,2420.800048828125,2453.89990234375,0
2011-02-23,2408.0732421875,2408.199951171875,2440.14990234375,2404.300048828125,2427.25,0
2011-02-24,2309.028564453125,2309.14990234375,2403.75,2302.5,2403.75,0
2011-02-25,2300.17919921875,2300.300048828125,2325.449951171875,2268.699951171875,2315.550048828125,0
2011-02-28,2311.2783203125,2311.39990234375,2361.550048828125,2301.35009765625,2301.35009765625,0
2011-03-01,2401.223876953125,2401.35009765625,2404.050048828125,2328.39990234375,2328.5,0
2011-03-03,2405.0234375,2405.14990234375,2417.5,2379.39990234375,2388.75,0
2011-03-04,2408.123291015625,2408.25,2431.449951171875,2403.5,2417.14990234375,0
2011-03-07,2367.675537109375,2367.800048828125,2393.85009765625,2346.35009765625,2392.60009765625,0
2011-03-08,2401.57373046875,2401.699951171875,2404.39990234375,2369.449951171875,2369.449951171875,0
2011-03-09,2424.422607421875,2424.550048828125,2427.199951171875,2402.60009765625,2404.39990234375,0
2011-03-10,2415.173095703125,2415.300048828125,2421.699951171875,2405.60009765625,2421.699951171875,0
2011-03-11,2379.425048828125,2379.550048828125,2423.14990234375,2369.85009765625,2399.0,0
2011-03-14,2402.82373046875,2402.949951171875,2404.449951171875,2354.60009765625,2354.60009765625,0
2011-03-15,2355.276123046875,2355.39990234375,2372.699951171875,2332.10009765625,2356.39990234375,0
2011-03-16,2381.9248046875,2382.050048828125,2393.550048828125,2368.10009765625,2368.10009765625,0
2011-03-17,2379.974853515625,2380.10009765625,2394.449951171875,2365.85009765625,2389.85009765625,0
2011-03-18,2363.025634765625,2363.14990234375,2396.25,2357.0,2382.35009765625,0
2011-03-21,2351.12646484375,2351.25,2380.449951171875,2344.14990234375,2368.39990234375,0
2011-03-22,2372.725341796875,2372.85009765625,2382.14990234375,2358.64990234375,2358.64990234375,0
2011-03-23,2395.97412109375,2396.10009765625,2397.699951171875,2368.800048828125,2371.25,0
2011-03-24,2413.123046875,2413.25,2421.449951171875,2400.10009765625,2400.10009765625,0
2011-03-25,2443.4716796875,2443.60009765625,2447.300048828125,2422.35009765625,2422.35009765625,0
2011-03-28,2456.4208984375,2456.550048828125,2463.10009765625,2443.949951171875,2446.35009765625,0
2011-03-29,2461.320556640625,2461.449951171875,2473.800048828125,2455.35009765625,2458.449951171875,0
2011-03-30,2509.01806640625,2509.14990234375,2518.199951171875,2474.199951171875,2474.199951171875,0
2011-03-31,2505.118408203125,2505.25,2527.449951171875,2480.050048828125,2512.5,0
2011-04-01,2536.666748046875,2536.800048828125,2539.699951171875,2499.60009765625,2512.699951171875,0
2011-04-04,2573.61474609375,2573.75,2580.300048828125,2539.39990234375,2539.39990234375,0
2011-04-05,2610.412841796875,2610.550048828125,2614.60009765625,2565.550048828125,2586.75,0
2011-04-06,2624.712158203125,2624.85009765625,2640.949951171875,2607.199951171875,2615.85009765625,0
2011-04-07,2642.711181640625,2642.85009765625,2654.300048828125,2625.35009765625,2630.449951171875,0
2011-04-08,2592.4638671875,2592.60009765625,2657.10009765625,2581.39990234375,2649.64990234375,0
2011-04-11,2559.265380859375,2559.39990234375,2589.39990234375,2555.449951171875,2589.39990234375,0
2011-04-13,2594.963623046875,2595.10009765625,2597.550048828125,2539.64990234375,2549.60009765625,0
2011-04-15,2582.26416015625,2582.39990234375,2599.64990234375,2572.75,2593.949951171875,0
2011-04-18,2546.066162109375,2546.199951171875,2611.60009765625,2541.550048828125,2583.699951171875,0
2011-04-19,2551.365966796875,2551.5,2555.550048828125,2530.89990234375,2543.949951171875,0
2011-04-20,2587.513916015625,2587.64990234375,2589.64990234375,2561.35009765625,2561.35009765625,0
2011-04-21,2590.663818359375,2590.800048828125,2614.39990234375,2587.300048828125,2587.300048828125,0
2011-04-25,2605.81298828125,2605.949951171875,2609.75,2590.25,2590.25,0
2011-04-26,2612.0126953125,2612.14990234375,2619.949951171875,2581.050048828125,2603.75,0
2011-04-27,2609.61279296875,2609.75,2631.300048828125,2605.050048828125,2622.39990234375,0
2011-04-28,2571.61474609375,2571.75,2622.550048828125,2566.10009765625,2619.89990234375,0
2011-04-29,2544.916259765625,2545.050048828125,2584.25,2533.14990234375,2574.300048828125,0
2011-05-02,2513.718017578125,2513.85009765625,2563.699951171875,2510.14990234375,2548.449951171875,0
2011-05-03,2459.62060546875,2459.75,2525.0,2455.5,2511.35009765625,0
2011-05-04,2445.121337890625,2445.25,2462.75,2424.449951171875,2451.699951171875,0
2011-05-05,2423.2724609375,2423.39990234375,2466.300048828125,2418.39990234375,2445.14990234375,0
2011-05-06,2458.920654296875,2459.050048828125,2463.199951171875,2430.75,2432.800048828125,0
2011-05-09,2454.620849609375,2454.75,2471.39990234375,2444.050048828125,2464.35009765625,0
2011-05-10,2455.220947265625,2455.35009765625,2469.85009765625,2445.050048828125,2457.25,0
2011-05-11,2483.519287109375,2483.64990234375,2487.949951171875,2456.25,2456.25,0
2011-05-12,2463.520263671875,2463.64990234375,2495.949951171875,2456.14990234375,2478.199951171875,0
2011-05-13,2496.5185546875,2496.64990234375,2509.64990234375,2455.35009765625,2462.25,0
2011-05-16,2480.7197265625,2480.85009765625,2501.10009765625,2475.64990234375,2493.64990234375,0
2011-05-17,2461.570556640625,2461.699951171875,2494.5,2450.89990234375,2483.10009765625,0
2011-05-18,2442.521484375,2442.64990234375,2472.199951171875,2436.199951171875,2462.449951171875,0
2011-05-19,2427.622314453125,2427.75,2451.14990234375,2418.14990234375,2439.25,0
2011-05-20,2441.921630859375,2442.050048828125,2459.5,2426.39990234375,2426.39990234375,0
2011-05-23,2409.773193359375,2409.89990234375,2440.60009765625,2401.10009765625,2440.60009765625,0
2011-05-24,2410.473388671875,2410.60009765625,2415.449951171875,2396.949951171875,2410.300048828125,0
2011-05-25,2407.323486328125,2407.449951171875,2410.300048828125,2398.0,2407.800048828125,0
2011-05-26,2402.173828125,2402.300048828125,2421.25,2399.449951171875,2415.35009765625,0
2011-05-27,2449.471435546875,2449.60009765625,2453.39990234375,2401.89990234375,2401.89990234375,0
2011-05-30,2471.670166015625,2471.800048828125,2479.39990234375,2455.75,2460.85009765625,0
2011-06-01,2518.167724609375,2518.300048828125,2522.300048828125,2501.60009765625,2513.699951171875,0
2011-06-02,2498.568603515625,2498.699951171875,2509.39990234375,2484.550048828125,2496.0,0
2011-06-03,2479.669677734375,2479.800048828125,2525.75,2475.550048828125,2495.699951171875,0
2011-06-06,2474.169921875,2474.300048828125,2481.199951171875,2458.39990234375,2480.10009765625,0
2011-06-07,2493.868896484375,2494.0,2496.35009765625,2470.449951171875,2475.5,0
2011-06-08,2490.069091796875,2490.199951171875,2505.39990234375,2481.89990234375,2490.75,0
2011-06-09,2490.119140625,2490.25,2500.60009765625,2480.300048828125,2490.550048828125,0
2011-06-10,2475.969970703125,2476.10009765625,2501.550048828125,2466.75,2500.60009765625,0
2011-06-13,2486.869140625,2487.0,2488.949951171875,2453.949951171875,2476.050048828125,0
2011-06-14,2495.6689453125,2495.800048828125,2505.300048828125,2487.14990234375,2487.699951171875,0
2011-06-15,2474.31982421875,2474.449951171875,2500.64990234375,2469.949951171875,2496.050048828125,0
2011-06-16,2455.120849609375,2455.25,2472.75,2451.89990234375,2464.14990234375,0
2011-06-17,2438.671875,2438.800048828125,2469.14990234375,2433.10009765625,2456.699951171875,0
2011-06-20,2361.475830078125,2361.60009765625,2444.300048828125,2325.949951171875,2443.5,0
2011-06-21,2353.92626953125,2354.050048828125,2381.85009765625,2348.5,2370.550048828125,0
2011-06-22,2321.22802734375,2321.35009765625,2374.25,2316.14990234375,2370.10009765625,0
2011-06-23,2321.577880859375,2321.699951171875,2326.14990234375,2294.699951171875,2324.85009765625,0
2011-06-24,2365.42578125,2365.550048828125,2371.25,2328.10009765625,2328.10009765625,0
2011-06-27,2392.92431640625,2393.050048828125,2398.25,2353.550048828125,2356.0,0
2011-06-28,2405.87353515625,2406.0,2414.449951171875,2391.5,2400.64990234375,0
2011-06-29,2411.723388671875,2411.85009765625,2422.85009765625,2405.60009765625,2410.85009765625,0
2011-06-30,2418.9228515625,2419.050048828125,2426.449951171875,2412.14990234375,2412.800048828125,0
2011-07-01,2427.022216796875,2427.14990234375,2440.39990234375,2416.800048828125,2420.75,0
2011-07-04,2463.170654296875,2463.300048828125,2467.35009765625,2436.699951171875,2436.699951171875,0
2011-07-05,2457.870849609375,2458.0,2469.699951171875,2454.75,2465.64990234375,0
2011-07-06,2466.67041015625,2466.800048828125,2471.75,2456.75,2464.300048828125,0
2011-07-07,2507.168212890625,2507.300048828125,2510.0,2467.75,2467.75,0
2011-07-08,2487.119140625,2487.25,2515.699951171875,2483.75,2510.35009765625,0
2011-07-11,2470.72021484375,2470.85009765625,2485.89990234375,2464.64990234375,2482.800048828125,0
2011-07-12,2431.8720703125,2432.0,2463.050048828125,2420.35009765625,2463.050048828125,0
2011-07-13,2468.72021484375,2468.85009765625,2472.25,2441.14990234375,2441.14990234375,0
2011-07-14,2483.16943359375,2483.300048828125,2496.25,2455.0,2460.5,0
2011-07-15,2481.2197265625,2481.35009765625,2502.449951171875,2473.300048828125,2485.949951171875,0
2011-07-18,2489.619140625,2489.75,2502.39990234375,2477.0,2478.0,0
2011-07-19,2502.318359375,2502.449951171875,2507.14990234375,2488.550048828125,2488.550048828125,0
2011-07-20,2465.720458984375,2465.85009765625,2515.25,2463.050048828125,2512.050048828125,0
2011-07-21,2441.521484375,2441.64990234375,2468.949951171875,2437.25,2466.550048828125,0
2011-07-22,2483.91943359375,2484.050048828125,2487.60009765625,2447.25,2447.25,0
2011-07-25,2495.81884765625,2495.949951171875,2501.449951171875,2480.800048828125,2483.949951171875,0
2011-07-26,2474.81982421875,2474.949951171875,2508.39990234375,2467.800048828125,2499.60009765625,0
2011-07-27,2476.869873046875,2477.0,2482.800048828125,2459.199951171875,2474.64990234375,0
2011-07-28,2440.4716796875,2440.60009765625,2469.10009765625,2437.14990234375,2469.10009765625,0
2011-07-29,2409.523193359375,2409.64990234375,2454.949951171875,2406.199951171875,2435.0,0
2011-08-01,2395.27392578125,2395.39990234375,2432.39990234375,2383.35009765625,2419.89990234375,0
2011-08-02,2359.77587890625,2359.89990234375,2394.449951171875,2356.25,2394.449951171875,0
2011-08-03,2356.326171875,2356.449951171875,2359.5,2321.25,2350.25,0
2011-08-04,2329.7275390625,2329.85009765625,2383.75,2325.800048828125,2359.89990234375,0
2011-08-05,2284.6298828125,2284.75,2289.39990234375,2221.699951171875,2266.949951171875,0
2011-08-08,2249.431884765625,2249.550048828125,2273.300048828125,2206.550048828125,2268.14990234375,0
2011-08-09,2218.933349609375,2219.050048828125,2259.39990234375,2181.5,2205.14990234375,0
2011-08-10,2277.780029296875,2277.89990234375,2281.050048828125,2238.949951171875,2238.949951171875,0
2011-08-11,2264.580810546875,2264.699951171875,2288.39990234375,2261.39990234375,2270.5,0
2011-08-12,2251.031494140625,2251.14990234375,2289.449951171875,2248.050048828125,2270.89990234375,0
2011-08-16,2197.234619140625,2197.35009765625,2270.050048828125,2190.800048828125,2262.050048828125,0
2011-08-17,2174.185791015625,2174.300048828125,2206.199951171875,2161.050048828125,2199.550048828125,0
2011-08-18,2110.2392578125,2110.35009765625,2188.050048828125,2101.449951171875,2180.89990234375,0
2011-08-19,2094.43994140625,2094.550048828125,2100.5,2058.85009765625,2087.949951171875,0
2011-08-22,2133.8876953125,2134.0,2141.14990234375,2080.35009765625,2095.10009765625,0
2011-08-23,2160.786376953125,2160.89990234375,2169.14990234375,2131.89990234375,2143.14990234375,0
2011-08-24,2153.73681640625,2153.85009765625,2194.39990234375,2143.0,2165.0,0
2011-08-25,2119.48876953125,2119.60009765625,2164.800048828125,2113.550048828125,2158.64990234375,0
2011-08-26,2066.741455078125,2066.85009765625,2121.14990234375,2061.14990234375,2116.35009765625,0
2011-08-29,2123.1884765625,2123.300048828125,2129.699951171875,2086.64990234375,2086.75,0
2011-08-30,2151.786865234375,2151.89990234375,2157.10009765625,2122.949951171875,2127.10009765625,0
2011-09-02,2187.385009765625,2187.5,2193.449951171875,2156.10009765625,2158.300048828125,0
2011-09-05,2200.63427734375,2200.75,2202.699951171875,2164.050048828125,2180.10009765625,0
2011-09-06,2206.833984375,2206.949951171875,2209.0,2173.89990234375,2196.5,0
2011-09-07,2240.482421875,2240.60009765625,2249.699951171875,2213.199951171875,2213.199951171875,0
2011-09-08,2251.731689453125,2251.85009765625,2260.199951171875,2236.60009765625,2245.699951171875,0
2011-09-09,2211.433837890625,2211.550048828125,2262.60009765625,2208.5,2254.35009765625,0
2011-09-12,2148.987060546875,2149.10009765625,2188.85009765625,2141.14990234375,2188.85009765625,0
2011-09-13,2148.886962890625,2149.0,2190.39990234375,2139.5,2158.35009765625,0
2011-09-14,2167.3359375,2167.449951171875,2173.699951171875,2139.5,2153.89990234375,0
2011-09-15,2197.734619140625,2197.85009765625,2199.64990234375,2171.25,2173.89990234375,0
2011-09-16,2194.984619140625,2195.10009765625,2212.949951171875,2188.85009765625,2205.89990234375,0
2011-09-19,2192.73486328125,2192.85009765625,2202.949951171875,2184.300048828125,2184.300048828125,0
2011-09-20,2221.333251953125,2221.449951171875,2222.699951171875,2181.199951171875,2181.199951171875,0
2011-09-21,2250.231689453125,2250.35009765625,2253.199951171875,2228.5,2228.5,0
2011-09-22,2158.786376953125,2158.89990234375,2219.0,2153.050048828125,2219.0,0
2011-09-23,2145.787109375,2145.89990234375,2172.949951171875,2115.5,2146.89990234375,0
2011-09-26,2104.639404296875,2104.75,2154.449951171875,2079.10009765625,2149.35009765625,0
2011-09-27,2133.387939453125,2133.5,2141.0,2119.64990234375,2119.64990234375,0
2011-09-28,2106.689208984375,2106.800048828125,2141.800048828125,2101.60009765625,2138.89990234375,0
2011-09-29,2115.038818359375,2115.14990234375,2121.0,2080.5,2102.949951171875,0
2011-09-30,2102.289306640625,2102.39990234375,2133.5,2095.60009765625,2109.949951171875,0
2011-10-03,2043.342529296875,2043.449951171875,2098.35009765625,2040.4000244140625,2098.35009765625,0
2011-10-04,2009.494384765625,2009.5999755859375,2062.75,2006.4000244140625,2037.3499755859375,0
2011-10-05,1994.9451904296875,1995.050048828125,2028.449951171875,1992.6500244140625,2016.800048828125,0
2011-10-07,2022.49365234375,2022.5999755859375,2049.199951171875,2013.0999755859375,2013.199951171875,0
2011-10-10,2055.991943359375,2056.10009765625,2058.199951171875,2023.4000244140625,2029.6500244140625,0
2011-10-11,2060.24169921875,2060.35009765625,2089.050048828125,2048.800048828125,2061.35009765625,0
2011-10-12,2106.339111328125,2106.449951171875,2109.64990234375,2062.14990234375,2062.14990234375,0
2011-10-13,2102.489501953125,2102.60009765625,2130.5,2098.75,2112.39990234375,0
2011-10-14,2111.739013671875,2111.85009765625,2114.60009765625,2091.89990234375,2099.10009765625,0
2011-10-17,2105.58935546875,2105.699951171875,2123.64990234375,2099.89990234375,2115.89990234375,0
2011-10-18,2074.0908203125,2074.199951171875,2098.699951171875,2066.14990234375,2098.699951171875,0
2011-10-19,2105.83935546875,2105.949951171875,2107.699951171875,2084.449951171875,2084.449951171875,0
2011-10-20,2079.74072265625,2079.85009765625,2101.85009765625,2067.75,2101.85009765625,0
2011-10-21,2064.1416015625,2064.25,2093.050048828125,2060.25,2082.35009765625,0
2011-10-24,2057.44189453125,2057.550048828125,2095.25,2054.64990234375,2063.75,0
2011-10-25,2063.04150390625,2063.14990234375,2070.89990234375,2037.4000244140625,2054.25,0
2011-10-28,2148.636962890625,2148.75,2155.449951171875,2108.050048828125,2108.050048828125,0
2011-10-31,2159.636474609375,2159.75,2170.89990234375,2142.14990234375,2155.449951171875,0
2011-11-01,2129.238037109375,2129.35009765625,2165.800048828125,2120.14990234375,2147.699951171875,0
2011-11-02,2130.18798828125,2130.300048828125,2145.5,2113.199951171875,2123.85009765625,0
2011-11-03,2136.03759765625,2136.14990234375,2141.449951171875,2114.14990234375,2129.5,0
2011-11-04,2160.986572265625,2161.10009765625,2172.39990234375,2148.449951171875,2151.35009765625,0
2011-11-08,2164.7861328125,2164.89990234375,2174.89990234375,2154.64990234375,2166.050048828125,0
2011-11-09,2129.887939453125,2130.0,2178.199951171875,2126.14990234375,2174.800048828125,0
2011-11-11,2096.289794921875,2096.39990234375,2132.10009765625,2088.60009765625,2132.10009765625,0
2011-11-14,2058.991943359375,2059.10009765625,2122.10009765625,2055.89990234375,2110.300048828125,0
2011-11-15,1994.1451416015625,1994.25,2058.949951171875,1991.0,2058.949951171875,0
2011-11-16,1978.89599609375,1979.0,1996.5999755859375,1963.75,1993.75,0
2011-11-17,1944.3978271484375,1944.5,1987.5,1939.4000244140625,1979.800048828125,0
2011-11-18,1926.8486328125,1926.949951171875,1939.449951171875,1905.550048828125,1939.449951171875,0
2011-11-21,1890.0506591796875,1890.1500244140625,1918.800048828125,1884.25,1918.800048828125,0
2011-11-22,1893.5504150390625,1893.6500244140625,1908.449951171875,1879.0999755859375,1892.5999755859375,0
2011-11-23,1861.902099609375,1862.0,1886.0999755859375,1853.949951171875,1886.0999755859375,0
2011-11-25,1891.9005126953125,1892.0,1916.300048828125,1879.8499755859375,1890.25,0
2011-11-28,1946.5477294921875,1946.6500244140625,1953.050048828125,1908.5,1908.5,0
2011-11-29,1922.2989501953125,1922.4000244140625,1962.6500244140625,1916.4000244140625,1946.699951171875,0
2011-11-30,1916.499267578125,1916.5999755859375,1921.699951171875,1893.25,1921.0999755859375,0
2011-12-01,1945.397705078125,1945.5,1973.4000244140625,1930.25,1937.800048828125,0
2011-12-02,1977.7459716796875,1977.8499755859375,1981.050048828125,1936.550048828125,1947.9000244140625,0
2011-12-05,1975.74609375,1975.8499755859375,1986.4000244140625,1968.5999755859375,1975.550048828125,0
2011-12-07,1978.345947265625,1978.449951171875,2001.8499755859375,1973.5,1978.0999755859375,0
2011-12-08,1934.3983154296875,1934.5,1976.25,1928.6500244140625,1976.25,0
2011-12-09,1918.899169921875,1919.0,1932.0999755859375,1901.9000244140625,1920.800048828125,0
2011-12-12,1869.1517333984375,1869.25,1932.949951171875,1861.050048828125,1929.300048828125,0
2011-12-13,1867.7518310546875,1867.8499755859375,1876.699951171875,1848.449951171875,1857.0,0
2011-12-14,1848.952880859375,1849.050048828125,1885.699951171875,1844.9000244140625,1866.949951171875,0
2011-12-15,1841.3531494140625,1841.449951171875,1845.0,1810.699951171875,1839.75,0
2011-12-16,1797.60546875,1797.699951171875,1866.5,1790.9000244140625,1847.9000244140625,0
2011-12-19,1772.556884765625,1772.6500244140625,1794.3499755859375,1753.699951171875,1794.3499755859375,0
2011-12-20,1727.3092041015625,1727.4000244140625,1781.5999755859375,1722.449951171875,1772.949951171875,0
2011-12-21,1759.2574462890625,1759.3499755859375,1765.8499755859375,1733.550048828125,1749.449951171875,0
2011-12-22,1795.9056396484375,1796.0,1798.5,1741.800048828125,1754.949951171875,0
2011-12-23,1784.9061279296875,1785.0,1813.5999755859375,1778.0999755859375,1803.5,0
2011-12-27,1783.40625,1783.5,1813.8499755859375,1776.449951171875,1802.1500244140625,0
2011-12-28,1766.757080078125,1766.8499755859375,1784.1500244140625,1754.5,1784.1500244140625,0
2011-12-29,1752.2578125,1752.3499755859375,1768.699951171875,1749.300048828125,1760.949951171875,0
2011-12-30,1753.307861328125,1753.4000244140625,1770.800048828125,1739.300048828125,1758.0,0
2012-01-03,1834.103515625,1834.199951171875,1838.0999755859375,1772.75,1772.75,0
2012-01-04,1829.40380859375,1829.5,1844.699951171875,1823.300048828125,1830.5999755859375,0
2012-01-05,1824.7041015625,1824.800048828125,1841.75,1817.0,1830.449951171875,0
2012-01-06,1820.704345703125,1820.800048828125,1832.25,1795.949951171875,1822.0,0
2012-01-09,1851.302734375,1851.4000244140625,1854.8499755859375,1812.3499755859375,1830.5,0
2012-01-10,1915.79931640625,1915.9000244140625,1920.5999755859375,1859.0999755859375,1859.0999755859375,0
2012-01-11,1936.84814453125,1936.949951171875,1942.699951171875,1916.300048828125,1924.8499755859375,0
2012-01-12,1947.24755859375,1947.3499755859375,1957.6500244140625,1926.199951171875,1935.300048828125,0
2012-01-13,1965.396728515625,1965.5,1985.300048828125,1951.949951171875,1952.550048828125,0
2012-01-16,1965.8966064453125,1966.0,1968.800048828125,1939.75,1956.1500244140625,0
2012-01-17,1998.794921875,1998.9000244140625,2011.050048828125,1970.0999755859375,1970.0999755859375,0
2012-01-18,1970.496337890625,1970.5999755859375,2007.550048828125,1965.1500244140625,1999.199951171875,0
2012-01-19,2006.694580078125,2006.800048828125,2011.25,1986.6500244140625,1986.6500244140625,0
2012-01-20,2022.1937255859375,2022.300048828125,2033.449951171875,2001.949951171875,2011.1500244140625,0
2012-01-23,2024.693603515625,2024.800048828125,2049.199951171875,2020.6500244140625,2023.550048828125,0
2012-01-24,2061.54150390625,2061.64990234375,2067.199951171875,2023.300048828125,2029.300048828125,0
2012-01-25,2096.73974609375,2096.85009765625,2100.300048828125,2072.949951171875,2074.449951171875,0
2012-01-27,2110.68896484375,2110.800048828125,2117.449951171875,2093.199951171875,2099.449951171875,0
2012-01-30,2056.341796875,2056.449951171875,2111.85009765625,2049.39990234375,2109.60009765625,0
2012-01-31,2109.5390625,2109.64990234375,2115.050048828125,2068.75,2071.75,0
2012-02-01,2139.887451171875,2140.0,2144.75,2102.449951171875,2107.5,0
2012-02-02,2146.13720703125,2146.25,2168.5,2119.64990234375,2147.75,0
2012-02-03,2180.7353515625,2180.85009765625,2184.25,2139.699951171875,2149.5,0
2012-02-06,2225.733154296875,2225.85009765625,2249.10009765625,2201.300048828125,2201.300048828125,0
2012-02-07,2190.834716796875,2190.949951171875,2242.89990234375,2185.5,2229.10009765625,0
2012-02-08,2226.532958984375,2226.64990234375,2234.449951171875,2198.550048828125,2198.550048828125,0
2012-02-09,2269.4306640625,2269.550048828125,2273.550048828125,2221.949951171875,2229.949951171875,0
2012-02-10,2256.28125,2256.39990234375,2297.64990234375,2235.5,2274.60009765625,0
2012-02-13,2271.230712890625,2271.35009765625,2281.800048828125,2246.0,2255.60009765625,0
2012-02-14,2304.97900390625,2305.10009765625,2308.449951171875,2244.39990234375,2245.050048828125,0
2012-02-15,2374.5751953125,2374.699951171875,2380.050048828125,2309.050048828125,2309.050048828125,0
2012-02-16,2397.52392578125,2397.64990234375,2404.050048828125,2366.25,2373.60009765625,0
2012-02-17,2424.072509765625,2424.199951171875,2453.64990234375,2404.449951171875,2410.25,0
2012-02-21,2458.970703125,2459.10009765625,2464.25,2426.10009765625,2432.449951171875,0
2012-02-22,2335.027099609375,2335.14990234375,2481.60009765625,2323.800048828125,2468.699951171875,0
2012-02-23,2318.378173828125,2318.5,2344.10009765625,2272.25,2327.5,0
2012-02-24,2309.778564453125,2309.89990234375,2355.449951171875,2289.39990234375,2328.699951171875,0
2012-02-27,2216.533447265625,2216.64990234375,2311.050048828125,2208.199951171875,2310.60009765625,0
2012-02-28,2311.37841796875,2311.5,2315.85009765625,2230.199951171875,2230.199951171875,0
2012-02-29,2347.276611328125,2347.39990234375,2369.699951171875,2311.699951171875,2315.5,0
2012-03-01,2328.727783203125,2328.85009765625,2344.449951171875,2301.0,2344.449951171875,0
2012-03-02,2313.178466796875,2313.300048828125,2346.5,2308.14990234375,2341.14990234375,0
2012-03-05,2270.1806640625,2270.300048828125,2313.800048828125,2261.85009765625,2313.800048828125,0
2012-03-06,2239.832275390625,2239.949951171875,2317.60009765625,2234.89990234375,2269.89990234375,0
2012-03-07,2248.831787109375,2248.949951171875,2258.949951171875,2218.14990234375,2238.39990234375,0
2012-03-09,2334.277099609375,2334.39990234375,2337.550048828125,2265.949951171875,2265.949951171875,0
2012-03-12,2366.575439453125,2366.699951171875,2373.300048828125,2340.75,2351.85009765625,0
2012-03-13,2388.174560546875,2388.300048828125,2399.25,2379.5,2379.5,0
2012-03-14,2390.624267578125,2390.75,2418.800048828125,2384.25,2409.5,0
2012-03-15,2327.07763671875,2327.199951171875,2393.64990234375,2319.199951171875,2393.64990234375,0
2012-03-16,2300.479248046875,2300.60009765625,2354.85009765625,2290.14990234375,2332.550048828125,0
2012-03-19,2266.930908203125,2267.050048828125,2321.35009765625,2256.10009765625,2301.85009765625,0
2012-03-20,2295.929443359375,2296.050048828125,2303.64990234375,2260.199951171875,2266.35009765625,0
2012-03-21,2348.576416015625,2348.699951171875,2352.85009765625,2289.25,2295.39990234375,0
2012-03-22,2278.030029296875,2278.14990234375,2371.60009765625,2271.300048828125,2348.0,0
2012-03-23,2309.778564453125,2309.89990234375,2319.050048828125,2264.5,2286.10009765625,0
2012-03-26,2264.330810546875,2264.449951171875,2309.449951171875,2256.10009765625,2309.449951171875,0
2012-03-27,2279.380126953125,2279.5,2297.85009765625,2267.699951171875,2282.800048828125,0
2012-03-28,2239.0322265625,2239.14990234375,2277.449951171875,2234.949951171875,2277.449951171875,0
2012-03-29,2238.13232421875,2238.25,2243.35009765625,2212.14990234375,2225.25,0
2012-03-30,2300.879150390625,2301.0,2304.449951171875,2247.75,2247.75,0
2012-04-02,2319.528076171875,2319.64990234375,2328.35009765625,2301.64990234375,2309.64990234375,0
2012-04-03,2345.9267578125,2346.050048828125,2353.5,2322.75,2322.75,0
2012-04-04,2345.9267578125,2346.050048828125,2350.75,2329.550048828125,2334.25,0
2012-04-09,2297.5791015625,2297.699951171875,2330.35009765625,2293.85009765625,2330.35009765625,0
2012-04-10,2296.12939453125,2296.25,2306.39990234375,2271.85009765625,2298.0,0
2012-04-11,2276.180419921875,2276.300048828125,2302.550048828125,2267.25,2285.550048828125,0
2012-04-12,2303.928955078125,2304.050048828125,2310.60009765625,2287.75,2287.75,0
2012-04-13,2278.530029296875,2278.64990234375,2327.75,2275.75,2307.199951171875,0
2012-04-16,2290.029541015625,2290.14990234375,2297.5,2273.10009765625,2279.550048828125,0
2012-04-17,2308.528564453125,2308.64990234375,2311.050048828125,2277.89990234375,2295.300048828125,0
2012-04-18,2315.528076171875,2315.64990234375,2341.050048828125,2311.25,2318.39990234375,0
2012-04-19,2316.128173828125,2316.25,2329.800048828125,2308.14990234375,2327.10009765625,0
2012-04-20,2292.029296875,2292.14990234375,2323.85009765625,2278.14990234375,2307.75,0
2012-04-23,2248.1318359375,2248.25,2305.449951171875,2245.25,2292.800048828125,0
2012-04-24,2231.482666015625,2231.60009765625,2259.14990234375,2226.5,2246.449951171875,0
2012-04-25,2198.634521484375,2198.75,2243.85009765625,2191.5,2232.050048828125,0
2012-04-26,2179.385498046875,2179.5,2208.5,2173.75,2196.5,0
2012-04-27,2168.3359375,2168.449951171875,2198.14990234375,2152.75,2180.39990234375,0
2012-04-30,2206.533935546875,2206.64990234375,2213.0,2183.25,2183.25,0
2012-05-02,2202.63427734375,2202.75,2227.75,2197.25,2207.64990234375,0
2012-05-03,2170.135986328125,2170.25,2201.60009765625,2167.449951171875,2201.60009765625,0
2012-05-04,2123.538330078125,2123.64990234375,2169.25,2111.800048828125,2169.25,0
2012-05-07,2147.786865234375,2147.89990234375,2152.89990234375,2067.550048828125,2121.39990234375,0
2012-05-08,2103.989501953125,2104.10009765625,2166.199951171875,2093.199951171875,2148.39990234375,0
2012-05-09,2063.29150390625,2063.39990234375,2105.10009765625,2056.25,2102.949951171875,0
2012-05-10,2060.691650390625,2060.800048828125,2094.300048828125,2052.85009765625,2063.60009765625,0
2012-05-11,2032.9930419921875,2033.0999755859375,2062.14990234375,2021.6500244140625,2059.949951171875,0
2012-05-14,2008.244384765625,2008.3499755859375,2045.0,1994.5,2033.5,0
2012-05-15,2023.293701171875,2023.4000244140625,2026.6500244140625,1989.449951171875,2007.25,0
2012-05-16,2000.7447509765625,2000.8499755859375,2021.0999755859375,1984.5,2021.0999755859375,0
2012-05-17,1985.295654296875,1985.4000244140625,2027.9000244140625,1976.199951171875,2001.9000244140625,0
2012-05-18,1977.845947265625,1977.949951171875,1983.75,1950.050048828125,1983.0999755859375,0
2012-05-22,1970.9464111328125,1971.050048828125,2013.4000244140625,1966.050048828125,1993.949951171875,0
2012-05-23,1956.4471435546875,1956.550048828125,1970.199951171875,1948.199951171875,1970.199951171875,0
2012-05-24,1976.5960693359375,1976.699951171875,1980.699951171875,1953.0,1957.550048828125,0
2012-05-25,1989.3953857421875,1989.5,1994.5999755859375,1974.5999755859375,1976.699951171875,0
2012-05-28,2030.143310546875,2030.25,2032.5999755859375,1990.1500244140625,1990.1500244140625,0
2012-05-29,2015.9940185546875,2016.0999755859375,2041.699951171875,2012.300048828125,2031.0,0
2012-05-30,1975.99609375,1976.0999755859375,2015.300048828125,1972.800048828125,2015.300048828125,0
2012-05-31,1984.4456787109375,1984.550048828125,1984.550048828125,1961.6500244140625,1976.800048828125,0
2012-06-01,1945.7476806640625,1945.8499755859375,1992.949951171875,1940.800048828125,1984.949951171875,0
2012-06-04,1942.247802734375,1942.3499755859375,1945.300048828125,1907.1500244140625,1944.8499755859375,0
2012-06-05,1948.4476318359375,1948.550048828125,1968.25,1941.449951171875,1942.9000244140625,0
2012-06-06,2002.8446044921875,2002.949951171875,2004.699951171875,1949.3499755859375,1949.3499755859375,0
2012-06-07,2022.49365234375,2022.5999755859375,2025.3499755859375,2002.75,2004.699951171875,0
2012-06-08,2032.943115234375,2033.050048828125,2036.300048828125,2003.0,2021.3499755859375,0
2012-06-11,2028.7432861328125,2028.8499755859375,2069.10009765625,2021.25,2034.9000244140625,0
2012-06-12,2050.442138671875,2050.550048828125,2054.300048828125,2014.800048828125,2027.050048828125,0
2012-06-13,2047.09228515625,2047.199951171875,2065.10009765625,2043.300048828125,2050.800048828125,0
2012-06-14,2013.544189453125,2013.6500244140625,2052.800048828125,2010.8499755859375,2046.300048828125,0
2012-06-15,2035.6929931640625,2035.800048828125,2038.1500244140625,2014.1500244140625,2014.1500244140625,0
2012-06-18,2002.9447021484375,2003.050048828125,2060.949951171875,1995.699951171875,2037.550048828125,0
2012-06-19,2007.494384765625,2007.5999755859375,2010.4000244140625,1989.6500244140625,2001.4000244140625,0
2012-06-20,2033.5430908203125,2033.6500244140625,2037.300048828125,2008.1500244140625,2008.1500244140625,0
2012-06-21,2060.24169921875,2060.35009765625,2062.10009765625,2023.550048828125,2032.9000244140625,0
2012-06-22,2068.041259765625,2068.14990234375,2070.699951171875,2036.550048828125,2057.85009765625,0
2012-06-25,2063.79150390625,2063.89990234375,2097.199951171875,2060.800048828125,2068.85009765625,0
2012-06-26,2076.040771484375,2076.14990234375,2077.89990234375,2062.199951171875,2063.550048828125,0
2012-06-27,2090.2900390625,2090.39990234375,2093.5,2077.89990234375,2077.89990234375,0
2012-06-28,2086.990478515625,2087.10009765625,2104.5,2079.5,2090.85009765625,0
2012-06-29,2136.8876953125,2137.0,2140.25,2088.949951171875,2088.949951171875,0
2012-07-02,2158.236572265625,2158.35009765625,2166.39990234375,2137.949951171875,2137.949951171875,0
2012-07-03,2176.535400390625,2176.64990234375,2178.800048828125,2160.0,2160.0,0
2012-07-04,2198.734619140625,2198.85009765625,2201.5,2176.39990234375,2176.39990234375,0
2012-07-05,2214.383544921875,2214.5,2220.300048828125,2196.550048828125,2199.10009765625,0
2012-07-06,2190.23486328125,2190.35009765625,2214.5,2186.550048828125,2214.25,0
2012-07-09,2146.38720703125,2146.5,2188.75,2140.39990234375,2188.75,0
2012-07-10,2182.38525390625,2182.5,2183.14990234375,2146.300048828125,2146.300048828125,0
2012-07-11,2169.986083984375,2170.10009765625,2186.0,2167.10009765625,2181.14990234375,0
2012-07-12,2155.586669921875,2155.699951171875,2168.64990234375,2140.64990234375,2168.64990234375,0
2012-07-13,2147.63720703125,2147.75,2170.449951171875,2144.25,2156.0,0
2012-07-16,2132.43798828125,2132.550048828125,2155.35009765625,2129.85009765625,2148.050048828125,0
2012-07-17,2112.138916015625,2112.25,2147.89990234375,2109.39990234375,2133.699951171875,0
2012-07-18,2119.838623046875,2119.949951171875,2123.10009765625,2097.050048828125,2111.199951171875,0
2012-07-19,2128.2880859375,2128.39990234375,2141.800048828125,2121.64990234375,2121.64990234375,0
2012-07-20,2124.73828125,2124.85009765625,2129.85009765625,2113.60009765625,2127.14990234375,0
2012-07-23,2083.290283203125,2083.39990234375,2123.60009765625,2075.800048828125,2123.60009765625,0
2012-07-24,2088.89013671875,2089.0,2095.050048828125,2075.75,2083.300048828125,0
2012-07-25,2067.391357421875,2067.5,2088.050048828125,2056.35009765625,2088.050048828125,0
2012-07-26,2014.64404296875,2014.75,2071.300048828125,2009.75,2067.85009765625,0
2012-07-27,2002.0947265625,2002.199951171875,2058.39990234375,1995.75,2017.6500244140625,0
2012-07-30,2046.6424560546875,2046.75,2050.699951171875,2003.300048828125,2003.300048828125,0
2012-07-31,2058.94189453125,2059.050048828125,2063.89990234375,2025.1500244140625,2047.6500244140625,0
2012-08-01,2081.090576171875,2081.199951171875,2082.89990234375,2059.25,2059.449951171875,0
2012-08-02,2093.93994140625,2094.050048828125,2095.89990234375,2075.699951171875,2080.75,0
2012-08-03,2085.390380859375,2085.5,2093.0,2072.14990234375,2093.0,0
2012-08-06,2100.28955078125,2100.39990234375,2114.60009765625,2087.050048828125,2087.050048828125,0
2012-08-07,2109.38916015625,2109.5,2118.449951171875,2100.85009765625,2100.85009765625,0
2012-08-08,2102.289306640625,2102.39990234375,2127.85009765625,2098.699951171875,2110.449951171875,0
2012-08-09,2089.5400390625,2089.64990234375,2113.5,2083.550048828125,2102.85009765625,0
2012-08-10,2088.090087890625,2088.199951171875,2091.60009765625,2075.35009765625,2089.699951171875,0
2012-08-13,2110.788818359375,2110.89990234375,2114.199951171875,2088.550048828125,2088.550048828125,0
2012-08-14,2118.73876953125,2118.85009765625,2125.050048828125,2107.800048828125,2110.800048828125,0
2012-08-16,2113.5888671875,2113.699951171875,2125.449951171875,2111.550048828125,2119.75,0
2012-08-17,2094.389892578125,2094.5,2132.0,2088.5,2114.699951171875,0
2012-08-21,2101.489501953125,2101.60009765625,2103.949951171875,2087.89990234375,2095.0,0
2012-08-22,2081.49072265625,2081.60009765625,2104.0,2078.35009765625,2100.89990234375,0
2012-08-23,2076.890869140625,2077.0,2094.60009765625,2069.60009765625,2080.5,0
2012-08-24,2067.59130859375,2067.699951171875,2076.300048828125,2056.0,2076.300048828125,0
2012-08-27,2039.9427490234375,2040.050048828125,2073.0,2038.0999755859375,2068.14990234375,0
2012-08-29,1998.1448974609375,1998.25,2019.5,1993.199951171875,2014.5,0
2012-08-30,2001.44482421875,2001.550048828125,2005.300048828125,1980.300048828125,1997.5,0
2012-08-31,1994.1951904296875,1994.300048828125,2015.6500244140625,1983.8499755859375,2000.800048828125,0
2012-09-03,1993.1953125,1993.300048828125,2010.5999755859375,1989.4000244140625,1995.1500244140625,0
2012-09-04,2006.444580078125,2006.550048828125,2009.199951171875,1988.5999755859375,1993.4000244140625,0
2012-09-05,1989.8953857421875,1990.0,2006.0999755859375,1986.8499755859375,2006.0999755859375,0
2012-09-06,2002.19482421875,2002.300048828125,2011.6500244140625,1988.199951171875,1989.4000244140625,0
2012-09-07,2033.593017578125,2033.699951171875,2035.9000244140625,2004.199951171875,2004.199951171875,0
2012-09-10,2046.7423095703125,2046.8499755859375,2057.699951171875,2040.550048828125,2042.050048828125,0
2012-09-11,2053.942138671875,2054.050048828125,2055.449951171875,2040.050048828125,2045.800048828125,0
2012-09-12,2057.741943359375,2057.85009765625,2069.10009765625,2052.199951171875,2054.64990234375,0
2012-09-13,2033.5430908203125,2033.6500244140625,2063.64990234375,2030.25,2057.60009765625,0
2012-09-14,2063.441650390625,2063.550048828125,2069.39990234375,2035.75,2035.75,0
2012-09-17,2115.98876953125,2116.10009765625,2120.25,2065.35009765625,2065.35009765625,0
2012-09-18,2155.686767578125,2155.800048828125,2159.89990234375,2108.75,2116.199951171875,0
2012-09-20,2133.937744140625,2134.050048828125,2156.050048828125,2123.64990234375,2154.949951171875,0
2012-09-21,2191.53466796875,2191.64990234375,2195.199951171875,2135.5,2135.5,0
2012-09-24,2198.284423828125,2198.39990234375,2228.85009765625,2191.64990234375,2191.64990234375,0
2012-09-25,2203.2841796875,2203.39990234375,2220.5,2181.699951171875,2201.39990234375,0
2012-09-26,2210.78369140625,2210.89990234375,2222.5,2192.199951171875,2202.550048828125,0
2012-09-27,2216.783447265625,2216.89990234375,2230.64990234375,2211.25,2211.25,0
2012-09-28,2252.33154296875,2252.449951171875,2270.300048828125,2218.800048828125,2218.800048828125,0
2012-10-01,2269.530517578125,2269.64990234375,2271.60009765625,2252.39990234375,2252.39990234375,0
2012-10-03,2286.6298828125,2286.75,2292.800048828125,2270.449951171875,2270.449951171875,0
2012-10-04,2297.879150390625,2298.0,2319.35009765625,2288.10009765625,2288.10009765625,0
2012-10-05,2275.430419921875,2275.550048828125,2317.10009765625,2245.64990234375,2301.10009765625,0
2012-10-08,2255.78125,2255.89990234375,2288.199951171875,2251.35009765625,2275.449951171875,0
2012-10-09,2271.530517578125,2271.64990234375,2280.89990234375,2250.949951171875,2256.550048828125,0
2012-10-10,2238.832275390625,2238.949951171875,2272.89990234375,2234.39990234375,2269.75,0
2012-10-11,2287.229736328125,2287.35009765625,2291.25,2227.10009765625,2239.800048828125,0
2012-10-12,2285.929931640625,2286.050048828125,2313.449951171875,2283.5,2287.25,0
2012-10-15,2286.929931640625,2287.050048828125,2296.550048828125,2280.60009765625,2286.0,0
2012-10-16,2253.881591796875,2254.0,2303.050048828125,2249.89990234375,2287.85009765625,0
2012-10-17,2251.281494140625,2251.39990234375,2270.050048828125,2236.0,2255.35009765625,0
2012-10-18,2281.18017578125,2281.300048828125,2283.10009765625,2250.800048828125,2252.10009765625,0
2012-10-19,2258.081298828125,2258.199951171875,2287.39990234375,2249.10009765625,2279.800048828125,0
2012-10-22,2258.681396484375,2258.800048828125,2264.64990234375,2242.699951171875,2257.699951171875,0
2012-10-23,2239.482421875,2239.60009765625,2266.300048828125,2237.5,2258.449951171875,0
2012-10-25,2228.682861328125,2228.800048828125,2245.699951171875,2218.449951171875,2240.050048828125,0
2012-10-29,2187.985107421875,2188.10009765625,2211.10009765625,2182.10009765625,2198.75,0
2012-10-30,2161.88623046875,2162.0,2200.64990234375,2150.199951171875,2187.949951171875,0
2012-10-31,2174.28564453125,2174.39990234375,2176.35009765625,2151.10009765625,2161.699951171875,0
2012-11-01,2206.984130859375,2207.10009765625,2209.25,2173.85009765625,2174.64990234375,0
2012-11-02,2226.3330078125,2226.449951171875,2233.199951171875,2208.64990234375,2208.64990234375,0
2012-11-05,2208.3837890625,2208.5,2225.85009765625,2202.10009765625,2225.85009765625,0
2012-11-06,2214.233642578125,2214.35009765625,2218.300048828125,2200.550048828125,2207.949951171875,0
2012-11-07,2238.682373046875,2238.800048828125,2249.050048828125,2214.75,2215.199951171875,0
2012-11-08,2242.18212890625,2242.300048828125,2244.949951171875,2213.050048828125,2237.300048828125,0
2012-11-09,2219.683349609375,2219.800048828125,2261.85009765625,2216.39990234375,2242.60009765625,0
2012-11-12,2229.6328125,2229.75,2232.35009765625,2216.5,2219.85009765625,0
2012-11-15,2233.58251953125,2233.699951171875,2237.14990234375,2212.949951171875,2232.949951171875,0
2012-11-16,2199.934326171875,2200.050048828125,2247.25,2190.75,2233.35009765625,0
2012-11-19,2178.685546875,2178.800048828125,2207.89990234375,2171.300048828125,2200.25,0
2012-11-20,2151.987060546875,2152.10009765625,2195.800048828125,2141.35009765625,2180.449951171875,0
2012-11-21,2167.885986328125,2168.0,2171.199951171875,2138.60009765625,2152.85009765625,0
2012-11-22,2176.685546875,2176.800048828125,2189.449951171875,2163.199951171875,2168.5,0
2012-11-23,2175.985595703125,2176.10009765625,2186.75,2164.449951171875,2177.10009765625,0
2012-11-26,2195.484619140625,2195.60009765625,2200.60009765625,2176.39990234375,2176.39990234375,0
2012-11-27,2226.0830078125,2226.199951171875,2231.60009765625,2196.25,2196.25,0
2012-11-29,2248.1318359375,2248.25,2254.64990234375,2227.699951171875,2227.699951171875,0
2012-11-30,2288.32958984375,2288.449951171875,2295.0,2249.75,2249.75,0
2012-12-03,2315.42822265625,2315.550048828125,2318.449951171875,2289.60009765625,2289.60009765625,0
2012-12-04,2331.927490234375,2332.050048828125,2339.050048828125,2309.550048828125,2315.60009765625,0
2012-12-05,2343.726806640625,2343.85009765625,2356.449951171875,2334.14990234375,2334.14990234375,0
2012-12-06,2369.4755859375,2369.60009765625,2372.60009765625,2321.10009765625,2344.5,0
2012-12-07,2359.97607421875,2360.10009765625,2389.14990234375,2349.300048828125,2370.800048828125,0
2012-12-10,2377.824951171875,2377.949951171875,2380.10009765625,2361.699951171875,2361.699951171875,0
2012-12-11,2350.7265625,2350.85009765625,2396.64990234375,2322.64990234375,2379.39990234375,0
2012-12-12,2361.725830078125,2361.85009765625,2372.39990234375,2340.89990234375,2352.25,0
2012-12-13,2323.02783203125,2323.14990234375,2378.050048828125,2317.64990234375,2362.449951171875,0
2012-12-14,2347.7265625,2347.85009765625,2350.5,2316.5,2323.300048828125,0
2012-12-17,2363.525634765625,2363.64990234375,2366.89990234375,2347.89990234375,2347.89990234375,0
2012-12-18,2388.12451171875,2388.25,2390.300048828125,2336.949951171875,2363.25,0
2012-12-19,2391.524169921875,2391.64990234375,2404.949951171875,2387.25,2390.39990234375,0
2012-12-20,2379.22509765625,2379.35009765625,2393.39990234375,2366.0,2389.85009765625,0
2012-12-21,2325.227783203125,2325.35009765625,2377.89990234375,2321.39990234375,2377.89990234375,0
2012-12-24,2327.32763671875,2327.449951171875,2338.949951171875,2314.89990234375,2325.449951171875,0
2012-12-26,2344.976806640625,2345.10009765625,2352.800048828125,2328.14990234375,2328.14990234375,0
2012-12-27,2333.877197265625,2334.0,2358.449951171875,2330.14990234375,2346.300048828125,0
2012-12-28,2357.1259765625,2357.25,2359.300048828125,2334.699951171875,2335.25,0
2012-12-31,2369.37548828125,2369.5,2374.85009765625,2357.10009765625,2357.10009765625,0
2013-01-02,2424.822509765625,2424.949951171875,2437.050048828125,2411.10009765625,2411.10009765625,0
2013-01-03,2439.021728515625,2439.14990234375,2444.5,2417.050048828125,2425.89990234375,0
2013-01-04,2446.271240234375,2446.39990234375,2448.0,2421.449951171875,2439.60009765625,0
2013-01-07,2456.020751953125,2456.14990234375,2470.85009765625,2446.85009765625,2446.85009765625,0
2013-01-08,2465.17041015625,2465.300048828125,2467.699951171875,2437.10009765625,2456.300048828125,0
2013-01-09,2446.721435546875,2446.85009765625,2486.449951171875,2440.25,2466.25,0
2013-01-10,2437.271728515625,2437.39990234375,2466.800048828125,2421.800048828125,2448.550048828125,0
2013-01-11,2395.073974609375,2395.199951171875,2449.10009765625,2389.449951171875,2438.0,0
2013-01-14,2445.871337890625,2446.0,2451.550048828125,2378.89990234375,2395.14990234375,0
2013-01-15,2449.77099609375,2449.89990234375,2461.25,2437.35009765625,2446.10009765625,0
2013-01-16,2403.87353515625,2404.0,2458.75,2399.10009765625,2450.25,0
2013-01-17,2417.372802734375,2417.5,2426.60009765625,2394.5,2404.050048828125,0
2013-01-18,2412.52294921875,2412.64990234375,2433.0,2406.89990234375,2418.199951171875,0
2013-01-21,2428.222412109375,2428.35009765625,2432.550048828125,2412.89990234375,2412.89990234375,0
2013-01-22,2395.1240234375,2395.25,2449.199951171875,2388.75,2429.199951171875,0
2013-01-23,2362.775634765625,2362.89990234375,2407.25,2334.75,2396.550048828125,0
2013-01-24,2278.980224609375,2279.10009765625,2360.60009765625,2269.85009765625,2360.39990234375,0
2013-01-25,2348.576416015625,2348.699951171875,2351.300048828125,2263.5,2280.300048828125,0
2013-01-28,2343.1767578125,2343.300048828125,2357.89990234375,2338.35009765625,2349.35009765625,0
2013-01-29,2314.92822265625,2315.050048828125,2367.14990234375,2311.25,2343.85009765625,0
2013-01-30,2304.078857421875,2304.199951171875,2329.0,2298.89990234375,2316.25,0
2013-01-31,2324.727783203125,2324.85009765625,2328.60009765625,2299.10009765625,2303.75,0
2013-02-01,2315.728271484375,2315.85009765625,2339.800048828125,2309.35009765625,2325.550048828125,0
2013-02-04,2280.280029296875,2280.39990234375,2333.199951171875,2277.35009765625,2316.800048828125,0
2013-02-05,2256.2314453125,2256.35009765625,2279.550048828125,2242.800048828125,2279.550048828125,0
2013-02-06,2265.78076171875,2265.89990234375,2282.85009765625,2257.550048828125,2257.89990234375,0
2013-02-07,2248.681884765625,2248.800048828125,2284.10009765625,2239.949951171875,2264.64990234375,0
2013-02-08,2226.682861328125,2226.800048828125,2255.699951171875,2220.0,2248.85009765625,0
2013-02-11,2225.633056640625,2225.75,2236.85009765625,2218.60009765625,2227.60009765625,0
2013-02-12,2203.184326171875,2203.300048828125,2227.5,2180.0,2225.75,0
2013-02-13,2178.735595703125,2178.85009765625,2223.89990234375,2175.300048828125,2204.14990234375,0
2013-02-14,2139.6875,2139.800048828125,2178.35009765625,2131.0,2178.300048828125,0
2013-02-15,2152.136962890625,2152.25,2155.800048828125,2117.550048828125,2138.60009765625,0
2013-02-18,2168.93603515625,2169.050048828125,2176.35009765625,2151.800048828125,2152.699951171875,0
2013-02-19,2202.2841796875,2202.39990234375,2207.0,2159.300048828125,2169.60009765625,0
2013-02-20,2200.13427734375,2200.25,2215.85009765625,2198.0,2203.5,0
2013-02-21,2138.537353515625,2138.64990234375,2197.550048828125,2135.0,2197.550048828125,0
2013-02-22,2145.287109375,2145.39990234375,2160.050048828125,2127.699951171875,2138.10009765625,0
2013-02-25,2119.9384765625,2120.050048828125,2160.449951171875,2103.25,2147.75,0
2013-02-26,2079.340576171875,2079.449951171875,2118.10009765625,2075.199951171875,2118.10009765625,0
2013-02-27,2102.139404296875,2102.25,2113.35009765625,2061.949951171875,2081.199951171875,0
2013-02-28,2011.4443359375,2011.550048828125,2126.60009765625,2002.5,2104.199951171875,0
2013-03-01,2043.342529296875,2043.449951171875,2061.949951171875,2012.0999755859375,2012.0999755859375,0
2013-03-04,1999.794921875,1999.9000244140625,2042.4000244140625,1994.550048828125,2042.4000244140625,0
2013-03-05,2045.992431640625,2046.0999755859375,2049.25,2001.449951171875,2001.449951171875,0
2013-03-06,2071.691162109375,2071.800048828125,2086.35009765625,2048.050048828125,2048.050048828125,0
2013-03-07,2086.6904296875,2086.800048828125,2090.0,2063.85009765625,2071.050048828125,0
2013-03-08,2110.189208984375,2110.300048828125,2115.050048828125,2088.25,2088.25,0
2013-03-11,2112.038818359375,2112.14990234375,2126.35009765625,2104.14990234375,2110.75,0
2013-03-12,2093.33984375,2093.449951171875,2122.199951171875,2077.35009765625,2112.89990234375,0
2013-03-13,2067.241455078125,2067.35009765625,2091.800048828125,2064.89990234375,2091.800048828125,0
2013-03-14,2103.039306640625,2103.14990234375,2105.300048828125,2045.9000244140625,2067.5,0
2013-03-15,2078.590576171875,2078.699951171875,2123.39990234375,2075.75,2103.75,0
2013-03-18,2063.54150390625,2063.64990234375,2076.050048828125,2049.5,2076.050048828125,0
2013-03-19,2014.593994140625,2014.699951171875,2075.64990234375,2010.1500244140625,2063.75,0
2013-03-20,1957.047119140625,1957.1500244140625,2021.1500244140625,1948.199951171875,2013.800048828125,0
2013-03-21,1916.54931640625,1916.6500244140625,1974.9000244140625,1912.1500244140625,1958.699951171875,0
2013-03-22,1911.99951171875,1912.0999755859375,1927.4000244140625,1890.300048828125,1915.699951171875,0
2013-03-25,1897.80029296875,1897.9000244140625,1948.0999755859375,1890.5999755859375,1912.0999755859375,0
2013-03-26,1880.10107421875,1880.199951171875,1902.5999755859375,1867.949951171875,1897.9000244140625,0
2013-03-28,1932.8984375,1933.0,1938.6500244140625,1867.300048828125,1880.199951171875,0
2013-04-01,1964.146728515625,1964.25,1967.949951171875,1933.0,1933.0,0
2013-04-02,2012.6942138671875,2012.800048828125,2017.5999755859375,1958.0,1964.25,0
2013-04-03,1987.345458984375,1987.449951171875,2036.199951171875,1978.5,2012.800048828125,0
2013-04-04,1947.297607421875,1947.4000244140625,1987.449951171875,1942.050048828125,1987.449951171875,0
2013-04-05,1946.8975830078125,1947.0,1963.8499755859375,1937.4000244140625,1947.4000244140625,0
2013-04-08,1946.44775390625,1946.550048828125,1963.25,1942.5,1947.0,0
2013-04-09,1925.4488525390625,1925.550048828125,1977.0999755859375,1922.550048828125,1946.550048828125,0
2013-04-10,1951.5972900390625,1951.699951171875,1953.949951171875,1905.949951171875,1925.550048828125,0
2013-04-11,1950.697509765625,1950.800048828125,1970.5,1931.8499755859375,1951.699951171875,0
2013-04-12,1966.6966552734375,1966.800048828125,1970.6500244140625,1926.300048828125,1950.800048828125,0
2013-04-15,1967.9964599609375,1968.0999755859375,1984.949951171875,1956.8499755859375,1966.800048828125,0
2013-04-16,2011.6943359375,2011.800048828125,2014.300048828125,1957.949951171875,1968.0999755859375,0
2013-04-17,2019.5438232421875,2019.6500244140625,2045.0,2003.300048828125,2011.800048828125,0
2013-04-18,2043.092529296875,2043.199951171875,2045.199951171875,2014.4000244140625,2019.6500244140625,0
2013-04-22,2087.740234375,2087.85009765625,2091.800048828125,2036.5,2043.199951171875,0
2013-04-23,2076.44091796875,2076.550048828125,2100.64990234375,2057.199951171875,2087.85009765625,0
2013-04-25,2085.84033203125,2085.949951171875,2099.60009765625,2076.550048828125,2076.550048828125,0
2013-04-26,2060.54150390625,2060.64990234375,2102.199951171875,2056.550048828125,2085.949951171875,0
2013-04-29,2095.239990234375,2095.35009765625,2103.800048828125,2060.64990234375,2060.64990234375,0
2013-04-30,2089.090087890625,2089.199951171875,2112.64990234375,2053.699951171875,2095.35009765625,0
2013-05-02,2123.08837890625,2123.199951171875,2128.89990234375,2087.550048828125,2089.199951171875,0
2013-05-03,2117.48876953125,2117.60009765625,2137.60009765625,2090.050048828125,2123.199951171875,0
2013-05-06,2148.737060546875,2148.85009765625,2150.5,2116.949951171875,2117.60009765625,0
2013-05-07,2166.785888671875,2166.89990234375,2169.550048828125,2148.85009765625,2148.85009765625,0
2013-05-08,2156.436767578125,2156.550048828125,2177.300048828125,2145.60009765625,2166.89990234375,0
2013-05-09,2136.1376953125,2136.25,2169.699951171875,2131.64990234375,2156.550048828125,0
2013-05-10,2140.33740234375,2140.449951171875,2146.64990234375,2128.64990234375,2136.25,0
2013-05-13,2096.58984375,2096.699951171875,2149.75,2091.699951171875,2147.0,0
2013-05-14,2102.83935546875,2102.949951171875,2113.25,2091.64990234375,2096.699951171875,0
2013-05-15,2150.886962890625,2151.0,2153.25,2102.949951171875,2102.949951171875,0
2013-05-16,2155.586669921875,2155.699951171875,2174.449951171875,2147.14990234375,2151.0,0
2013-05-17,2171.78564453125,2171.89990234375,2175.39990234375,2146.449951171875,2155.699951171875,0
2013-05-20,2160.58642578125,2160.699951171875,2195.699951171875,2154.550048828125,2171.89990234375,0
2013-05-21,2135.98779296875,2136.10009765625,2164.14990234375,2130.39990234375,2160.699951171875,0
2013-05-22,2102.239501953125,2102.35009765625,2155.35009765625,2097.800048828125,2136.10009765625,0
2013-05-23,2046.242431640625,2046.3499755859375,2102.35009765625,2032.5999755859375,2102.35009765625,0
2013-05-24,2064.491455078125,2064.60009765625,2072.25,2031.0999755859375,2046.3499755859375,0
2013-05-27,2092.33984375,2092.449951171875,2095.25,2060.25,2064.60009765625,0
2013-05-28,2101.28955078125,2101.39990234375,2112.64990234375,2091.0,2092.449951171875,0
2013-05-29,2076.140869140625,2076.25,2103.39990234375,2067.300048828125,2101.39990234375,0
2013-05-30,2073.2412109375,2073.35009765625,2081.449951171875,2061.35009765625,2076.25,0
2013-05-31,2023.6435546875,2023.75,2077.050048828125,2019.9000244140625,2073.35009765625,0
2013-06-03,2034.64306640625,2034.75,2037.9000244140625,2012.199951171875,2023.75,0
2013-06-04,2041.9427490234375,2042.050048828125,2060.300048828125,2034.75,2034.75,0
2013-06-05,2058.791748046875,2058.89990234375,2061.75,2036.949951171875,2042.050048828125,0
2013-06-06,2066.641357421875,2066.75,2073.0,2041.699951171875,2058.89990234375,0
2013-06-07,2035.093017578125,2035.199951171875,2076.550048828125,2032.550048828125,2066.75,0
2013-06-10,1998.6949462890625,1998.800048828125,2053.35009765625,1990.800048828125,2035.199951171875,0
2013-06-11,1958.0970458984375,1958.199951171875,1998.800048828125,1943.6500244140625,1998.800048828125,0
2013-06-12,1950.1474609375,1950.25,1968.1500244140625,1930.25,1958.199951171875,0
2013-06-13,1904.2999267578125,1904.4000244140625,1950.25,1899.800048828125,1950.25,0
2013-06-14,1930.24853515625,1930.3499755859375,1939.3499755859375,1904.4000244140625,1904.4000244140625,0
2013-06-17,1943.0977783203125,1943.199951171875,1946.699951171875,1905.699951171875,1930.3499755859375,0
2013-06-18,1959.197021484375,1959.300048828125,1973.300048828125,1939.949951171875,1943.199951171875,0
2013-06-19,1976.296142578125,1976.4000244140625,1983.300048828125,1958.6500244140625,1959.300048828125,0
2013-06-20,1921.848876953125,1921.949951171875,1976.4000244140625,1918.8499755859375,1976.4000244140625,0
2013-06-21,1886.200927734375,1886.300048828125,1932.199951171875,1862.949951171875,1921.949951171875,0
2013-06-24,1837.2034912109375,1837.300048828125,1886.300048828125,1827.8499755859375,1886.300048828125,0
2013-06-25,1834.903564453125,1835.0,1852.550048828125,1802.0999755859375,1837.300048828125,0
2013-06-26,1826.25390625,1826.3499755859375,1852.199951171875,1823.0999755859375,1835.0,0
2013-06-27,1833.1036376953125,1833.199951171875,1852.449951171875,1818.949951171875,1826.3499755859375,0
2013-06-28,1891.550537109375,1891.6500244140625,1895.699951171875,1833.199951171875,1833.199951171875,0
2013-07-01,1952.9473876953125,1953.050048828125,1956.25,1891.6500244140625,1891.6500244140625,0
2013-07-02,1933.1983642578125,1933.300048828125,1963.4000244140625,1930.800048828125,1953.050048828125,0
2013-07-03,1878.751220703125,1878.8499755859375,1933.300048828125,1874.800048828125,1933.300048828125,0
2013-07-04,1894.700439453125,1894.800048828125,1910.8499755859375,1867.449951171875,1878.8499755859375,0
2013-07-05,1900.4501953125,1900.550048828125,1927.3499755859375,1885.550048828125,1894.800048828125,0
2013-07-08,1909.2996826171875,1909.4000244140625,1919.0999755859375,1874.25,1900.550048828125,0
2013-07-09,1934.248291015625,1934.3499755859375,1936.449951171875,1909.4000244140625,1909.4000244140625,0
2013-07-10,1920.799072265625,1920.9000244140625,1945.449951171875,1915.8499755859375,1934.3499755859375,0
2013-07-11,1940.697998046875,1940.800048828125,1955.949951171875,1920.9000244140625,1920.9000244140625,0
2013-07-12,1946.647705078125,1946.75,1956.0999755859375,1927.8499755859375,1940.800048828125,0
2013-07-15,1971.8963623046875,1972.0,1973.9000244140625,1936.6500244140625,1946.75,0
2013-07-16,1932.448486328125,1932.550048828125,1972.0,1928.800048828125,1972.0,0
2013-07-17,1907.4996337890625,1907.5999755859375,1947.9000244140625,1890.949951171875,1932.550048828125,0
2013-07-18,1938.048095703125,1938.1500244140625,1942.4000244140625,1904.5,1907.5999755859375,0
2013-07-19,1928.0487060546875,1928.1500244140625,1949.5,1922.3499755859375,1938.1500244140625,0
2013-07-22,1934.1983642578125,1934.300048828125,1944.6500244140625,1915.1500244140625,1928.1500244140625,0
2013-07-23,1941.697998046875,1941.800048828125,1952.050048828125,1934.300048828125,1934.300048828125,0
2013-07-24,1910.4495849609375,1910.550048828125,1941.800048828125,1901.5999755859375,1941.800048828125,0
2013-07-25,1892.1505126953125,1892.25,1911.0999755859375,1888.300048828125,1902.0,0
2013-07-26,1880.701171875,1880.800048828125,1910.0999755859375,1867.6500244140625,1892.25,0
2013-07-29,1862.4521484375,1862.550048828125,1878.0,1859.0,1877.050048828125,0
2013-07-30,1807.6549072265625,1807.75,1867.0999755859375,1805.5,1862.550048828125,0
2013-07-31,1829.90380859375,1830.0,1836.949951171875,1759.25,1797.199951171875,0
2013-08-01,1785.006103515625,1785.0999755859375,1853.0,1767.300048828125,1830.0,0
2013-08-02,1746.2581787109375,1746.3499755859375,1793.0999755859375,1722.5,1785.0999755859375,0
2013-08-05,1759.5574951171875,1759.6500244140625,1763.6500244140625,1727.4000244140625,1754.449951171875,161900
2013-08-06,1712.5098876953125,1712.5999755859375,1748.449951171875,1703.1500244140625,1748.449951171875,205800
2013-08-07,1745.408203125,1745.5,1759.449951171875,1709.300048828125,1712.9000244140625,235700
2013-08-08,1769.35693359375,1769.449951171875,1772.199951171875,1737.8499755859375,1746.0999755859375,167300
2013-08-12,1802.0552978515625,1802.1500244140625,1813.25,1771.449951171875,1785.0999755859375,160200
2013-08-13,1840.55322265625,1840.6500244140625,1842.550048828125,1796.0,1801.550048828125,164200
2013-08-14,1851.252685546875,1851.3499755859375,1862.5999755859375,1838.550048828125,1845.8499755859375,167400
2013-08-16,1768.156982421875,1768.25,1842.199951171875,1762.1500244140625,1842.199951171875,166700
2013-08-19,1751.0079345703125,1751.0999755859375,1767.050048828125,1724.199951171875,1762.4000244140625,167000
2013-08-20,1763.00732421875,1763.0999755859375,1769.0999755859375,1721.8499755859375,1734.449951171875,170100
2013-08-21,1712.260009765625,1712.3499755859375,1797.5,1705.949951171875,1784.550048828125,180400
2013-08-22,1761.0074462890625,1761.0999755859375,1764.6500244140625,1694.5999755859375,1701.449951171875,165700
2013-08-23,1783.356201171875,1783.449951171875,1786.0999755859375,1757.5999755859375,1774.3499755859375,152200
2013-08-26,1793.5557861328125,1793.6500244140625,1809.1500244140625,1781.5999755859375,1794.199951171875,146700
2013-08-27,1742.6583251953125,1742.75,1791.5,1736.800048828125,1784.8499755859375,145200
2013-08-28,1738.9586181640625,1739.050048828125,1746.300048828125,1692.300048828125,1722.4000244140625,184200
2013-08-29,1765.8570556640625,1765.949951171875,1768.5999755859375,1732.5999755859375,1746.25,294600
2013-08-30,1769.45703125,1769.550048828125,1791.800048828125,1746.0999755859375,1767.75,177800
2013-09-02,1807.10498046875,1807.199951171875,1808.949951171875,1772.5,1772.5,0
2013-09-03,1756.8076171875,1756.9000244140625,1821.5999755859375,1750.550048828125,1818.75,170100
2013-09-04,1783.106201171875,1783.199951171875,1788.1500244140625,1754.699951171875,1762.9000244140625,0
2013-09-05,1817.054443359375,1817.1500244140625,1824.6500244140625,1803.800048828125,1807.3499755859375,187300
2013-09-06,1821.80419921875,1821.9000244140625,1828.699951171875,1806.550048828125,1824.75,165400
2013-09-10,1843.60302734375,1843.699951171875,1851.949951171875,1830.550048828125,1839.9000244140625,167400
2013-09-11,1876.851318359375,1876.949951171875,1881.449951171875,1840.1500244140625,1840.75,228400
2013-09-12,1859.4022216796875,1859.5,1893.8499755859375,1846.8499755859375,1888.6500244140625,227800
2013-09-13,1877.0013427734375,1877.0999755859375,1888.199951171875,1858.550048828125,1858.550048828125,199300
2013-09-16,1864.001953125,1864.0999755859375,1905.75,1848.699951171875,1903.949951171875,185600
2013-09-17,1868.501708984375,1868.5999755859375,1870.4000244140625,1849.6500244140625,1862.0,106500
2013-09-18,1874.4515380859375,1874.550048828125,1879.6500244140625,1862.800048828125,1872.550048828125,108100
2013-09-19,1945.44775390625,1945.550048828125,1951.3499755859375,1902.6500244140625,1910.5,225500
2013-09-20,1931.7984619140625,1931.9000244140625,1955.0,1891.6500244140625,1947.699951171875,249900
2013-09-23,1905.7998046875,1905.9000244140625,1936.25,1901.8499755859375,1915.0999755859375,157000
2013-09-24,1915.9493408203125,1916.050048828125,1929.050048828125,1900.6500244140625,1900.949951171875,148300
2013-09-25,1921.9989013671875,1922.0999755859375,1927.8499755859375,1895.9000244140625,1917.050048828125,165900
2013-09-26,1914.8992919921875,1915.0,1927.300048828125,1911.699951171875,1920.949951171875,190300
2013-09-27,1910.4495849609375,1910.550048828125,1933.449951171875,1907.300048828125,1921.550048828125,120300
2013-09-30,1884.2508544921875,1884.3499755859375,1897.949951171875,1874.75,1896.5999755859375,112100
2013-10-01,1908.0496826171875,1908.1500244140625,1910.75,1872.199951171875,1886.050048828125,119500
2013-10-03,1953.247314453125,1953.3499755859375,1956.0,1913.25,1914.449951171875,141200
2013-10-04,1952.5972900390625,1952.699951171875,1967.050048828125,1940.699951171875,1946.0999755859375,148800
2013-10-07,1974.8961181640625,1975.0,1976.4000244140625,1943.699951171875,1950.6500244140625,109000
2013-10-08,1977.095947265625,1977.199951171875,1996.800048828125,1972.9000244140625,1988.699951171875,121600
2013-10-09,1996.344970703125,1996.449951171875,1999.3499755859375,1962.5999755859375,1966.4000244140625,151700
2013-10-10,1999.0948486328125,1999.199951171875,2011.699951171875,1994.300048828125,1999.949951171875,122600
2013-10-11,2003.3946533203125,2003.5,2018.5999755859375,1995.25,2015.75,156600
2013-10-14,2015.343994140625,2015.449951171875,2019.199951171875,2004.949951171875,2005.0999755859375,123800
2013-10-15,1985.8956298828125,1986.0,2030.1500244140625,1979.5999755859375,2025.800048828125,164900
2013-10-17,1981.0958251953125,1981.199951171875,2002.5999755859375,1977.4000244140625,1985.6500244140625,144400
2013-10-18,2022.1436767578125,2022.25,2025.0,1985.3499755859375,1985.3499755859375,139500
2013-10-21,2053.4921875,2053.60009765625,2055.300048828125,2024.800048828125,2024.800048828125,173700
2013-10-22,2066.59130859375,2066.699951171875,2070.449951171875,2049.050048828125,2049.050048828125,177800
2013-10-23,2054.2919921875,2054.39990234375,2080.25,2031.699951171875,2073.64990234375,154500
2013-10-24,2053.442138671875,2053.550048828125,2081.050048828125,2049.75,2053.14990234375,144300
2013-10-25,2027.243408203125,2027.3499755859375,2056.550048828125,2024.449951171875,2048.60009765625,107100
2013-10-28,2006.89453125,2007.0,2036.1500244140625,2005.0,2029.8499755859375,108667200
2013-10-29,2042.9925537109375,2043.0999755859375,2045.9000244140625,1990.4000244140625,2006.5999755859375,133400
2013-10-30,2046.3924560546875,2046.5,2056.449951171875,2039.800048828125,2051.10009765625,115500
2013-10-31,2084.34033203125,2084.449951171875,2090.050048828125,2045.050048828125,2045.3499755859375,215700
2013-11-01,2125.188232421875,2125.300048828125,2127.699951171875,2081.85009765625,2081.85009765625,260900
2013-11-05,2156.086669921875,2156.199951171875,2173.5,2114.699951171875,2123.25,209200
2013-11-06,2146.88720703125,2147.0,2174.800048828125,2142.050048828125,2158.85009765625,178800
2013-11-07,2107.439208984375,2107.550048828125,2166.39990234375,2104.14990234375,2147.75,179700
2013-11-08,2115.338623046875,2115.449951171875,2125.0,2101.199951171875,2103.300048828125,152200
2013-11-11,2097.8896484375,2098.0,2126.75,2092.949951171875,2111.199951171875,172900
2013-11-12,2067.991455078125,2068.10009765625,2106.550048828125,2065.14990234375,2101.050048828125,172900
2013-11-13,2058.541748046875,2058.64990234375,2092.14990234375,2051.300048828125,2062.949951171875,158700
2013-11-14,2097.439697265625,2097.550048828125,2103.550048828125,2074.699951171875,2074.699951171875,133100
2013-11-18,2132.637939453125,2132.75,2134.300048828125,2111.199951171875,2111.199951171875,134000
2013-11-19,2138.337646484375,2138.449951171875,2144.85009765625,2124.60009765625,2130.0,153000
2013-11-20,2122.08837890625,2122.199951171875,2155.64990234375,2114.550048828125,2136.949951171875,163400
2013-11-21,2086.140380859375,2086.25,2119.60009765625,2081.050048828125,2115.199951171875,146700
2013-11-22,2084.140380859375,2084.25,2109.89990234375,2073.89990234375,2097.949951171875,135300
2013-11-25,2131.287841796875,2131.39990234375,2134.050048828125,2096.949951171875,2096.949951171875,119400
2013-11-26,2117.48876953125,2117.60009765625,2141.699951171875,2115.550048828125,2126.35009765625,246700
2013-11-27,2127.13818359375,2127.25,2130.199951171875,2106.5,2120.35009765625,145700
2013-11-28,2149.536865234375,2149.64990234375,2159.449951171875,2138.800048828125,2139.199951171875,273700
2013-11-29,2177.785400390625,2177.89990234375,2180.35009765625,2152.85009765625,2152.85009765625,163700
2013-12-02,2192.084716796875,2192.199951171875,2200.10009765625,2183.0,2184.050048828125,151300
2013-12-03,2186.534912109375,2186.64990234375,2199.800048828125,2180.0,2186.949951171875,170000
2013-12-04,2165.236328125,2165.35009765625,2201.800048828125,2162.300048828125,2185.60009765625,260600
2013-12-05,2193.28466796875,2193.39990234375,2206.25,2186.39990234375,2201.800048828125,185600
2013-12-06,2207.43408203125,2207.550048828125,2212.199951171875,2189.14990234375,2193.949951171875,131600
2013-12-09,2234.032470703125,2234.14990234375,2253.5,2221.75,2253.199951171875,160100
2013-12-10,2230.3828125,2230.5,2239.699951171875,2205.39990234375,2234.050048828125,164300
2013-12-11,2210.8837890625,2211.0,2225.0,2196.199951171875,2222.050048828125,132300
2013-12-12,2191.134765625,2191.25,2211.449951171875,2188.25,2200.25,137400
2013-12-13,2152.73681640625,2152.85009765625,2186.5,2149.050048828125,2177.39990234375,117000
2013-12-16,2165.086181640625,2165.199951171875,2171.050048828125,2147.550048828125,2152.449951171875,124700
2013-12-17,2157.386474609375,2157.5,2185.35009765625,2154.0,2177.800048828125,141700
2013-12-18,2206.634033203125,2206.75,2210.550048828125,2157.85009765625,2157.85009765625,167200
2013-12-19,2193.334716796875,2193.449951171875,2221.39990234375,2186.14990234375,2216.449951171875,147100
2013-12-20,2237.232421875,2237.35009765625,2238.85009765625,2190.60009765625,2190.60009765625,187000
2013-12-23,2269.530517578125,2269.64990234375,2282.449951171875,2241.75,2241.75,198000
2013-12-24,2279.43017578125,2279.550048828125,2288.60009765625,2269.800048828125,2275.64990234375,164200
2013-12-26,2283.8798828125,2284.0,2306.14990234375,2276.85009765625,2284.89990234375,233400
2013-12-27,2297.3291015625,2297.449951171875,2304.550048828125,2289.60009765625,2292.050048828125,143500
2013-12-30,2290.9296875,2291.050048828125,2311.0,2283.85009765625,2304.75,134700
2013-12-31,2302.62890625,2302.75,2307.449951171875,2287.75,2303.699951171875,152700
2014-01-02,2262.981201171875,2263.10009765625,2344.050048828125,2255.199951171875,2323.89990234375,228600
2014-01-03,2271.380615234375,2271.5,2273.89990234375,2244.35009765625,2251.949951171875,172800
2014-01-06,2284.52978515625,2284.64990234375,2285.89990234375,2261.550048828125,2278.0,126700
2014-01-07,2261.031005859375,2261.14990234375,2299.800048828125,2257.300048828125,2290.0,160700
2014-01-08,2268.58056640625,2268.699951171875,2283.550048828125,2259.14990234375,2267.550048828125,158000
2014-01-09,2240.93212890625,2241.050048828125,2276.550048828125,2232.35009765625,2270.60009765625,141300
2014-01-10,2216.18359375,2216.300048828125,2259.5,2212.64990234375,2244.14990234375,139200
2014-01-13,2215.283447265625,2215.39990234375,2235.5,2201.050048828125,2217.5,130900
2014-01-14,2222.233154296875,2222.35009765625,2233.199951171875,2211.449951171875,2211.449951171875,115300
2014-01-15,2229.182861328125,2229.300048828125,2239.550048828125,2217.35009765625,2230.449951171875,145100
2014-01-16,2225.782958984375,2225.89990234375,2239.60009765625,2220.199951171875,2234.14990234375,117500
2014-01-17,2196.58447265625,2196.699951171875,2234.199951171875,2191.14990234375,2225.85009765625,112400
2014-01-20,2226.233154296875,2226.35009765625,2229.60009765625,2193.699951171875,2194.75,112600
2014-01-21,2233.232666015625,2233.35009765625,2242.300048828125,2225.199951171875,2232.300048828125,120800
2014-01-22,2242.882080078125,2243.0,2247.14990234375,2230.60009765625,2234.25,121800
2014-01-23,2232.33251953125,2232.449951171875,2247.550048828125,2231.25,2237.5,98800
2014-01-24,2183.63525390625,2183.75,2228.60009765625,2181.449951171875,2222.550048828125,105900
2014-01-27,2095.789794921875,2095.89990234375,2160.85009765625,2092.550048828125,2160.85009765625,155000
2014-01-28,2092.18994140625,2092.300048828125,2116.949951171875,2073.35009765625,2094.949951171875,171300
2014-01-29,2106.5390625,2106.64990234375,2117.75,2100.89990234375,2105.64990234375,138900
2014-01-30,2075.0908203125,2075.199951171875,2090.800048828125,2065.199951171875,2086.14990234375,231900
2014-01-31,2131.087890625,2131.199951171875,2134.64990234375,2084.39990234375,2084.85009765625,171900
2014-02-03,2098.48974609375,2098.60009765625,2128.699951171875,2094.800048828125,2122.64990234375,132100
2014-02-04,2106.839111328125,2106.949951171875,2112.949951171875,2070.64990234375,2079.199951171875,152800
2014-02-05,2116.588623046875,2116.699951171875,2120.75,2100.949951171875,2107.60009765625,125600
2014-02-06,2120.83837890625,2120.949951171875,2138.14990234375,2105.5,2126.949951171875,130500
2014-02-07,2143.787109375,2143.89990234375,2149.550048828125,2129.39990234375,2141.050048828125,122900
2014-02-10,2131.93798828125,2132.050048828125,2151.35009765625,2128.75,2148.300048828125,123000
2014-02-11,2131.537841796875,2131.64990234375,2140.14990234375,2122.39990234375,2137.35009765625,93600
2014-02-12,2126.2880859375,2126.39990234375,2145.0,2119.699951171875,2142.75,111300
2014-02-13,2086.1904296875,2086.300048828125,2130.449951171875,2081.0,2130.14990234375,111600
2014-02-14,2092.789794921875,2092.89990234375,2098.0,2067.64990234375,2088.5,105700
2014-02-18,2116.638671875,2116.75,2121.35009765625,2092.60009765625,2092.60009765625,111200
2014-02-19,2125.73828125,2125.85009765625,2128.5,2114.64990234375,2115.550048828125,89700
2014-02-20,2124.5380859375,2124.64990234375,2134.949951171875,2107.64990234375,2112.5,118300
2014-02-21,2141.08740234375,2141.199951171875,2143.699951171875,2129.699951171875,2129.699951171875,98700
2014-02-24,2145.537109375,2145.64990234375,2150.89990234375,2140.85009765625,2144.39990234375,98800
2014-02-25,2145.4873046875,2145.60009765625,2162.199951171875,2141.800048828125,2152.949951171875,107100
2014-02-26,2146.937255859375,2147.050048828125,2152.89990234375,2137.0,2147.64990234375,187500
2014-02-28,2168.385986328125,2168.5,2171.5,2148.550048828125,2152.300048828125,119100
2014-03-03,2155.48681640625,2155.60009765625,2181.89990234375,2145.85009765625,2168.800048828125,115300
2014-03-04,2192.134765625,2192.25,2194.199951171875,2157.0,2157.0,128400
2014-03-05,2210.683837890625,2210.800048828125,2213.14990234375,2190.0,2204.64990234375,134000
2014-03-06,2253.981689453125,2254.10009765625,2257.85009765625,2216.550048828125,2219.449951171875,199500
2014-03-07,2277.880126953125,2278.0,2286.050048828125,2253.10009765625,2265.10009765625,265700
2014-03-10,2297.979248046875,2298.10009765625,2304.050048828125,2267.10009765625,2271.300048828125,216800
2014-03-11,2284.97998046875,2285.10009765625,2315.699951171875,2281.10009765625,2305.800048828125,204600
2014-03-12,2280.830078125,2280.949951171875,2299.949951171875,2270.699951171875,2284.14990234375,162700
2014-03-13,2251.281494140625,2251.39990234375,2306.75,2240.699951171875,2285.800048828125,140000
2014-03-14,2265.080810546875,2265.199951171875,2267.699951171875,2226.89990234375,2241.949951171875,142000
2014-03-18,2291.9794921875,2292.10009765625,2305.75,2276.35009765625,2276.35009765625,140700
2014-03-19,2306.32861328125,2306.449951171875,2318.199951171875,2295.699951171875,2302.300048828125,136100
2014-03-20,2283.679931640625,2283.800048828125,2310.39990234375,2281.800048828125,2301.75,138900
2014-03-21,2304.97900390625,2305.10009765625,2311.25,2292.89990234375,2292.89990234375,151400
2014-03-24,2322.827880859375,2322.949951171875,2329.25,2314.050048828125,2314.85009765625,133200
2014-03-25,2345.976806640625,2346.10009765625,2349.050048828125,2317.60009765625,2318.75,157700
2014-03-26,2354.876220703125,2355.0,2373.35009765625,2343.5,2359.10009765625,218300
2014-03-27,2356.026123046875,2356.14990234375,2375.449951171875,2352.199951171875,2355.35009765625,259600
2014-03-28,2433.47216796875,2433.60009765625,2440.10009765625,2369.699951171875,2369.699951171875,233700
2014-03-31,2465.020263671875,2465.14990234375,2469.199951171875,2432.75,2453.050048828125,286900
2014-04-01,2452.52099609375,2452.64990234375,2477.25,2434.800048828125,2475.10009765625,212800
2014-04-02,2504.568359375,2504.699951171875,2508.35009765625,2464.449951171875,2468.199951171875,197500
2014-04-03,2482.119384765625,2482.25,2506.75,2466.75,2499.0,250900
2014-04-04,2490.319091796875,2490.449951171875,2501.800048828125,2473.5,2481.449951171875,197300
2014-04-07,2485.519287109375,2485.64990234375,2507.0,2458.60009765625,2490.64990234375,207300
2014-04-09,2542.216552734375,2542.35009765625,2543.64990234375,2495.64990234375,2495.64990234375,209000
2014-04-10,2589.913818359375,2590.050048828125,2610.5,2542.89990234375,2547.050048828125,309100
2014-04-11,2583.064208984375,2583.199951171875,2608.050048828125,2566.5,2573.550048828125,251000
2014-04-15,2554.265625,2554.39990234375,2597.25,2546.14990234375,2591.300048828125,185400
2014-04-16,2514.667724609375,2514.800048828125,2587.14990234375,2508.89990234375,2557.949951171875,227300
2014-04-17,2570.564697265625,2570.699951171875,2574.10009765625,2520.699951171875,2526.5,204100
2014-04-21,2600.913330078125,2601.050048828125,2608.35009765625,2580.39990234375,2580.39990234375,163800
2014-04-22,2586.31396484375,2586.449951171875,2615.10009765625,2581.35009765625,2610.89990234375,192200
2014-04-23,2572.86474609375,2573.0,2601.60009765625,2565.300048828125,2589.85009765625,245700
2014-04-25,2570.61474609375,2570.75,2592.10009765625,2561.5,2577.25,198000
2014-04-28,2608.412841796875,2608.550048828125,2613.25,2568.449951171875,2576.60009765625,246900
2014-04-29,2579.16455078125,2579.300048828125,2625.14990234375,2573.60009765625,2615.75,262400
2014-04-30,2525.21728515625,2525.35009765625,2609.89990234375,2490.0,2588.14990234375,287300
2014-05-02,2539.466552734375,2539.60009765625,2556.050048828125,2530.800048828125,2543.60009765625,169000
2014-05-05,2538.31640625,2538.449951171875,2559.14990234375,2530.35009765625,2541.0,176000
2014-05-06,2539.716552734375,2539.85009765625,2560.39990234375,2529.14990234375,2549.949951171875,135700
2014-05-07,2533.316650390625,2533.449951171875,2564.800048828125,2528.0,2540.35009765625,171500
2014-05-08,2518.2177734375,2518.35009765625,2549.949951171875,2505.800048828125,2543.949951171875,164000
2014-05-09,2582.26416015625,2582.39990234375,2585.550048828125,2511.699951171875,2515.449951171875,243200
2014-05-12,2616.712646484375,2616.85009765625,2634.800048828125,2588.550048828125,2589.050048828125,287100
2014-05-13,2688.858642578125,2689.0,2696.39990234375,2636.050048828125,2639.699951171875,342600
2014-05-14,2757.705078125,2757.85009765625,2760.800048828125,2693.64990234375,2700.35009765625,359900
2014-05-15,2730.00634765625,2730.14990234375,2788.14990234375,2720.0,2765.14990234375,311700
2014-05-16,2826.701416015625,2826.85009765625,2910.050048828125,2785.64990234375,2809.449951171875,580300
2014-05-19,3017.59130859375,3017.75,3024.14990234375,2866.25,2866.25,506900
2014-05-20,3032.29052734375,3032.449951171875,3078.0,3006.550048828125,3052.300048828125,515700
2014-05-21,3041.14013671875,3041.300048828125,3064.5,2998.0,3048.75,388700
2014-05-22,3091.887451171875,3092.050048828125,3111.300048828125,3056.64990234375,3068.699951171875,419600
2014-05-23,3193.281982421875,3193.449951171875,3202.5,3119.10009765625,3119.10009765625,495100
2014-05-26,3111.386474609375,3111.550048828125,3288.449951171875,3009.949951171875,3229.199951171875,589700
2014-05-27,3074.538330078125,3074.699951171875,3120.64990234375,3008.14990234375,3120.64990234375,380700
2014-05-28,3093.58740234375,3093.75,3111.0,3058.85009765625,3082.449951171875,309500
2014-05-29,3054.939453125,3055.10009765625,3102.85009765625,3049.14990234375,3097.60009765625,328600
2014-05-30,3049.1396484375,3049.300048828125,3095.699951171875,3039.25,3069.39990234375,348000
2014-06-02,3145.384765625,3145.550048828125,3149.35009765625,3058.14990234375,3058.35009765625,279900
2014-06-03,3166.2333984375,3166.39990234375,3169.300048828125,3130.64990234375,3157.300048828125,327700
2014-06-04,3234.52978515625,3234.699951171875,3238.300048828125,3167.949951171875,3167.949951171875,374400
2014-06-05,3308.076171875,3308.25,3312.35009765625,3224.10009765625,3247.949951171875,364000
2014-06-06,3370.32275390625,3370.5,3373.85009765625,3326.35009765625,3336.0,391900
2014-06-09,3434.41943359375,3434.60009765625,3443.050048828125,3396.25,3399.5,584500
2014-06-10,3406.171142578125,3406.35009765625,3449.25,3347.64990234375,3448.60009765625,423300
2014-06-11,3329.77490234375,3329.949951171875,3441.75,3306.699951171875,3412.14990234375,439500
2014-06-12,3336.124755859375,3336.300048828125,3352.64990234375,3288.10009765625,3327.35009765625,308800
2014-06-13,3216.230712890625,3216.39990234375,3363.949951171875,3192.199951171875,3344.550048828125,366200
2014-06-16,3240.129638671875,3240.300048828125,3244.800048828125,3121.300048828125,3203.449951171875,341400
2014-06-17,3294.82666015625,3295.0,3299.89990234375,3217.800048828125,3241.35009765625,275000
2014-06-18,3250.629150390625,3250.800048828125,3338.89990234375,3213.10009765625,3299.85009765625,323100
2014-06-19,3213.48095703125,3213.64990234375,3291.0,3203.0,3260.10009765625,264600
2014-06-20,3186.482421875,3186.64990234375,3233.35009765625,3174.199951171875,3205.0,323800
2014-06-23,3218.230712890625,3218.39990234375,3224.60009765625,3183.14990234375,3196.800048828125,266000
2014-06-24,3292.976806640625,3293.14990234375,3302.550048828125,3231.60009765625,3231.60009765625,319000
2014-06-25,3302.826416015625,3303.0,3310.85009765625,3289.60009765625,3300.14990234375,274900
2014-06-26,3264.078369140625,3264.25,3315.0,3260.25,3306.800048828125,345900
2014-06-27,3280.927490234375,3281.10009765625,3299.39990234375,3246.85009765625,3276.550048828125,250900
2014-06-30,3380.072265625,3380.25,3383.75,3292.10009765625,3292.10009765625,264300
2014-07-01,3384.27197265625,3384.449951171875,3406.699951171875,3375.050048828125,3396.35009765625,224800
2014-07-02,3432.26953125,3432.449951171875,3436.449951171875,3409.85009765625,3414.5,306000
2014-07-03,3417.92041015625,3418.10009765625,3455.199951171875,3407.550048828125,3452.949951171875,290900
2014-07-04,3435.46923828125,3435.64990234375,3442.89990234375,3386.550048828125,3427.14990234375,227000
2014-07-07,3436.66943359375,3436.85009765625,3451.0,3421.550048828125,3444.0,201500
2014-07-08,3228.480224609375,3228.64990234375,3445.35009765625,3202.300048828125,3443.35009765625,305800
2014-07-09,3153.834228515625,3154.0,3251.35009765625,3126.5,3228.14990234375,367800
2014-07-10,3169.483154296875,3169.64990234375,3279.199951171875,3053.300048828125,3154.60009765625,534400
2014-07-11,3028.540771484375,3028.699951171875,3195.699951171875,3013.800048828125,3168.949951171875,398600
2014-07-14,3058.38916015625,3058.550048828125,3076.949951171875,3000.64990234375,3019.75,248800
2014-07-15,3146.534423828125,3146.699951171875,3154.60009765625,3071.5,3082.800048828125,261600
2014-07-16,3194.83203125,3195.0,3202.25,3142.89990234375,3167.64990234375,276100
2014-07-17,3244.729248046875,3244.89990234375,3249.050048828125,3192.14990234375,3192.14990234375,260000
2014-07-18,3213.5810546875,3213.75,3225.699951171875,3185.39990234375,3225.699951171875,239100
2014-07-21,3206.931396484375,3207.10009765625,3250.25,3198.5,3227.64990234375,176000
2014-07-22,3205.131591796875,3205.300048828125,3239.64990234375,3179.050048828125,3217.39990234375,199400
2014-07-23,3197.031982421875,3197.199951171875,3226.60009765625,3158.60009765625,3218.199951171875,238700
2014-07-24,3201.731689453125,3201.89990234375,3224.550048828125,3186.35009765625,3201.10009765625,201700
2014-07-25,3126.1357421875,3126.300048828125,3207.64990234375,3080.39990234375,3199.949951171875,264700
2014-07-28,3109.6865234375,3109.85009765625,3146.39990234375,3097.25,3129.89990234375,178200
2014-07-30,3144.434814453125,3144.60009765625,3149.0,3093.699951171875,3107.949951171875,238500
2014-07-31,3150.284423828125,3150.449951171875,3174.949951171875,3139.89990234375,3139.89990234375,349700
2014-08-01,3125.3857421875,3125.550048828125,3185.85009765625,3113.949951171875,3118.25,327400
2014-08-04,3179.232666015625,3179.39990234375,3187.10009765625,3137.60009765625,3137.60009765625,209200
2014-08-05,3203.7314453125,3203.89990234375,3206.199951171875,3159.800048828125,3185.64990234375,270000
2014-08-06,3168.93359375,3169.10009765625,3228.14990234375,3161.800048828125,3191.25,239400
2014-08-07,3156.634033203125,3156.800048828125,3188.75,3144.300048828125,3169.050048828125,202800
2014-08-08,3078.738037109375,3078.89990234375,3128.89990234375,3064.89990234375,3128.89990234375,189900
2014-08-11,3112.636474609375,3112.800048828125,3124.550048828125,3099.60009765625,3109.5,156600
2014-08-12,3130.935546875,3131.10009765625,3135.60009765625,3106.699951171875,3122.800048828125,164900
2014-08-13,3056.7392578125,3056.89990234375,3137.5,3025.25,3118.14990234375,321300
2014-08-14,3102.886962890625,3103.050048828125,3106.35009765625,3048.449951171875,3064.14990234375,296000
2014-08-18,3169.983154296875,3170.14990234375,3173.050048828125,3094.300048828125,3094.300048828125,186100
2014-08-19,3194.382080078125,3194.550048828125,3199.800048828125,3170.25,3184.800048828125,204300
2014-08-20,3196.48193359375,3196.64990234375,3210.050048828125,3177.10009765625,3194.199951171875,185500
2014-08-21,3204.9814453125,3205.14990234375,3235.25,3180.699951171875,3199.39990234375,191000
2014-08-22,3220.130859375,3220.300048828125,3229.0,3201.300048828125,3215.300048828125,170300
2014-08-25,3168.383544921875,3168.550048828125,3239.300048828125,3162.85009765625,3226.85009765625,167700
2014-08-26,3152.63427734375,3152.800048828125,3168.949951171875,3103.300048828125,3156.300048828125,200500
2014-08-27,3155.783935546875,3155.949951171875,3179.449951171875,3140.550048828125,3165.699951171875,162600
2014-08-28,3131.2353515625,3131.39990234375,3167.25,3124.550048828125,3162.300048828125,245300
2014-09-01,3224.630615234375,3224.800048828125,3228.050048828125,3142.64990234375,3142.800048828125,217000
2014-09-02,3240.779541015625,3240.949951171875,3252.14990234375,3219.550048828125,3225.5,195500
2014-09-03,3263.5283203125,3263.699951171875,3272.300048828125,3240.75,3254.550048828125,199600
2014-09-04,3261.778564453125,3261.949951171875,3266.199951171875,3207.25,3259.800048828125,221600
2014-09-05,3267.878173828125,3268.050048828125,3289.050048828125,3233.300048828125,3264.10009765625,239000
2014-09-08,3318.675537109375,3318.85009765625,3323.64990234375,3276.550048828125,3289.5,171600
2014-09-09,3337.7744140625,3337.949951171875,3342.699951171875,3299.85009765625,3321.550048828125,207400
2014-09-10,3332.82470703125,3333.0,3346.75,3314.89990234375,3321.35009765625,210900
2014-09-11,3360.023193359375,3360.199951171875,3365.10009765625,3326.25,3344.75,194100
2014-09-12,3360.47314453125,3360.64990234375,3371.550048828125,3341.25,3363.25,162800
2014-09-15,3367.072998046875,3367.25,3383.699951171875,3332.85009765625,3343.949951171875,190000
2014-09-16,3215.031005859375,3215.199951171875,3388.800048828125,3208.10009765625,3368.10009765625,294400
2014-09-17,3234.130126953125,3234.300048828125,3256.800048828125,3176.89990234375,3240.39990234375,212000
2014-09-18,3316.625732421875,3316.800048828125,3320.35009765625,3217.10009765625,3223.35009765625,280100
2014-09-19,3282.827392578125,3283.0,3340.10009765625,3275.800048828125,3327.800048828125,249700
2014-09-22,3274.577880859375,3274.75,3285.85009765625,3254.0,3260.800048828125,160700
2014-09-23,3186.532470703125,3186.699951171875,3287.64990234375,3181.10009765625,3270.199951171875,230300
2014-09-24,3152.184326171875,3152.35009765625,3198.300048828125,3097.050048828125,3185.64990234375,292600
2014-09-25,3056.889404296875,3057.050048828125,3161.050048828125,3041.199951171875,3150.60009765625,404100
2014-09-26,3116.0361328125,3116.199951171875,3126.5,3022.10009765625,3042.449951171875,274900
2014-09-29,3134.88525390625,3135.050048828125,3157.89990234375,3117.550048828125,3120.949951171875,182800
2014-09-30,3127.335693359375,3127.5,3175.300048828125,3106.199951171875,3120.5,268300
2014-10-01,3127.935546875,3128.10009765625,3147.0,3118.800048828125,3123.10009765625,182900
2014-10-07,3101.136962890625,3101.300048828125,3151.550048828125,3094.5,3122.449951171875,201800
2014-10-08,3111.986328125,3112.14990234375,3120.800048828125,3085.14990234375,3093.85009765625,176500
2014-10-09,3175.68310546875,3175.85009765625,3182.949951171875,3129.64990234375,3129.64990234375,186200
2014-10-10,3114.736083984375,3114.89990234375,3169.25,3107.5,3152.89990234375,199300
2014-10-13,3131.535400390625,3131.699951171875,3137.449951171875,3081.800048828125,3097.5,167300
2014-10-14,3132.235107421875,3132.39990234375,3161.300048828125,3118.300048828125,3152.300048828125,191500
2014-10-16,3036.490234375,3036.64990234375,3144.0,3020.5,3116.64990234375,206900
2014-10-17,3079.438232421875,3079.60009765625,3095.14990234375,3027.60009765625,3050.300048828125,189700
2014-10-20,3134.63525390625,3134.800048828125,3144.949951171875,3111.35009765625,3134.199951171875,174100
2014-10-21,3165.33349609375,3165.5,3184.949951171875,3144.60009765625,3144.60009765625,173500
2014-10-22,3198.481689453125,3198.64990234375,3202.75,3180.60009765625,3193.60009765625,142900
2014-10-27,3184.33251953125,3184.5,3228.35009765625,3180.550048828125,3228.35009765625,145600
2014-10-28,3194.23193359375,3194.39990234375,3198.85009765625,3178.0,3181.64990234375,121800
2014-10-29,3202.83154296875,3203.0,3224.0,3188.199951171875,3211.39990234375,154400
2014-10-30,3225.13037109375,3225.300048828125,3227.5,3189.10009765625,3199.300048828125,271500
2014-10-31,3293.126953125,3293.300048828125,3297.050048828125,3244.64990234375,3244.699951171875,251600
2014-11-03,3333.024658203125,3333.199951171875,3340.75,3295.14990234375,3305.64990234375,262100
2014-11-05,3325.125244140625,3325.300048828125,3369.699951171875,3321.14990234375,3347.35009765625,272700
2014-11-07,3315.9755859375,3316.14990234375,3332.050048828125,3290.25,3330.050048828125,230000
2014-11-10,3317.275634765625,3317.449951171875,3342.449951171875,3298.75,3327.75,203800
2014-11-11,3342.274169921875,3342.449951171875,3345.14990234375,3300.14990234375,3328.60009765625,249300
2014-11-12,3365.972900390625,3366.14990234375,3384.89990234375,3349.14990234375,3354.60009765625,248700
2014-11-13,3345.57421875,3345.75,3390.199951171875,3322.050048828125,3381.64990234375,226600
2014-11-14,3384.1220703125,3384.300048828125,3390.14990234375,3347.64990234375,3353.89990234375,202400
2014-11-17,3413.720458984375,3413.89990234375,3417.800048828125,3371.75,3378.5,203400
2014-11-18,3444.6689453125,3444.85009765625,3449.75,3417.85009765625,3421.5,219600
2014-11-19,3376.072509765625,3376.25,3466.25,3357.949951171875,3456.550048828125,213600
2014-11-20,3361.5732421875,3361.75,3389.75,3335.199951171875,3378.0,166700
2014-11-21,3362.523193359375,3362.699951171875,3396.199951171875,3359.699951171875,3364.10009765625,162800
2014-11-24,3385.52197265625,3385.699951171875,3394.85009765625,3373.800048828125,3380.64990234375,156300
2014-11-25,3313.67578125,3313.85009765625,3391.449951171875,3276.0,3389.60009765625,294700
2014-11-26,3340.324462890625,3340.5,3353.14990234375,3296.35009765625,3305.75,202900
2014-11-27,3361.373291015625,3361.550048828125,3372.050048828125,3337.25,3341.0,336000
2014-11-28,3418.17041015625,3418.35009765625,3432.35009765625,3373.60009765625,3373.60009765625,230300
2014-12-01,3403.671142578125,3403.85009765625,3439.5,3399.0,3423.85009765625,193200
2014-12-02,3443.518798828125,3443.699951171875,3447.39990234375,3376.14990234375,3389.949951171875,216800
2014-12-03,3479.567138671875,3479.75,3495.75,3455.35009765625,3455.35009765625,230000
2014-12-04,3488.316650390625,3488.5,3504.89990234375,3444.699951171875,3491.25,183300
2014-12-05,3456.868408203125,3457.050048828125,3505.64990234375,3447.050048828125,3496.050048828125,200100
2014-12-08,3407.1708984375,3407.35009765625,3459.5,3394.300048828125,3459.050048828125,182200
2014-12-09,3323.875244140625,3324.050048828125,3415.14990234375,3318.14990234375,3402.550048828125,187200
2014-12-10,3368.373046875,3368.550048828125,3377.300048828125,3317.199951171875,3317.199951171875,0
2014-12-11,3329.824951171875,3330.0,3369.550048828125,3303.89990234375,3361.89990234375,0
2014-12-12,3270.72802734375,3270.89990234375,3354.449951171875,3268.449951171875,3339.449951171875,203700
2014-12-15,3246.37939453125,3246.550048828125,3285.699951171875,3236.949951171875,3249.0,0
2014-12-16,3150.1845703125,3150.35009765625,3243.64990234375,3139.949951171875,3224.39990234375,0
2014-12-17,3129.2353515625,3129.39990234375,3169.199951171875,3043.14990234375,3137.199951171875,0
2014-12-18,3248.279296875,3248.449951171875,3254.550048828125,3172.89990234375,3172.89990234375,0
2014-12-19,3269.17822265625,3269.35009765625,3307.550048828125,3260.64990234375,3290.14990234375,199800
2014-12-22,3301.926513671875,3302.10009765625,3305.60009765625,3264.800048828125,3275.199951171875,0
2014-12-23,3263.728271484375,3263.89990234375,3319.800048828125,3250.39990234375,3306.050048828125,0
2014-12-24,3267.278076171875,3267.449951171875,3286.89990234375,3248.85009765625,3261.75,0
2014-12-26,3292.52685546875,3292.699951171875,3295.14990234375,3258.75,3272.800048828125,0
2014-12-29,3326.275146484375,3326.449951171875,3342.89990234375,3305.699951171875,3305.699951171875,0
2014-12-30,3344.22412109375,3344.39990234375,3347.300048828125,3316.300048828125,3336.10009765625,0
2014-12-31,3363.273193359375,3363.449951171875,3368.89990234375,3336.39990234375,3336.39990234375,0
2015-01-02,3394.571533203125,3394.75,3415.699951171875,3373.89990234375,3373.89990234375,0
2015-01-05,3404.821044921875,3405.0,3426.39990234375,3396.800048828125,3399.14990234375,0
2015-01-06,3269.528076171875,3269.699951171875,3382.89990234375,3262.199951171875,3382.89990234375,0
2015-01-07,3261.028564453125,3261.199951171875,3289.89990234375,3216.25,3273.75,0
2015-01-08,3341.524169921875,3341.699951171875,3345.550048828125,3296.85009765625,3298.5,0
2015-01-12,3378.872314453125,3379.050048828125,3381.699951171875,3330.10009765625,3346.300048828125,0
2015-01-13,3359.2734375,3359.449951171875,3395.39990234375,3347.800048828125,3389.89990234375,0
2015-01-14,3342.524169921875,3342.699951171875,3380.550048828125,3330.300048828125,3364.39990234375,0
2015-01-15,3401.47119140625,3401.64990234375,3419.14990234375,3366.550048828125,3397.449951171875,0
2015-01-16,3425.669921875,3425.85009765625,3439.5,3381.550048828125,3400.10009765625,0
2015-01-19,3435.369384765625,3435.550048828125,3460.800048828125,3429.949951171875,3436.85009765625,0
2015-01-20,3442.369140625,3442.550048828125,3467.60009765625,3437.14990234375,3449.5,0
2015-01-21,3448.61865234375,3448.800048828125,3462.800048828125,3423.25,3451.300048828125,0
2015-01-22,3441.169189453125,3441.35009765625,3470.5,3419.949951171875,3453.0,0
2015-01-27,3455.018310546875,3455.199951171875,3464.050048828125,3427.75,3461.300048828125,0
2015-01-28,3464.06787109375,3464.25,3483.85009765625,3444.75,3451.449951171875,0
2015-01-29,3487.966552734375,3488.14990234375,3494.64990234375,3450.300048828125,3464.800048828125,0
2015-02-02,3516.315185546875,3516.5,3522.5,3474.85009765625,3475.949951171875,0
2015-02-03,3471.167724609375,3471.35009765625,3538.300048828125,3464.89990234375,3535.050048828125,0
2015-02-04,3451.918701171875,3452.10009765625,3482.60009765625,3436.35009765625,3481.64990234375,0
2015-02-05,3375.572509765625,3375.75,3460.35009765625,3363.0,3450.449951171875,0
2015-02-09,3256.978759765625,3257.14990234375,3308.300048828125,3248.300048828125,3308.300048828125,0
2015-02-10,3277.027587890625,3277.199951171875,3321.449951171875,3228.699951171875,3240.199951171875,0
2015-02-11,3364.673095703125,3364.85009765625,3372.75,3296.699951171875,3296.699951171875,0
2015-02-12,3405.220947265625,3405.39990234375,3410.949951171875,3368.699951171875,3381.89990234375,0
2015-02-13,3435.71923828125,3435.89990234375,3443.0,3401.800048828125,3419.14990234375,0
2015-02-18,3428.31982421875,3428.5,3432.85009765625,3404.14990234375,3417.39990234375,0
2015-02-19,3438.619384765625,3438.800048828125,3450.800048828125,3387.35009765625,3444.60009765625,0
2015-02-20,3450.11865234375,3450.300048828125,3478.199951171875,3423.75,3455.449951171875,177900
2015-02-23,3401.021240234375,3401.199951171875,3461.39990234375,3389.449951171875,3460.199951171875,0
2015-02-24,3393.021484375,3393.199951171875,3411.75,3372.699951171875,3405.5,0
2015-02-25,3396.12158203125,3396.300048828125,3418.949951171875,3391.25,3408.949951171875,0
2015-02-26,3353.023681640625,3353.199951171875,3401.89990234375,3342.39990234375,3401.89990234375,0
2015-02-27,3440.369140625,3440.550048828125,3443.10009765625,3367.60009765625,3370.39990234375,0
2015-03-02,3499.4658203125,3499.64990234375,3507.050048828125,3435.25,3464.699951171875,0
2015-03-03,3538.614013671875,3538.800048828125,3541.800048828125,3505.0,3515.550048828125,0
2015-03-04,3459.218017578125,3459.39990234375,3573.050048828125,3451.449951171875,3570.60009765625,0
2015-03-05,3477.76708984375,3477.949951171875,3484.300048828125,3444.550048828125,3469.60009765625,158100
2015-03-09,3428.869873046875,3429.050048828125,3469.5,3423.550048828125,3461.800048828125,0
2015-03-10,3432.719482421875,3432.89990234375,3459.550048828125,3414.5,3442.550048828125,0
2015-03-11,3418.370361328125,3418.550048828125,3448.949951171875,3404.85009765625,3441.550048828125,0
2015-03-12,3492.81640625,3493.0,3495.300048828125,3435.35009765625,3436.25,0
2015-03-13,3414.12060546875,3414.300048828125,3520.10009765625,3405.89990234375,3516.85009765625,178700
2015-03-16,3406.4208984375,3406.60009765625,3426.14990234375,3378.64990234375,3426.0,0
2015-03-17,3446.06884765625,3446.25,3455.050048828125,3414.800048828125,3423.35009765625,0
2015-03-18,3457.568115234375,3457.75,3473.0,3439.699951171875,3458.050048828125,0
2015-03-19,3429.469482421875,3429.64990234375,3504.14990234375,3421.14990234375,3488.300048828125,0
2015-03-20,3370.07275390625,3370.25,3436.199951171875,3361.39990234375,3431.800048828125,0
2015-03-23,3355.673583984375,3355.85009765625,3383.199951171875,3339.35009765625,3377.550048828125,0
2015-03-24,3343.624267578125,3343.800048828125,3371.60009765625,3332.949951171875,3352.14990234375,0
2015-03-25,3337.5244140625,3337.699951171875,3359.75,3334.699951171875,3356.14990234375,0
2015-03-26,3305.526123046875,3305.699951171875,3339.60009765625,3300.85009765625,3323.949951171875,0
2015-03-30,3377.422607421875,3377.60009765625,3380.949951171875,3330.699951171875,3336.0,0
2015-03-31,3373.47265625,3373.64990234375,3402.10009765625,3360.0,3394.85009765625,0
2015-04-06,3424.420166015625,3424.60009765625,3433.60009765625,3394.35009765625,3433.60009765625,0
2015-04-07,3459.468017578125,3459.64990234375,3462.10009765625,3407.800048828125,3434.199951171875,0
2015-04-08,3482.116943359375,3482.300048828125,3500.800048828125,3470.35009765625,3477.60009765625,0
2015-04-09,3499.666015625,3499.85009765625,3511.14990234375,3468.449951171875,3503.39990234375,0
2015-04-15,3525.0146484375,3525.199951171875,3581.699951171875,3512.10009765625,3568.800048828125,0
2015-04-16,3488.416748046875,3488.60009765625,3530.199951171875,3465.39990234375,3530.199951171875,0
2015-04-20,3368.572998046875,3368.75,3458.14990234375,3342.699951171875,3453.800048828125,0
2015-04-21,3348.323974609375,3348.5,3390.35009765625,3338.60009765625,3371.0,0
2015-04-22,3362.523193359375,3362.699951171875,3376.949951171875,3301.550048828125,3362.0,0
2015-04-23,3348.924072265625,3349.10009765625,3401.60009765625,3345.14990234375,3386.550048828125,0
2015-04-27,3193.98193359375,3194.14990234375,3281.89990234375,3182.0,3279.949951171875,0
2015-04-28,3246.37939453125,3246.550048828125,3252.60009765625,3171.89990234375,3189.14990234375,0
2015-04-29,3254.328857421875,3254.5,3275.60009765625,3239.14990234375,3249.35009765625,0
2015-05-04,3360.123291015625,3360.300048828125,3364.25,3296.199951171875,3296.199951171875,0
2015-05-05,3359.323486328125,3359.5,3376.14990234375,3342.25,3360.800048828125,0
2015-05-06,3215.781005859375,3215.949951171875,3353.75,3208.85009765625,3345.0,0
2015-05-07,3142.934814453125,3143.10009765625,3207.64990234375,3110.89990234375,3207.64990234375,0
2015-05-11,3281.927490234375,3282.10009765625,3285.64990234375,3219.85009765625,3227.75,0
2015-05-12,3194.781982421875,3194.949951171875,3286.39990234375,3187.050048828125,3286.39990234375,0
2015-05-13,3242.379638671875,3242.550048828125,3249.699951171875,3179.75,3212.75,0
2015-05-14,3302.12646484375,3302.300048828125,3306.64990234375,3211.89990234375,3241.5,0
2015-05-18,3341.72412109375,3341.89990234375,3344.550048828125,3310.550048828125,3316.199951171875,0
2015-05-19,3341.72412109375,3341.89990234375,3366.5,3326.25,3336.14990234375,0
2015-05-20,3347.02392578125,3347.199951171875,3369.800048828125,3341.449951171875,3354.0,0
2015-05-21,3340.0244140625,3340.199951171875,3358.35009765625,3316.050048828125,3352.89990234375,0
2015-05-25,3333.32470703125,3333.5,3354.550048828125,3321.199951171875,3332.0,0
2015-05-26,3331.875,3332.050048828125,3342.0,3315.10009765625,3335.300048828125,0
2015-05-27,3341.374267578125,3341.550048828125,3345.800048828125,3305.89990234375,3311.64990234375,0
2015-05-28,3344.57421875,3344.75,3358.300048828125,3322.199951171875,3351.800048828125,0
2015-05-29,3371.772705078125,3371.949951171875,3380.0,3351.60009765625,3351.60009765625,0
2015-06-01,3367.873046875,3368.050048828125,3384.949951171875,3363.89990234375,3378.050048828125,0
2015-06-02,3273.327880859375,3273.5,3374.0,3266.89990234375,3374.0,0
2015-06-03,3199.831787109375,3200.0,3272.550048828125,3119.550048828125,3271.85009765625,0
2015-06-04,3184.982421875,3185.14990234375,3214.699951171875,3146.14990234375,3214.699951171875,0
2015-06-05,3190.682373046875,3190.85009765625,3221.64990234375,3167.89990234375,3179.050048828125,0
2015-06-08,3120.035888671875,3120.199951171875,3193.199951171875,3108.89990234375,3193.199951171875,0
2015-06-09,3120.535888671875,3120.699951171875,3145.300048828125,3102.85009765625,3111.5,0
2015-06-10,3154.434326171875,3154.60009765625,3165.25,3125.14990234375,3127.64990234375,0
2015-06-11,3082.93798828125,3083.10009765625,3178.60009765625,3079.949951171875,3176.199951171875,0
2015-06-12,3088.3876953125,3088.550048828125,3094.25,3058.75,3076.300048828125,0
2015-06-15,3098.88720703125,3099.050048828125,3124.10009765625,3088.75,3094.449951171875,0
2015-06-16,3119.0859375,3119.25,3126.60009765625,3079.050048828125,3101.800048828125,0
2015-06-17,3148.534423828125,3148.699951171875,3167.75,3116.949951171875,3132.800048828125,0
2015-06-18,3172.283203125,3172.449951171875,3179.550048828125,3149.39990234375,3151.10009765625,0
2015-06-19,3203.781494140625,3203.949951171875,3209.199951171875,3182.300048828125,3189.800048828125,153000
2015-06-22,3260.128662109375,3260.300048828125,3266.10009765625,3208.0,3218.199951171875,0
2015-06-23,3283.227294921875,3283.39990234375,3295.5,3251.89990234375,3268.10009765625,0
2015-06-24,3227.2802734375,3227.449951171875,3292.050048828125,3217.699951171875,3292.050048828125,0
2015-06-25,3249.67919921875,3249.85009765625,3254.0,3209.35009765625,3215.949951171875,0
2015-06-26,3247.179443359375,3247.35009765625,3254.300048828125,3209.39990234375,3240.39990234375,0
2015-06-29,3188.182373046875,3188.35009765625,3191.64990234375,3144.699951171875,3180.10009765625,0
2015-06-30,3212.281005859375,3212.449951171875,3213.60009765625,3182.35009765625,3182.35009765625,0
2015-07-01,3277.2275390625,3277.39990234375,3290.14990234375,3224.10009765625,3225.550048828125,0
2015-07-02,3299.026611328125,3299.199951171875,3316.050048828125,3289.0,3295.64990234375,0
2015-07-06,3346.924072265625,3347.10009765625,3349.199951171875,3239.10009765625,3247.10009765625,0
2015-07-07,3373.372802734375,3373.550048828125,3387.550048828125,3346.550048828125,3364.199951171875,0
2015-07-08,3313.7255859375,3313.89990234375,3369.199951171875,3291.5,3340.449951171875,0
2015-07-09,3323.3251953125,3323.5,3343.85009765625,3309.35009765625,3324.050048828125,0
2015-07-10,3325.125244140625,3325.300048828125,3348.300048828125,3314.85009765625,3343.050048828125,0
2015-07-13,3368.923095703125,3369.10009765625,3371.60009765625,3328.949951171875,3340.800048828125,0
2015-07-14,3384.1220703125,3384.300048828125,3401.25,3369.64990234375,3378.199951171875,0
2015-07-15,3385.672119140625,3385.85009765625,3403.550048828125,3376.550048828125,3392.800048828125,0
2015-07-16,3422.170166015625,3422.35009765625,3424.550048828125,3395.699951171875,3397.699951171875,0
2015-07-17,3436.8193359375,3437.0,3449.5,3420.85009765625,3434.449951171875,0
2015-07-20,3448.718505859375,3448.89990234375,3453.60009765625,3428.89990234375,3445.10009765625,0
2015-07-21,3384.572021484375,3384.75,3461.64990234375,3377.10009765625,3455.199951171875,0
2015-07-22,3439.419189453125,3439.60009765625,3442.800048828125,3371.800048828125,3374.800048828125,0
2015-07-23,3457.8681640625,3458.050048828125,3483.199951171875,3445.550048828125,3450.35009765625,0
2015-07-24,3419.270263671875,3419.449951171875,3476.300048828125,3412.10009765625,3460.85009765625,0
2015-07-27,3352.923828125,3353.10009765625,3408.89990234375,3348.699951171875,3408.89990234375,0
2015-07-28,3346.174072265625,3346.35009765625,3369.75,3323.75,3362.85009765625,0
2015-07-29,3369.372802734375,3369.550048828125,3374.949951171875,3331.60009765625,3360.75,0
2015-07-30,3416.620361328125,3416.800048828125,3422.5,3375.60009765625,3387.75,0
2015-07-31,3443.46875,3443.64990234375,3458.10009765625,3419.699951171875,3429.050048828125,0
2015-08-03,3480.467041015625,3480.64990234375,3499.14990234375,3454.050048828125,3456.39990234375,0
2015-08-04,3527.064453125,3527.25,3534.5,3468.39990234375,3497.35009765625,0
2015-08-05,3536.6640625,3536.85009765625,3562.699951171875,3533.14990234375,3547.60009765625,0
2015-08-06,3544.463623046875,3544.64990234375,3553.949951171875,3522.949951171875,3543.89990234375,0
2015-08-07,3539.7138671875,3539.89990234375,3562.800048828125,3524.14990234375,3546.64990234375,0
2015-08-10,3508.41552734375,3508.60009765625,3563.60009765625,3494.5,3541.60009765625,0
2015-08-11,3454.818359375,3455.0,3516.64990234375,3427.85009765625,3515.550048828125,0
2015-08-12,3362.17333984375,3362.35009765625,3443.949951171875,3351.89990234375,3442.89990234375,0
2015-08-13,3339.7744140625,3339.949951171875,3407.64990234375,3326.60009765625,3384.300048828125,0
2015-08-14,3418.020263671875,3418.199951171875,3422.39990234375,3342.550048828125,3359.89990234375,0
2015-08-17,3441.919189453125,3442.10009765625,3458.449951171875,3393.64990234375,3430.60009765625,0
2015-08-18,3463.16796875,3463.35009765625,3479.25,3430.75,3456.550048828125,0
2015-08-19,3444.518798828125,3444.699951171875,3472.800048828125,3434.75,3462.5,0
2015-08-20,3363.92333984375,3364.10009765625,3457.85009765625,3360.550048828125,3444.60009765625,0
2015-08-21,3343.57421875,3343.75,3350.89990234375,3280.64990234375,3320.85009765625,0
2015-08-24,2979.293212890625,2979.449951171875,3232.89990234375,2961.39990234375,3232.89990234375,0
2015-08-25,3056.689453125,3056.85009765625,3071.60009765625,2851.550048828125,3035.10009765625,0
2015-08-26,3055.2392578125,3055.39990234375,3097.60009765625,2993.14990234375,3048.89990234375,0
2015-08-27,3150.4345703125,3150.60009765625,3158.199951171875,3090.199951171875,3117.300048828125,0
2015-08-28,3146.884521484375,3147.050048828125,3213.85009765625,3120.60009765625,3192.550048828125,0
2015-08-31,3136.685302734375,3136.85009765625,3178.449951171875,3122.050048828125,3144.5,0
2015-09-01,3047.93994140625,3048.10009765625,3128.449951171875,3015.050048828125,3110.949951171875,0
2015-09-02,3026.8408203125,3027.0,3083.35009765625,3015.85009765625,3075.64990234375,0
2015-09-03,3067.688720703125,3067.85009765625,3082.800048828125,3043.300048828125,3050.699951171875,0
2015-09-04,2982.59326171875,2982.75,3064.949951171875,2953.0,3064.949951171875,202500
2015-09-07,2937.045654296875,2937.199951171875,3010.550048828125,2931.699951171875,2993.89990234375,0
2015-09-08,2990.5927734375,2990.75,3014.85009765625,2911.699951171875,2951.949951171875,0
2015-09-09,3062.73876953125,3062.89990234375,3079.199951171875,3027.10009765625,3038.75,0
2015-09-10,3061.989013671875,3062.14990234375,3070.39990234375,2985.050048828125,3015.85009765625,0
2015-09-11,3062.5888671875,3062.75,3102.25,3051.25,3087.300048828125,0
2015-09-14,3123.085693359375,3123.25,3126.25,3067.800048828125,3080.10009765625,0
2015-09-15,3096.337158203125,3096.5,3146.199951171875,3085.699951171875,3124.85009765625,0
2015-09-18,3117.936279296875,3118.10009765625,3148.39990234375,3107.25,3113.85009765625,0
2015-09-21,3174.633056640625,3174.800048828125,3180.60009765625,3095.199951171875,3099.60009765625,0
2015-09-22,3118.13623046875,3118.300048828125,3205.75,3105.35009765625,3197.35009765625,0
2015-09-23,3149.1845703125,3149.35009765625,3155.449951171875,3070.25,3073.949951171875,0
2015-09-28,3154.084228515625,3154.25,3196.89990234375,3149.64990234375,3175.699951171875,0
2015-09-29,3153.63427734375,3153.800048828125,3185.85009765625,3083.75,3115.550048828125,0
2015-09-30,3201.181884765625,3201.35009765625,3204.300048828125,3174.800048828125,3179.89990234375,0
2015-10-05,3275.8779296875,3276.050048828125,3281.89990234375,3228.39990234375,3228.39990234375,0
2015-10-06,3306.17626953125,3306.35009765625,3317.050048828125,3273.800048828125,3297.39990234375,0
2015-10-07,3314.375732421875,3314.550048828125,3324.39990234375,3299.0,3307.89990234375,0
2015-10-08,3295.4765625,3295.64990234375,3325.550048828125,3276.949951171875,3320.449951171875,0
2015-10-09,3299.726318359375,3299.89990234375,3339.550048828125,3284.25,3318.85009765625,0
2015-10-12,3303.576416015625,3303.75,3334.300048828125,3280.85009765625,3307.949951171875,0
2015-10-13,3321.475341796875,3321.64990234375,3327.25,3296.0,3310.75,0
2015-10-14,3320.425537109375,3320.60009765625,3345.35009765625,3313.5,3324.050048828125,0
2015-10-15,3347.973876953125,3348.14990234375,3353.550048828125,3337.10009765625,3338.10009765625,0
2015-10-16,3367.02294921875,3367.199951171875,3372.25,3341.60009765625,3364.050048828125,0
2015-10-19,3384.922119140625,3385.10009765625,3389.699951171875,3361.60009765625,3374.64990234375,0
2015-10-20,3398.92138671875,3399.10009765625,3423.39990234375,3385.300048828125,3396.949951171875,0
2015-10-21,3380.372314453125,3380.550048828125,3414.800048828125,3358.75,3404.300048828125,0
2015-10-23,3381.022216796875,3381.199951171875,3412.300048828125,3376.550048828125,3409.199951171875,0
2015-10-26,3356.37353515625,3356.550048828125,3395.89990234375,3351.10009765625,3395.89990234375,0
2015-10-27,3367.173095703125,3367.35009765625,3370.14990234375,3341.10009765625,3348.25,0
2015-10-28,3348.1240234375,3348.300048828125,3374.199951171875,3332.35009765625,3358.300048828125,0
2015-10-29,3327.27490234375,3327.449951171875,3353.449951171875,3323.75,3346.25,0
2015-10-30,3307.126220703125,3307.300048828125,3357.050048828125,3291.89990234375,3337.199951171875,0
2015-11-02,3300.62646484375,3300.800048828125,3312.699951171875,3272.10009765625,3309.75,0
2015-11-03,3306.22607421875,3306.39990234375,3328.10009765625,3295.89990234375,3321.39990234375,0
2015-11-04,3300.37646484375,3300.550048828125,3333.0,3296.10009765625,3329.699951171875,0
2015-11-05,3233.330078125,3233.5,3296.199951171875,3229.199951171875,3295.5,0
2015-11-06,3210.331298828125,3210.5,3244.85009765625,3191.14990234375,3232.5,0
2015-11-09,3253.078857421875,3253.25,3264.449951171875,3128.60009765625,3136.14990234375,0
2015-11-10,3204.9814453125,3205.14990234375,3267.050048828125,3199.949951171875,3246.25,0
2015-11-13,3219.930908203125,3220.10009765625,3233.25,3196.5,3208.10009765625,0
2015-11-16,3254.87890625,3255.050048828125,3259.0,3212.89990234375,3212.89990234375,0
2015-11-17,3279.927734375,3280.10009765625,3287.60009765625,3257.550048828125,3273.800048828125,0
2015-11-18,3234.729736328125,3234.89990234375,3297.10009765625,3230.300048828125,3283.25,0
2015-11-19,3275.02783203125,3275.199951171875,3278.10009765625,3248.75,3260.35009765625,0
2015-11-20,3312.02587890625,3312.199951171875,3335.89990234375,3286.800048828125,3286.800048828125,0
2015-11-23,3323.22509765625,3323.39990234375,3336.199951171875,3314.699951171875,3321.75,0
2015-11-24,3325.17529296875,3325.35009765625,3339.89990234375,3318.10009765625,3324.14990234375,0
2015-11-26,3356.5234375,3356.699951171875,3362.949951171875,3331.64990234375,3334.050048828125,0
2015-11-27,3386.52197265625,3386.699951171875,3405.35009765625,3366.64990234375,3370.64990234375,0
2015-11-30,3405.970947265625,3406.14990234375,3423.0,3390.550048828125,3392.050048828125,0
2015-12-01,3424.170166015625,3424.35009765625,3431.300048828125,3403.10009765625,3422.800048828125,0
2015-12-02,3411.470458984375,3411.64990234375,3436.64990234375,3399.39990234375,3436.64990234375,0
2015-12-03,3390.82177734375,3391.0,3416.050048828125,3383.5,3403.949951171875,0
2015-12-04,3355.823486328125,3356.0,3395.85009765625,3349.85009765625,3374.949951171875,0
2015-12-07,3352.623779296875,3352.800048828125,3384.75,3346.25,3378.35009765625,0
2015-12-08,3291.576904296875,3291.75,3366.25,3285.89990234375,3341.89990234375,0
2015-12-09,3221.08056640625,3221.25,3292.35009765625,3206.10009765625,3285.199951171875,0
2015-12-10,3266.2783203125,3266.449951171875,3271.050048828125,3204.14990234375,3236.949951171875,0
2015-12-11,3214.73095703125,3214.89990234375,3280.949951171875,3194.10009765625,3275.75,0
2015-12-14,3222.530517578125,3222.699951171875,3241.75,3194.300048828125,3200.0,0
2015-12-15,3238.729736328125,3238.89990234375,3241.85009765625,3216.0,3226.5,0
2015-12-16,3257.82861328125,3258.0,3283.75,3247.0,3258.10009765625,0
2015-12-17,3320.87548828125,3321.050048828125,3326.5,3267.050048828125,3275.75,0
2015-12-18,3315.7255859375,3315.89990234375,3344.050048828125,3307.5,3312.85009765625,0
2015-12-21,3344.22412109375,3344.39990234375,3349.550048828125,3317.25,3322.25,0
2015-12-22,3319.12548828125,3319.300048828125,3365.89990234375,3315.550048828125,3352.60009765625,0
2015-12-23,3336.924560546875,3337.10009765625,3349.14990234375,3327.89990234375,3337.89990234375,0
2015-12-24,3366.52294921875,3366.699951171875,3368.64990234375,3337.85009765625,3348.550048828125,0
2015-12-28,3375.922607421875,3376.10009765625,3386.050048828125,3367.85009765625,3374.199951171875,0
2015-12-29,3388.7216796875,3388.89990234375,3393.10009765625,3370.300048828125,3388.0,0
2015-12-30,3390.671875,3390.85009765625,3410.699951171875,3387.5,3400.25,0
2015-12-31,3415.0205078125,3415.199951171875,3420.75,3388.699951171875,3398.35009765625,0
2016-01-04,3425.06982421875,3425.25,3498.89990234375,3398.75,3475.0,0
2016-01-05,3464.06787109375,3464.25,3469.800048828125,3412.10009765625,3444.89990234375,0
2016-01-06,3445.1689453125,3445.35009765625,3493.89990234375,3430.75,3469.25,0
2016-01-07,3315.17578125,3315.35009765625,3401.550048828125,3308.75,3401.550048828125,0
2016-01-08,3361.773193359375,3361.949951171875,3377.75,3332.550048828125,3341.800048828125,0
2016-01-11,3342.22412109375,3342.39990234375,3368.39990234375,3297.39990234375,3328.35009765625,0
2016-01-12,3302.5263671875,3302.699951171875,3366.949951171875,3288.60009765625,3353.449951171875,0
2016-01-13,3245.829345703125,3246.0,3341.0,3161.14990234375,3332.949951171875,0
2016-01-14,3187.782470703125,3187.949951171875,3234.5,3150.550048828125,3185.64990234375,0
2016-01-15,3047.08984375,3047.25,3215.449951171875,3039.949951171875,3203.60009765625,0
2016-01-18,2952.49462890625,2952.64990234375,3046.25,2935.75,3037.64990234375,0
2016-01-19,3008.841796875,3009.0,3026.64990234375,2939.449951171875,2966.25,0
2016-01-20,2928.745849609375,2928.89990234375,2964.10009765625,2880.0,2964.10009765625,0
2016-01-21,2944.795166015625,2944.949951171875,2995.64990234375,2904.25,2961.39990234375,0
2016-01-22,3041.739990234375,3041.89990234375,3049.85009765625,2969.0,2984.60009765625,0
2016-01-25,3048.48974609375,3048.64990234375,3090.199951171875,3044.0,3071.050048828125,0
2016-01-27,3075.538330078125,3075.699951171875,3084.85009765625,3036.0,3067.300048828125,0
2016-01-28,3062.5888671875,3062.75,3088.75,3057.300048828125,3076.300048828125,0
2016-01-29,3093.08740234375,3093.25,3096.949951171875,3029.14990234375,3063.14990234375,0
2016-02-01,3085.987548828125,3086.14990234375,3117.60009765625,3076.85009765625,3110.10009765625,0
2016-02-02,3044.289794921875,3044.449951171875,3121.25,3036.199951171875,3091.0,0
2016-02-03,2965.493896484375,2965.64990234375,3009.39990234375,2961.89990234375,3007.35009765625,0
2016-02-04,2941.54541015625,2941.699951171875,3009.39990234375,2905.5,2997.949951171875,0
2016-02-05,3023.091064453125,3023.25,3033.300048828125,2941.050048828125,2954.64990234375,0
2016-02-08,3012.1416015625,3012.300048828125,3068.0,3006.0,3033.25,0
2016-02-09,2950.89501953125,2951.050048828125,2995.10009765625,2944.300048828125,2969.449951171875,0
2016-02-10,2916.44677734375,2916.60009765625,2944.64990234375,2884.699951171875,2937.0,0
2016-02-11,2749.70556640625,2749.85009765625,2905.0,2732.550048828125,2901.64990234375,0
2016-02-12,2723.306884765625,2723.449951171875,2767.550048828125,2633.10009765625,2766.25,0
2016-02-15,2845.950439453125,2846.10009765625,2862.5,2771.39990234375,2771.39990234375,0
2016-02-16,2756.7548828125,2756.89990234375,2873.35009765625,2752.050048828125,2870.449951171875,0
2016-02-17,2781.753662109375,2781.89990234375,2792.89990234375,2692.60009765625,2759.199951171875,0
2016-02-18,2797.5029296875,2797.64990234375,2837.949951171875,2752.199951171875,2812.0,0
2016-02-19,2806.95263671875,2807.10009765625,2817.60009765625,2777.35009765625,2786.85009765625,0
2016-02-22,2822.75146484375,2822.89990234375,2833.35009765625,2807.949951171875,2820.60009765625,0
2016-02-23,2780.703857421875,2780.85009765625,2828.85009765625,2771.449951171875,2828.85009765625,0
2016-02-24,2759.455078125,2759.60009765625,2788.800048828125,2751.89990234375,2763.60009765625,0
2016-02-25,2707.257568359375,2707.39990234375,2773.64990234375,2703.14990234375,2773.10009765625,0
2016-02-26,2714.25732421875,2714.39990234375,2741.300048828125,2688.699951171875,2735.89990234375,0
2016-02-29,2720.60693359375,2720.75,2762.89990234375,2660.85009765625,2722.199951171875,0
2016-03-01,2820.65185546875,2820.800048828125,2825.949951171875,2736.25,2738.25,0
2016-03-02,2905.7470703125,2905.89990234375,2926.25,2857.699951171875,2859.550048828125,0
2016-03-03,2945.795166015625,2945.949951171875,2949.75,2900.699951171875,2929.39990234375,0
2016-03-04,2984.992919921875,2985.14990234375,2995.64990234375,2933.050048828125,2963.800048828125,0
2016-03-08,2992.44287109375,2992.60009765625,3019.949951171875,2968.699951171875,2992.39990234375,0
2016-03-09,3025.191162109375,3025.35009765625,3028.0,2954.89990234375,2970.39990234375,0
2016-03-10,3005.0419921875,3005.199951171875,3046.89990234375,2996.5,3038.699951171875,0
2016-03-11,3009.291748046875,3009.449951171875,3029.300048828125,2982.60009765625,3000.800048828125,0
2016-03-14,3015.741455078125,3015.89990234375,3041.14990234375,3003.25,3029.64990234375,0
2016-03-15,3008.091796875,3008.25,3026.199951171875,2998.300048828125,3014.85009765625,0
2016-03-16,2996.992431640625,2997.14990234375,3020.800048828125,2956.300048828125,3012.60009765625,0
2016-03-17,3002.942138671875,3003.10009765625,3037.050048828125,2994.25,3030.199951171875,0
2016-03-18,3044.08984375,3044.25,3049.64990234375,2995.0,3013.75,0
2016-03-21,3100.0869140625,3100.25,3103.10009765625,3052.699951171875,3053.800048828125,0
2016-03-22,3125.53564453125,3125.699951171875,3139.10009765625,3095.800048828125,3107.75,0
2016-03-23,3134.485107421875,3134.64990234375,3143.050048828125,3121.35009765625,3126.199951171875,0
2016-03-28,3086.487548828125,3086.64990234375,3146.89990234375,3072.550048828125,3141.949951171875,0
2016-03-29,3082.387939453125,3082.550048828125,3103.14990234375,3063.75,3090.0,0
2016-03-30,3153.934326171875,3154.10009765625,3159.10009765625,3106.699951171875,3107.5,0
2016-03-31,3200.431884765625,3200.60009765625,3209.10009765625,3152.550048828125,3169.550048828125,0
2016-04-01,3224.630615234375,3224.800048828125,3229.5,3188.85009765625,3198.800048828125,0
2016-04-04,3217.330810546875,3217.5,3245.85009765625,3201.199951171875,3240.0,0
2016-04-05,3144.28466796875,3144.449951171875,3216.25,3137.89990234375,3215.10009765625,0
2016-04-06,3169.133544921875,3169.300048828125,3174.5,3137.60009765625,3151.5,0
2016-04-07,3140.0849609375,3140.25,3185.550048828125,3133.85009765625,3178.699951171875,0
2016-04-08,3169.583251953125,3169.75,3172.949951171875,3131.199951171875,3137.449951171875,0
2016-04-11,3220.9306640625,3221.10009765625,3223.199951171875,3176.39990234375,3176.550048828125,0
2016-04-12,3256.52880859375,3256.699951171875,3265.199951171875,3226.5,3227.35009765625,0
2016-04-13,3303.326416015625,3303.5,3321.800048828125,3287.10009765625,3287.10009765625,0
2016-04-18,3336.7744140625,3336.949951171875,3340.10009765625,3276.85009765625,3300.89990234375,108000
2016-04-20,3356.62353515625,3356.800048828125,3370.14990234375,3326.75,3353.14990234375,0
2016-04-21,3333.1748046875,3333.35009765625,3387.300048828125,3323.550048828125,3375.35009765625,0
2016-04-22,3347.924072265625,3348.10009765625,3360.75,3319.35009765625,3326.449951171875,0
2016-04-25,3346.073974609375,3346.25,3365.800048828125,3330.64990234375,3360.5,0
2016-04-26,3386.27197265625,3386.449951171875,3390.60009765625,3336.699951171875,3340.25,0
2016-04-27,3386.822021484375,3387.0,3410.550048828125,3383.449951171875,3390.60009765625,0
2016-04-28,3319.525390625,3319.699951171875,3396.949951171875,3315.10009765625,3390.050048828125,0
2016-04-29,3317.92578125,3318.10009765625,3341.89990234375,3267.699951171875,3323.449951171875,0
2016-05-02,3340.924560546875,3341.10009765625,3347.85009765625,3291.5,3300.300048828125,0
2016-05-03,3302.37646484375,3302.550048828125,3377.949951171875,3294.199951171875,3353.199951171875,0
2016-05-04,3259.6787109375,3259.85009765625,3314.85009765625,3253.199951171875,3298.699951171875,0
2016-05-05,3259.778564453125,3259.949951171875,3278.5,3238.550048828125,3265.300048828125,0
2016-05-06,3288.527099609375,3288.699951171875,3292.64990234375,3240.5,3254.199951171875,0
2016-05-09,3333.374755859375,3333.550048828125,3339.25,3303.89990234375,3305.800048828125,0
2016-05-10,3322.325439453125,3322.5,3342.199951171875,3316.300048828125,3338.699951171875,0
2016-05-11,3314.275634765625,3314.449951171875,3340.25,3270.800048828125,3278.14990234375,0
2016-05-12,3336.7744140625,3336.949951171875,3340.699951171875,3309.300048828125,3325.35009765625,0
2016-05-13,3324.375244140625,3324.550048828125,3351.0,3317.89990234375,3329.85009765625,0
2016-05-16,3329.925048828125,3330.10009765625,3335.5,3300.0,3327.550048828125,0
2016-05-17,3339.324462890625,3339.5,3355.60009765625,3330.14990234375,3347.050048828125,0
2016-05-18,3344.82421875,3345.0,3347.85009765625,3324.25,3330.449951171875,0
2016-05-19,3282.977294921875,3283.14990234375,3354.449951171875,3276.85009765625,3345.550048828125,0
2016-05-20,3278.4775390625,3278.64990234375,3300.0,3270.300048828125,3290.25,0
2016-05-23,3250.17919921875,3250.35009765625,3300.550048828125,3247.25,3294.800048828125,0
2016-05-24,3229.72998046875,3229.89990234375,3251.300048828125,3203.300048828125,3251.300048828125,0
2016-05-25,3282.37744140625,3282.550048828125,3284.85009765625,3245.550048828125,3250.550048828125,0
2016-05-26,3332.57470703125,3332.75,3337.5,3284.949951171875,3293.25,0
2016-05-27,3370.72265625,3370.89990234375,3388.199951171875,3341.39990234375,3344.550048828125,0
2016-05-30,3387.621826171875,3387.800048828125,3396.199951171875,3360.0,3388.199951171875,0
2016-05-31,3376.12255859375,3376.300048828125,3393.699951171875,3350.85009765625,3391.699951171875,0
2016-06-01,3348.973876953125,3349.14990234375,3395.14990234375,3342.14990234375,3384.449951171875,0
2016-06-02,3369.372802734375,3369.550048828125,3372.949951171875,3325.85009765625,3346.800048828125,0
2016-06-03,3333.974609375,3334.14990234375,3389.800048828125,3327.35009765625,3383.0,0
2016-06-06,3350.673828125,3350.85009765625,3362.75,3327.75,3342.699951171875,0
2016-06-07,3381.572265625,3381.75,3390.10009765625,3350.64990234375,3363.14990234375,0
2016-06-08,3413.820556640625,3414.0,3418.60009765625,3385.050048828125,3389.699951171875,0
2016-06-09,3397.5712890625,3397.75,3427.64990234375,3383.25,3421.550048828125,0
2016-06-10,3384.422119140625,3384.60009765625,3427.449951171875,3378.199951171875,3394.199951171875,0
2016-06-13,3361.273193359375,3361.449951171875,3366.0,3330.14990234375,3360.14990234375,0
2016-06-14,3393.62158203125,3393.800048828125,3396.75,3371.050048828125,3374.949951171875,0
2016-06-15,3416.620361328125,3416.800048828125,3422.75,3406.10009765625,3412.10009765625,0
2016-06-16,3394.921630859375,3395.10009765625,3419.64990234375,3367.85009765625,3411.699951171875,0
2016-06-17,3397.871337890625,3398.050048828125,3424.800048828125,3376.199951171875,3417.0,0
2016-06-20,3420.719970703125,3420.89990234375,3424.89990234375,3366.5,3372.449951171875,0
2016-06-21,3423.170166015625,3423.35009765625,3438.550048828125,3414.449951171875,3430.60009765625,0
2016-06-22,3400.0712890625,3400.25,3440.89990234375,3393.300048828125,3431.699951171875,0
2016-06-23,3403.27099609375,3403.449951171875,3408.25,3375.89990234375,3401.800048828125,0
2016-06-24,3347.924072265625,3348.10009765625,3351.699951171875,3236.39990234375,3314.550048828125,0
2016-06-27,3382.622314453125,3382.800048828125,3396.550048828125,3337.300048828125,3339.85009765625,0
2016-06-28,3413.420654296875,3413.60009765625,3420.39990234375,3394.300048828125,3394.300048828125,0
2016-06-29,3452.5185546875,3452.699951171875,3459.64990234375,3428.10009765625,3430.699951171875,0
2016-06-30,3492.71630859375,3492.89990234375,3499.39990234375,3471.949951171875,3474.550048828125,0
2016-07-01,3538.1640625,3538.35009765625,3549.949951171875,3513.10009765625,3513.800048828125,0
2016-07-04,3580.461669921875,3580.64990234375,3587.25,3556.699951171875,3556.699951171875,0
2016-07-05,3578.911865234375,3579.10009765625,3600.550048828125,3565.35009765625,3578.75,0
2016-07-07,3553.413330078125,3553.60009765625,3597.5,3550.0,3589.64990234375,0
2016-07-08,3533.76416015625,3533.949951171875,3564.25,3514.39990234375,3560.0,0
2016-07-11,3576.261962890625,3576.449951171875,3582.10009765625,3567.300048828125,3567.300048828125,0
2016-07-12,3595.9609375,3596.14990234375,3599.050048828125,3571.75,3593.25,0
2016-07-13,3559.113037109375,3559.300048828125,3610.949951171875,3552.14990234375,3608.0,0
2016-07-14,3581.711669921875,3581.89990234375,3588.449951171875,3553.800048828125,3559.5,0
2016-07-15,3547.46337890625,3547.64990234375,3606.14990234375,3543.10009765625,3599.050048828125,0
2016-07-18,3514.165283203125,3514.35009765625,3575.800048828125,3509.5,3558.300048828125,0
2016-07-19,3509.21533203125,3509.39990234375,3525.449951171875,3487.25,3517.10009765625,0
2016-07-20,3561.36279296875,3561.550048828125,3567.5,3513.35009765625,3513.35009765625,0
2016-07-21,3525.064697265625,3525.25,3582.800048828125,3521.0,3574.14990234375,0
2016-07-22,3573.312255859375,3573.5,3580.550048828125,3520.35009765625,3532.5,0
2016-07-25,3621.009521484375,3621.199951171875,3624.5,3570.64990234375,3581.64990234375,0
2016-07-26,3594.2109375,3594.39990234375,3655.64990234375,3583.800048828125,3630.39990234375,0
2016-07-27,3614.860107421875,3615.050048828125,3633.050048828125,3574.199951171875,3604.949951171875,0
2016-07-28,3639.65869140625,3639.85009765625,3654.35009765625,3624.199951171875,3624.199951171875,0
2016-07-29,3683.056396484375,3683.25,3697.050048828125,3644.60009765625,3646.199951171875,0
2016-08-01,3705.755126953125,3705.949951171875,3732.199951171875,3654.89990234375,3703.199951171875,0
2016-08-02,3685.65625,3685.85009765625,3734.35009765625,3675.60009765625,3715.300048828125,0
2016-08-03,3612.06005859375,3612.25,3685.64990234375,3602.199951171875,3685.64990234375,0
2016-08-04,3635.2587890625,3635.449951171875,3649.10009765625,3599.25,3643.800048828125,0
2016-08-05,3698.65576171875,3698.85009765625,3701.39990234375,3657.25,3657.25,0
2016-08-08,3723.504150390625,3723.699951171875,3732.199951171875,3695.35009765625,3713.0,0
2016-08-09,3707.30517578125,3707.5,3733.85009765625,3682.699951171875,3731.25,0
2016-08-10,3654.157958984375,3654.35009765625,3720.300048828125,3634.050048828125,3717.64990234375,0
2016-08-11,3661.40771484375,3661.60009765625,3682.39990234375,3618.300048828125,3654.0,0
2016-08-12,3667.007080078125,3667.199951171875,3692.25,3657.85009765625,3667.35009765625,0
2016-08-16,3690.455810546875,3690.64990234375,3693.85009765625,3647.949951171875,3668.449951171875,0
2016-08-17,3716.254638671875,3716.449951171875,3731.050048828125,3687.0,3693.60009765625,0
2016-08-18,3739.553466796875,3739.75,3748.550048828125,3727.050048828125,3729.449951171875,0
2016-08-19,3783.801025390625,3784.0,3789.800048828125,3749.050048828125,3749.10009765625,0
2016-08-22,3748.653076171875,3748.85009765625,3795.64990234375,3738.199951171875,3789.449951171875,0
2016-08-23,3769.95166015625,3770.14990234375,3780.64990234375,3744.39990234375,3752.800048828125,0
2016-08-24,3797.750244140625,3797.949951171875,3801.85009765625,3774.0,3779.550048828125,0
2016-08-25,3782.201171875,3782.39990234375,3816.300048828125,3773.699951171875,3810.800048828125,0
2016-08-26,3795.050537109375,3795.25,3813.5,3770.449951171875,3790.800048828125,0
2016-08-29,3820.2490234375,3820.449951171875,3825.449951171875,3769.35009765625,3800.10009765625,0
2016-08-30,3869.146728515625,3869.35009765625,3872.199951171875,3837.89990234375,3837.89990234375,0
2016-08-31,3889.1455078125,3889.35009765625,3914.199951171875,3876.39990234375,3879.75,0
2016-09-01,3865.89697265625,3866.10009765625,3911.10009765625,3849.050048828125,3896.64990234375,0
2016-09-02,3913.744140625,3913.949951171875,3916.35009765625,3877.550048828125,3878.5,0
2016-09-06,3953.392333984375,3953.60009765625,3956.800048828125,3924.0,3924.0,0
2016-09-07,3974.14111328125,3974.35009765625,3993.89990234375,3939.10009765625,3964.64990234375,0
2016-09-08,4003.3896484375,4003.60009765625,4006.89990234375,3973.89990234375,3978.800048828125,0
2016-09-09,3975.64111328125,3975.85009765625,4018.75,3966.85009765625,4005.60009765625,0
2016-09-12,3829.648681640625,3829.85009765625,3901.39990234375,3821.550048828125,3896.60009765625,0
2016-09-14,3925.143798828125,3925.35009765625,3929.10009765625,3837.75,3838.35009765625,0
2016-09-15,3925.24365234375,3925.449951171875,3946.550048828125,3901.800048828125,3932.449951171875,0
2016-09-16,3921.19384765625,3921.39990234375,3991.550048828125,3900.699951171875,3954.39990234375,0
2016-09-19,3962.341796875,3962.550048828125,3966.949951171875,3929.050048828125,3936.75,0
2016-09-20,3933.4931640625,3933.699951171875,3970.85009765625,3927.050048828125,3970.35009765625,0
2016-09-21,3918.14404296875,3918.35009765625,3959.39990234375,3911.39990234375,3945.25,0
2016-09-22,3991.190185546875,3991.39990234375,3995.25,3952.85009765625,3970.449951171875,0
2016-09-23,4000.289794921875,4000.5,4031.0,3984.10009765625,4004.300048828125,0
2016-09-26,3974.490966796875,3974.699951171875,4013.699951171875,3969.199951171875,3993.25,0
2016-09-27,3967.091552734375,3967.300048828125,4005.89990234375,3957.699951171875,3990.25,0
2016-09-28,4041.6376953125,4041.85009765625,4049.14990234375,3970.60009765625,3977.89990234375,0
2016-09-29,3857.797119140625,3858.0,4085.60009765625,3836.89990234375,4070.0,0
2016-09-30,3959.441650390625,3959.64990234375,3965.25,3851.5,3853.14990234375,0
2016-10-03,4075.235595703125,4075.449951171875,4080.39990234375,3991.89990234375,3994.449951171875,0
2016-10-04,4110.8837890625,4111.10009765625,4121.4501953125,4072.10009765625,4097.9501953125,0
2016-10-05,4151.28173828125,4151.5,4159.7001953125,4108.5,4131.7998046875,0
2016-10-06,4121.533203125,4121.75,4183.39990234375,4094.0,4165.0,0
2016-10-07,4131.98291015625,4132.2001953125,4152.2001953125,4104.10009765625,4134.2998046875,0
2016-10-10,4135.23291015625,4135.4501953125,4170.85009765625,4128.4501953125,4148.64990234375,0
2016-10-13,4054.436767578125,4054.64990234375,4122.14990234375,4010.300048828125,4122.10009765625,0
2016-10-14,4096.03466796875,4096.25,4100.2001953125,4051.10009765625,4070.60009765625,0
2016-10-17,4025.938232421875,4026.14990234375,4108.60009765625,4014.300048828125,4107.75,0
2016-10-18,4104.18408203125,4104.39990234375,4107.75,4045.0,4045.25,0
2016-10-19,4101.083984375,4101.2998046875,4119.5498046875,4081.64990234375,4118.2998046875,0
2016-10-20,4122.2333984375,4122.4501953125,4143.2998046875,4112.0498046875,4126.39990234375,0
2016-10-21,4146.8818359375,4147.10009765625,4151.5,4109.35009765625,4131.75,0
2016-10-24,4144.13232421875,4144.35009765625,4166.85009765625,4134.9501953125,4160.7001953125,0
2016-10-25,4150.1318359375,4150.35009765625,4153.35009765625,4107.0498046875,4139.5498046875,0
2016-10-26,4105.63427734375,4105.85009765625,4180.60009765625,4087.64990234375,4140.60009765625,0
2016-10-27,4054.5869140625,4054.800048828125,4093.75,4030.050048828125,4087.60009765625,0
2016-10-28,4099.28466796875,4099.5,4109.2001953125,4064.60009765625,4068.10009765625,0
2016-11-01,4113.08349609375,4113.2998046875,4145.7001953125,4103.10009765625,4122.9501953125,0
2016-11-02,4013.739013671875,4013.949951171875,4068.300048828125,4006.10009765625,4068.300048828125,0
2016-11-03,3955.39208984375,3955.60009765625,4049.75,3950.35009765625,4006.050048828125,0
2016-11-04,3889.3955078125,3889.60009765625,3970.10009765625,3853.0,3963.0,0
2016-11-07,3931.543212890625,3931.75,3961.89990234375,3923.949951171875,3935.199951171875,0
2016-11-08,3946.642578125,3946.85009765625,3958.60009765625,3915.050048828125,3954.5,0
2016-11-09,3855.097412109375,3855.300048828125,3874.449951171875,3579.699951171875,3661.0,0
2016-11-10,3960.041748046875,3960.25,4001.699951171875,3921.35009765625,3922.949951171875,0
2016-11-11,3790.350830078125,3790.550048828125,3939.60009765625,3777.89990234375,3916.14990234375,0
2016-11-15,3643.208251953125,3643.39990234375,3796.199951171875,3610.10009765625,3796.199951171875,0
2016-11-16,3647.558349609375,3647.75,3718.800048828125,3607.5,3697.300048828125,0
2016-11-17,3641.20849609375,3641.39990234375,3684.64990234375,3622.64990234375,3653.39990234375,0
2016-11-18,3650.05810546875,3650.25,3670.60009765625,3623.85009765625,3663.64990234375,0
2016-11-21,3522.06494140625,3522.25,3670.699951171875,3513.39990234375,3669.949951171875,0
2016-11-22,3571.062255859375,3571.25,3584.199951171875,3517.89990234375,3554.699951171875,0
2016-11-23,3604.41064453125,3604.60009765625,3611.0,3560.39990234375,3600.85009765625,0
2016-11-24,3565.41259765625,3565.60009765625,3590.300048828125,3548.300048828125,3584.699951171875,0
2016-11-25,3638.858642578125,3639.050048828125,3643.64990234375,3572.60009765625,3587.75,0
2016-11-28,3660.65771484375,3660.85009765625,3684.949951171875,3621.800048828125,3630.85009765625,0
2016-11-29,3689.256103515625,3689.449951171875,3707.699951171875,3671.60009765625,3675.10009765625,0
2016-11-30,3749.90283203125,3750.10009765625,3753.550048828125,3704.10009765625,3708.800048828125,0
2016-12-01,3699.25537109375,3699.449951171875,3770.85009765625,3694.699951171875,3767.050048828125,0
2016-12-02,3634.308837890625,3634.5,3682.85009765625,3624.39990234375,3674.10009765625,0
2016-12-05,3666.157470703125,3666.35009765625,3674.449951171875,3624.699951171875,3636.35009765625,0
2016-12-06,3691.305908203125,3691.5,3711.699951171875,3682.60009765625,3689.85009765625,0
2016-12-07,3674.806884765625,3675.0,3716.0,3644.949951171875,3710.449951171875,0
2016-12-08,3742.9033203125,3743.10009765625,3746.800048828125,3704.75,3706.800048828125,0
2016-12-09,3784.2509765625,3784.449951171875,3789.050048828125,3747.199951171875,3766.0,0
2016-12-12,3722.80419921875,3723.0,3782.699951171875,3707.449951171875,3780.699951171875,0
2016-12-13,3726.05419921875,3726.25,3735.85009765625,3700.39990234375,3730.35009765625,0
2016-12-14,3703.305419921875,3703.5,3739.89990234375,3698.39990234375,3731.89990234375,0
2016-12-15,3724.404296875,3724.60009765625,3744.89990234375,3666.35009765625,3670.60009765625,0
2016-12-16,3708.35498046875,3708.550048828125,3738.89990234375,3700.550048828125,3735.300048828125,0
2016-12-19,3706.755126953125,3706.949951171875,3724.35009765625,3697.050048828125,3712.85009765625,0
2016-12-20,3644.6083984375,3644.800048828125,3717.050048828125,3634.64990234375,3712.25,0
2016-12-21,3649.008056640625,3649.199951171875,3669.35009765625,3634.800048828125,3661.0,0
2016-12-22,3600.36083984375,3600.550048828125,3640.300048828125,3588.449951171875,3636.89990234375,0
2016-12-23,3599.210693359375,3599.39990234375,3624.14990234375,3561.64990234375,3600.5,0
2016-12-27,3564.262451171875,3564.449951171875,3568.64990234375,3471.25,3498.60009765625,0
2016-12-28,3576.112060546875,3576.300048828125,3615.949951171875,3566.050048828125,3574.199951171875,0
2016-12-29,3641.90869140625,3642.10009765625,3648.050048828125,3572.89990234375,3582.25,0
2016-12-30,3662.107421875,3662.300048828125,3681.949951171875,3642.699951171875,3646.449951171875,0
2017-01-03,3718.804443359375,3719.0,3723.14990234375,3691.449951171875,3704.35009765625,0
2017-01-04,3720.554443359375,3720.75,3748.75,3712.60009765625,3730.39990234375,0
2017-01-05,3778.9013671875,3779.10009765625,3781.5,3741.14990234375,3742.050048828125,0
2017-01-06,3766.501953125,3766.699951171875,3809.550048828125,3760.89990234375,3792.699951171875,0
2017-01-09,3779.851318359375,3780.050048828125,3782.39990234375,3754.5,3775.300048828125,0
2017-01-10,3793.700439453125,3793.89990234375,3800.89990234375,3773.75,3796.10009765625,0
2017-01-11,3855.497314453125,3855.699951171875,3863.14990234375,3810.550048828125,3811.60009765625,0
2017-01-12,3851.947509765625,3852.14990234375,3878.35009765625,3832.89990234375,3866.699951171875,0
2017-01-13,3837.498291015625,3837.699951171875,3872.300048828125,3823.75,3866.0,0
2017-01-16,3852.8974609375,3853.10009765625,3856.39990234375,3814.10009765625,3831.10009765625,0
2017-01-17,3862.746826171875,3862.949951171875,3886.0,3850.699951171875,3860.550048828125,0
2017-01-18,3881.495849609375,3881.699951171875,3899.39990234375,3863.64990234375,3869.5,0
2017-01-19,3891.595458984375,3891.800048828125,3898.89990234375,3875.800048828125,3888.39990234375,0
2017-01-20,3813.849609375,3814.050048828125,3896.85009765625,3808.449951171875,3886.050048828125,0
2017-01-23,3829.148681640625,3829.35009765625,3842.050048828125,3803.85009765625,3812.39990234375,0
2017-01-24,3872.1962890625,3872.39990234375,3879.14990234375,3830.199951171875,3841.60009765625,0
2017-01-25,3916.09423828125,3916.300048828125,3920.39990234375,3865.300048828125,3896.5,0
2017-01-27,3945.992431640625,3946.199951171875,3962.300048828125,3915.550048828125,3921.800048828125,0
2017-01-30,3940.542724609375,3940.75,3961.10009765625,3920.25,3941.699951171875,0
2017-01-31,3866.296630859375,3866.5,3938.39990234375,3860.60009765625,3938.10009765625,0
2017-02-01,3953.892333984375,3954.10009765625,3958.10009765625,3853.35009765625,3873.300048828125,0
2017-02-02,3993.840087890625,3994.050048828125,4003.39990234375,3950.5,3958.25,0
2017-02-03,4061.436279296875,4061.64990234375,4067.10009765625,4011.60009765625,4011.64990234375,0
2017-02-06,4086.735107421875,4086.949951171875,4102.10009765625,4065.35009765625,4087.949951171875,0
2017-02-07,4062.986328125,4063.199951171875,4101.2001953125,4035.949951171875,4094.5,0
2017-02-08,4100.984375,4101.2001953125,4108.0,4048.550048828125,4076.699951171875,0
2017-02-09,4119.18310546875,4119.39990234375,4143.2001953125,4078.60009765625,4116.14990234375,0
2017-02-10,4119.4833984375,4119.7001953125,4143.5,4102.2998046875,4139.14990234375,0
2017-02-13,4080.9853515625,4081.199951171875,4134.85009765625,4040.60009765625,4127.9501953125,0
2017-02-14,4079.235595703125,4079.449951171875,4090.35009765625,4059.199951171875,4090.25,0
2017-02-15,4006.889404296875,4007.10009765625,4088.35009765625,4000.300048828125,4083.10009765625,0
2017-02-16,4069.236083984375,4069.449951171875,4073.39990234375,3989.5,4012.85009765625,0
2017-02-17,4094.084716796875,4094.300048828125,4100.5498046875,4062.800048828125,4089.89990234375,0
2017-02-20,4145.482421875,4145.7001953125,4151.10009765625,4092.0,4100.85009765625,0
2017-02-21,4176.23046875,4176.4501953125,4182.75,4150.89990234375,4155.7998046875,0
2017-02-22,4143.13232421875,4143.35009765625,4200.64990234375,4136.60009765625,4188.0,0
2017-02-23,4150.53173828125,4150.75,4173.64990234375,4140.4501953125,4147.0498046875,0
2017-02-27,4155.48193359375,4155.7001953125,4170.14990234375,4141.60009765625,4143.60009765625,0
2017-02-28,4187.02978515625,4187.25,4194.39990234375,4163.10009765625,4164.89990234375,0
2017-03-01,4199.12939453125,4199.35009765625,4218.89990234375,4191.60009765625,4202.5,0
2017-03-02,4113.23388671875,4113.4501953125,4227.60009765625,4103.25,4217.39990234375,0
2017-03-03,4150.28173828125,4150.5,4155.64990234375,4101.9501953125,4111.35009765625,0
2017-03-06,4184.97998046875,4185.2001953125,4187.39990234375,4156.7998046875,4166.4501953125,0
2017-03-07,4182.98046875,4183.2001953125,4199.35009765625,4175.75,4197.2998046875,0
2017-03-08,4138.232421875,4138.4501953125,4192.0498046875,4113.25,4184.14990234375,0
2017-03-09,4142.08203125,4142.2998046875,4166.14990234375,4120.4501953125,4130.2998046875,0
2017-03-10,4131.58251953125,4131.7998046875,4170.14990234375,4124.0,4158.25,0
2017-03-14,4200.92919921875,4201.14990234375,4213.5,4171.35009765625,4212.2998046875,0
2017-03-15,4255.87646484375,4256.10009765625,4272.60009765625,4203.75,4210.64990234375,0
2017-03-16,4327.072265625,4327.2998046875,4330.89990234375,4280.14990234375,4281.2998046875,0
2017-03-17,4320.07275390625,4320.2998046875,4345.10009765625,4285.7001953125,4341.25,0
2017-03-20,4337.02197265625,4337.25,4342.5,4313.5498046875,4336.5,0
2017-03-21,4334.421875,4334.64990234375,4347.64990234375,4303.2998046875,4346.9501953125,0
2017-03-22,4267.22607421875,4267.4501953125,4309.2998046875,4260.64990234375,4303.10009765625,0
2017-03-23,4310.0732421875,4310.2998046875,4313.4501953125,4276.85009765625,4281.39990234375,0
2017-03-24,4328.42236328125,4328.64990234375,4349.25,4318.14990234375,4320.2998046875,0
2017-03-27,4327.7724609375,4328.0,4337.89990234375,4300.89990234375,4334.7998046875,0
2017-03-28,4346.7216796875,4346.9501953125,4364.75,4341.5,4346.0,0
2017-03-29,4368.5205078125,4368.75,4381.9501953125,4346.14990234375,4362.0,0
2017-03-30,4364.42041015625,4364.64990234375,4390.0,4356.89990234375,4376.89990234375,0
2017-03-31,4383.41943359375,4383.64990234375,4397.64990234375,4372.39990234375,4375.64990234375,0
2017-04-03,4423.2177734375,4423.4501953125,4425.89990234375,4395.0498046875,4395.0498046875,0
2017-04-05,4446.06591796875,4446.2998046875,4451.0498046875,4421.25,4435.64990234375,0
2017-04-06,4444.26611328125,4444.5,4451.4501953125,4421.9501953125,4441.64990234375,0
2017-04-07,4405.36865234375,4405.60009765625,4466.39990234375,4393.2001953125,4428.2001953125,0
2017-04-10,4435.61669921875,4435.85009765625,4448.4501953125,4401.5,4419.85009765625,0
2017-04-11,4474.61474609375,4474.85009765625,4478.7998046875,4439.85009765625,4443.0,0
2017-04-12,4427.71728515625,4427.9501953125,4486.35009765625,4389.89990234375,4484.39990234375,0
2017-04-13,4410.31787109375,4410.5498046875,4440.75,4406.9501953125,4427.14990234375,0
2017-04-17,4432.6171875,4432.85009765625,4436.0,4384.60009765625,4409.89990234375,0
2017-04-18,4416.01806640625,4416.25,4516.9501953125,4409.64990234375,4447.60009765625,0
2017-04-19,4450.666015625,4450.89990234375,4457.2001953125,4401.85009765625,4418.0498046875,0
2017-04-20,4509.06298828125,4509.2998046875,4512.2001953125,4463.14990234375,4467.85009765625,0
2017-04-21,4505.21337890625,4505.4501953125,4540.89990234375,4480.2001953125,4525.64990234375,0
2017-04-24,4547.11083984375,4547.35009765625,4550.7001953125,4515.10009765625,4522.85009765625,0
2017-04-25,4589.35888671875,4589.60009765625,4597.2001953125,4570.0498046875,4579.89990234375,0
2017-04-26,4582.859375,4583.10009765625,4626.64990234375,4529.60009765625,4612.85009765625,0
2017-04-27,4607.15771484375,4607.39990234375,4629.39990234375,4583.89990234375,4600.2998046875,0
2017-04-28,4658.10498046875,4658.35009765625,4667.5,4608.60009765625,4615.5,0
2017-05-02,4685.50390625,4685.75,4697.9501953125,4637.10009765625,4678.14990234375,0
2017-05-03,4662.0048828125,4662.25,4706.0,4655.9501953125,4698.9501953125,0
2017-05-04,4689.55322265625,4689.7998046875,4695.89990234375,4670.10009765625,4680.7001953125,0
2017-05-05,4645.755859375,4646.0,4722.4501953125,4612.5498046875,4697.2001953125,0
2017-05-08,4676.05419921875,4676.2998046875,4683.25,4655.35009765625,4659.7001953125,0
2017-05-09,4679.15380859375,4679.39990234375,4694.14990234375,4660.2001953125,4686.4501953125,0
2017-05-10,4697.15283203125,4697.39990234375,4715.64990234375,4685.0498046875,4689.0,0
2017-05-11,4699.203125,4699.4501953125,4727.10009765625,4691.60009765625,4717.39990234375,0
2017-05-12,4660.5546875,4660.7998046875,4710.9501953125,4637.5,4709.10009765625,0
2017-05-15,4710.15234375,4710.39990234375,4713.39990234375,4673.64990234375,4676.60009765625,0
2017-05-16,4727.95166015625,4728.2001953125,4729.64990234375,4699.7998046875,4715.85009765625,0
2017-05-17,4720.15185546875,4720.39990234375,4734.4501953125,4710.10009765625,4727.75,0
2017-05-18,4581.25927734375,4581.5,4704.10009765625,4573.39990234375,4684.2998046875,0
2017-05-19,4563.21044921875,4563.4501953125,4650.9501953125,4519.5498046875,4605.9501953125,0
2017-05-22,4496.513671875,4496.75,4601.2001953125,4491.85009765625,4584.85009765625,0
2017-05-23,4405.318359375,4405.5498046875,4497.64990234375,4352.85009765625,4496.10009765625,0
2017-05-24,4331.92236328125,4332.14990234375,4426.14990234375,4307.25,4412.4501953125,0
2017-05-25,4414.96826171875,4415.2001953125,4433.39990234375,4330.0498046875,4351.64990234375,0
2017-05-26,4490.86376953125,4491.10009765625,4497.25,4422.2001953125,4425.4501953125,0
2017-05-29,4398.2685546875,4398.5,4498.35009765625,4382.4501953125,4490.10009765625,0
2017-05-30,4447.166015625,4447.39990234375,4454.64990234375,4352.89990234375,4390.14990234375,0
2017-05-31,4487.1142578125,4487.35009765625,4495.75,4458.75,4461.0,0
2017-06-01,4534.86181640625,4535.10009765625,4539.7001953125,4485.5498046875,4487.2998046875,0
2017-06-02,4567.9599609375,4568.2001953125,4575.14990234375,4540.9501953125,4562.85009765625,0
2017-06-05,4582.70947265625,4582.9501953125,4605.60009765625,4572.4501953125,4591.2998046875,0
2017-06-06,4549.36083984375,4549.60009765625,4595.0,4509.0,4591.39990234375,0
2017-06-07,4579.50927734375,4579.75,4584.75,4550.14990234375,4558.2998046875,0
2017-06-08,4589.05859375,4589.2998046875,4603.7998046875,4569.89990234375,4597.75,0
2017-06-09,4613.75732421875,4614.0,4616.85009765625,4561.85009765625,4587.64990234375,0
2017-06-12,4573.15966796875,4573.39990234375,4610.5498046875,4564.39990234375,4604.5,0
2017-06-13,4578.50927734375,4578.75,4612.4501953125,4568.7998046875,4585.10009765625,0
2017-06-14,4595.6083984375,4595.85009765625,4603.25,4539.64990234375,4580.2001953125,0
2017-06-15,4611.4072265625,4611.64990234375,4618.39990234375,4585.89990234375,4587.9501953125,0
2017-06-16,4612.05712890625,4612.2998046875,4646.75,4601.5,4625.39990234375,0
2017-06-19,4606.90771484375,4607.14990234375,4639.10009765625,4603.35009765625,4634.7001953125,0
2017-06-20,4610.10791015625,4610.35009765625,4635.64990234375,4602.9501953125,4617.60009765625,0
2017-06-21,4611.0576171875,4611.2998046875,4628.5498046875,4601.7001953125,4609.7001953125,0
2017-06-22,4579.1591796875,4579.39990234375,4646.89990234375,4570.39990234375,4629.5498046875,0
2017-06-23,4516.86279296875,4517.10009765625,4587.64990234375,4478.9501953125,4586.4501953125,0
2017-06-27,4455.015625,4455.25,4527.64990234375,4425.35009765625,4523.75,0
2017-06-28,4473.5146484375,4473.75,4479.60009765625,4419.2998046875,4441.5498046875,0
2017-06-29,4498.763671875,4499.0,4525.35009765625,4489.5,4496.0498046875,0
2017-06-30,4519.51220703125,4519.75,4527.25,4467.2001953125,4488.2998046875,0
2017-07-03,4577.109375,4577.35009765625,4579.9501953125,4522.85009765625,4529.5498046875,0
2017-07-04,4569.65966796875,4569.89990234375,4607.25,4545.85009765625,4594.14990234375,0
2017-07-05,4638.15625,4638.39990234375,4645.0498046875,4572.75,4576.25,0
2017-07-06,4640.755859375,4641.0,4669.5,4629.7001953125,4659.2998046875,0
2017-07-07,4647.60595703125,4647.85009765625,4661.64990234375,4628.4501953125,4643.64990234375,0
2017-07-10,4663.8046875,4664.0498046875,4704.7001953125,4640.7001953125,4667.5498046875,0
2017-07-11,4617.20751953125,4617.4501953125,4686.25,4611.85009765625,4680.14990234375,0
2017-07-12,4675.1044921875,4675.35009765625,4679.14990234375,4628.5498046875,4633.5498046875,0
2017-07-13,4687.103515625,4687.35009765625,4704.0498046875,4670.2001953125,4696.0,0
2017-07-14,4709.45263671875,4709.7001953125,4714.60009765625,4668.0,4700.14990234375,0
2017-07-17,4718.10205078125,4718.35009765625,4728.39990234375,4693.35009765625,4728.0,0
2017-07-18,4699.60302734375,4699.85009765625,4738.5498046875,4687.39990234375,4708.4501953125,0
2017-07-19,4738.65087890625,4738.89990234375,4742.75,4713.2001953125,4719.7998046875,0
2017-07-20,4714.9521484375,4715.2001953125,4755.0498046875,4709.89990234375,4739.14990234375,0
2017-07-21,4707.65234375,4707.89990234375,4728.0,4654.25,4726.14990234375,0
2017-07-24,4720.65185546875,4720.89990234375,4739.64990234375,4710.7001953125,4718.5,0
2017-07-25,4760.29931640625,4760.5498046875,4765.75,4717.39990234375,4734.7998046875,0
2017-07-26,4770.34912109375,4770.60009765625,4793.5,4746.0,4769.2998046875,0
2017-07-27,4746.00048828125,4746.25,4800.4501953125,4736.2001953125,4791.7998046875,0
2017-07-28,4790.248046875,4790.5,4794.0498046875,4726.4501953125,4729.64990234375,0
2017-07-31,4792.39794921875,4792.64990234375,4812.7001953125,4786.0498046875,4797.35009765625,0
2017-08-01,4797.79736328125,4798.0498046875,4816.4501953125,4788.10009765625,4803.39990234375,0
2017-08-02,4802.74755859375,4803.0,4815.25,4784.89990234375,4809.0,0
2017-08-03,4726.45166015625,4726.7001953125,4802.7001953125,4709.5498046875,4801.85009765625,0
2017-08-04,4736.951171875,4737.2001953125,4744.9501953125,4692.75,4710.0,0
2017-08-07,4798.79736328125,4799.0498046875,4805.14990234375,4753.2998046875,4755.2998046875,0
2017-08-08,4753.85009765625,4754.10009765625,4816.7998046875,4709.0,4816.35009765625,0
2017-08-09,4665.5546875,4665.7998046875,4748.39990234375,4649.75,4743.10009765625,0
2017-08-10,4514.712890625,4514.9501953125,4656.64990234375,4440.60009765625,4639.10009765625,0
2017-08-11,4490.21435546875,4490.4501953125,4551.75,4399.10009765625,4453.64990234375,0
2017-08-14,4627.7568359375,4628.0,4635.4501953125,4530.7998046875,4531.2001953125,0
2017-08-16,4687.103515625,4687.35009765625,4690.7998046875,4597.5,4654.10009765625,0
2017-08-17,4675.55419921875,4675.7998046875,4723.0498046875,4664.35009765625,4696.5498046875,0
2017-08-18,4654.50537109375,4654.75,4664.10009765625,4610.0498046875,4648.7998046875,0
2017-08-21,4577.70947265625,4577.9501953125,4684.2001953125,4568.85009765625,4670.85009765625,0
2017-08-22,4544.51123046875,4544.75,4619.4501953125,4526.2998046875,4599.2001953125,0
2017-08-23,4603.60791015625,4603.85009765625,4607.85009765625,4561.39990234375,4573.5498046875,0
2017-08-24,4619.9072265625,4620.14990234375,4628.2998046875,4593.2998046875,4614.2001953125,0
2017-08-28,4682.5537109375,4682.7998046875,4685.4501953125,4635.39990234375,4640.7001953125,0
2017-08-29,4623.2568359375,4623.5,4684.4501953125,4617.2998046875,4670.7998046875,0
2017-08-30,4690.80322265625,4691.0498046875,4697.60009765625,4656.39990234375,4656.64990234375,0
2017-08-31,4707.45263671875,4707.7001953125,4714.5498046875,4683.9501953125,4702.9501953125,0
2017-09-01,4770.7490234375,4771.0,4782.39990234375,4726.10009765625,4727.85009765625,0
2017-09-05,4780.74853515625,4781.0,4784.2001953125,4741.85009765625,4751.25,0
2017-09-06,4797.09765625,4797.35009765625,4810.7998046875,4741.0498046875,4755.89990234375,0
2017-09-07,4817.646484375,4817.89990234375,4843.0498046875,4812.7001953125,4828.60009765625,0
2017-09-08,4821.24658203125,4821.5,4852.7001953125,4788.10009765625,4841.10009765625,0
2017-09-11,4859.79443359375,4860.0498046875,4873.39990234375,4844.14990234375,4856.10009765625,0
2017-09-12,4928.99072265625,4929.25,4935.4501953125,4880.64990234375,4880.64990234375,0
2017-09-13,4882.29296875,4882.5498046875,4957.14990234375,4871.2998046875,4941.4501953125,0
2017-09-14,4927.19091796875,4927.4501953125,4932.35009765625,4889.64990234375,4900.2001953125,0
2017-09-15,4928.74072265625,4929.0,4941.0,4886.7001953125,4916.25,0
2017-09-18,4977.48828125,4977.75,4992.10009765625,4955.0498046875,4956.4501953125,0
2017-09-19,4983.28759765625,4983.5498046875,4995.4501953125,4964.7998046875,4991.14990234375,0
2017-09-20,4969.03857421875,4969.2998046875,5011.4501953125,4963.25,5008.14990234375,0
2017-09-21,4933.5908203125,4933.85009765625,4986.39990234375,4879.64990234375,4975.85009765625,0
2017-09-22,4778.34912109375,4778.60009765625,4916.60009765625,4769.25,4916.60009765625,0
2017-09-25,4710.95263671875,4711.2001953125,4780.2998046875,4627.60009765625,4778.0498046875,0
2017-09-26,4748.150390625,4748.39990234375,4772.64990234375,4689.4501953125,4709.0498046875,0
2017-09-27,4641.40576171875,4641.64990234375,4780.10009765625,4624.64990234375,4774.5,0
2017-09-28,4658.40478515625,4658.64990234375,4676.0,4601.14990234375,4649.10009765625,0
2017-09-29,4687.25341796875,4687.5,4730.25,4677.7998046875,4682.35009765625,0
2017-10-03,4723.4013671875,4723.64990234375,4750.64990234375,4705.14990234375,4731.5498046875,0
2017-10-04,4730.4013671875,4730.64990234375,4752.0,4715.85009765625,4739.5,0
2017-10-05,4761.79931640625,4762.0498046875,4771.35009765625,4735.0,4738.35009765625,0
2017-10-06,4825.5458984375,4825.7998046875,4829.9501953125,4782.85009765625,4783.9501953125,0
2017-10-09,4832.4462890625,4832.7001953125,4854.4501953125,4805.5498046875,4840.0,0
2017-10-10,4883.04296875,4883.2998046875,4889.75,4847.0,4849.9501953125,0
2017-10-11,4823.8466796875,4824.10009765625,4923.7001953125,4792.39990234375,4906.9501953125,0
2017-10-12,4886.34326171875,4886.60009765625,4891.2001953125,4811.75,4845.35009765625,0
2017-10-13,4878.04345703125,4878.2998046875,4903.25,4871.7998046875,4899.25,0
2017-10-16,4913.79150390625,4914.0498046875,4918.39990234375,4871.5,4897.35009765625,0
2017-10-17,4930.54052734375,4930.7998046875,4950.5,4912.7998046875,4929.35009765625,0
2017-10-18,4920.64111328125,4920.89990234375,4939.0498046875,4904.5498046875,4934.35009765625,0
2017-10-19,4882.79296875,4883.0498046875,4932.5,4865.39990234375,4931.14990234375,0
2017-10-23,4918.69140625,4918.9501953125,4923.39990234375,4883.2998046875,4894.64990234375,218400
2017-10-24,4954.78955078125,4955.0498046875,4959.14990234375,4914.0498046875,4932.2998046875,0
2017-10-25,5024.73583984375,5025.0,5033.0,4970.4501953125,5009.14990234375,0
2017-10-26,5053.4345703125,5053.7001953125,5068.89990234375,4999.5498046875,5020.9501953125,0
2017-10-27,5052.63427734375,5052.89990234375,5082.4501953125,5046.2998046875,5067.5,0
2017-10-30,5116.03076171875,5116.2998046875,5127.75,5073.14990234375,5077.75,0
2017-10-31,5123.38037109375,5123.64990234375,5144.10009765625,5095.0498046875,5124.4501953125,0
2017-11-01,5148.6796875,5148.9501953125,5169.5498046875,5133.9501953125,5151.75,0
2017-11-02,5154.3291015625,5154.60009765625,5189.0,5132.7998046875,5172.64990234375,0
2017-11-03,5168.67822265625,5168.9501953125,5185.60009765625,5126.9501953125,5179.60009765625,0
2017-11-06,5172.52783203125,5172.7998046875,5198.5,5161.0498046875,5165.85009765625,0
2017-11-07,5078.53271484375,5078.7998046875,5203.14990234375,5045.5498046875,5193.25,0
2017-11-08,5041.3349609375,5041.60009765625,5118.2998046875,5017.75,5093.25,0
2017-11-09,5107.33154296875,5107.60009765625,5118.0498046875,5008.64990234375,5081.10009765625,0
2017-11-10,5111.83154296875,5112.10009765625,5145.5,5072.9501953125,5110.5,0
2017-11-13,5088.482421875,5088.75,5127.2001953125,5082.0498046875,5124.10009765625,0
2017-11-14,5080.23291015625,5080.5,5103.4501953125,5056.64990234375,5084.2998046875,0
2017-11-15,5023.3359375,5023.60009765625,5101.39990234375,4999.5,5077.60009765625,0
2017-11-16,5098.73193359375,5099.0,5107.5,5031.85009765625,5045.5,0
2017-11-17,5140.47998046875,5140.75,5175.64990234375,5128.60009765625,5151.25,0
2017-11-20,5185.427734375,5185.7001953125,5189.2998046875,5133.2998046875,5146.25,0
2017-11-21,5182.77734375,5183.0498046875,5219.0498046875,5155.2998046875,5204.89990234375,0
2017-11-22,5187.52685546875,5187.7998046875,5203.25,5146.7001953125,5203.25,0
2017-11-23,5198.12646484375,5198.39990234375,5210.14990234375,5149.75,5205.35009765625,169800
2017-11-24,5226.375,5226.64990234375,5231.75,5200.60009765625,5209.10009765625,0
2017-11-27,5278.9228515625,5279.2001953125,5284.75,5198.85009765625,5214.0498046875,0
2017-11-28,5287.77197265625,5288.0498046875,5311.2001953125,5271.89990234375,5288.10009765625,0
2017-11-29,5261.873046875,5262.14990234375,5306.39990234375,5250.4501953125,5290.0498046875,0
2017-11-30,5211.92626953125,5212.2001953125,5259.35009765625,5200.75,5243.60009765625,0
2017-12-01,5147.9794921875,5148.25,5267.64990234375,5131.7001953125,5238.2998046875,0
2017-12-04,5140.43017578125,5140.7001953125,5190.7001953125,5105.7001953125,5179.60009765625,0
2017-12-05,5155.67919921875,5155.9501953125,5168.60009765625,5094.4501953125,5138.5,0
2017-12-06,5113.48095703125,5113.75,5177.60009765625,5106.85009765625,5151.5,0
2017-12-07,5195.67724609375,5195.9501953125,5202.14990234375,5125.39990234375,5126.85009765625,0
2017-12-08,5228.0751953125,5228.35009765625,5239.10009765625,5215.5,5219.7998046875,0
2017-12-11,5276.32275390625,5276.60009765625,5282.89990234375,5240.39990234375,5256.9501953125,0
2017-12-12,5227.92529296875,5228.2001953125,5281.9501953125,5221.14990234375,5280.89990234375,0
2017-12-13,5162.87841796875,5163.14990234375,5235.7001953125,5147.0,5227.75,0
2017-12-14,5160.7783203125,5161.0498046875,5196.60009765625,5112.5498046875,5191.39990234375,0
2017-12-15,5229.17529296875,5229.4501953125,5237.89990234375,5205.85009765625,5215.0,0
2017-12-18,5277.37255859375,5277.64990234375,5317.14990234375,5076.0,5201.14990234375,0
2017-12-19,5367.31787109375,5367.60009765625,5371.0,5291.10009765625,5295.35009765625,0
2017-12-20,5383.716796875,5384.0,5408.5498046875,5364.0498046875,5379.5,0
2017-12-21,5437.16455078125,5437.4501953125,5441.9501953125,5373.64990234375,5399.4501953125,0
2017-12-22,5453.61328125,5453.89990234375,5483.4501953125,5433.0498046875,5458.9501953125,0
2017-12-26,5478.51171875,5478.7998046875,5486.14990234375,5438.5498046875,5460.9501953125,0
2017-12-27,5493.41162109375,5493.7001953125,5528.85009765625,5464.35009765625,5487.0498046875,0
2017-12-28,5499.11083984375,5499.39990234375,5535.14990234375,5481.64990234375,5504.0,0
2017-12-29,5539.85888671875,5540.14990234375,5552.35009765625,5520.10009765625,5523.2998046875,0
2018-01-02,5478.06201171875,5478.35009765625,5565.5498046875,5439.14990234375,5556.75,0
2018-01-03,5512.759765625,5513.0498046875,5530.2998046875,5492.64990234375,5495.5,0
2018-01-04,5560.65771484375,5560.9501953125,5566.5498046875,5509.35009765625,5536.35009765625,0
2018-01-05,5635.40380859375,5635.7001953125,5640.75,5575.39990234375,5585.39990234375,0
2018-01-08,5702.400390625,5702.7001953125,5708.89990234375,5659.10009765625,5665.10009765625,0
2018-01-09,5671.40185546875,5671.7001953125,5722.5,5649.14990234375,5720.2998046875,0
2018-01-10,5624.85400390625,5625.14990234375,5694.64990234375,5601.2001953125,5681.14990234375,0
2018-01-11,5660.65283203125,5660.9501953125,5679.75,5619.85009765625,5628.25,0
2018-01-12,5647.453125,5647.75,5688.0,5578.2001953125,5685.2001953125,0
2018-01-15,5640.75341796875,5641.0498046875,5684.64990234375,5627.7001953125,5674.2998046875,0
2018-01-16,5504.96044921875,5505.25,5647.7998046875,5490.14990234375,5647.7998046875,0
2018-01-17,5554.60791015625,5554.89990234375,5560.7001953125,5404.10009765625,5502.0,0
2018-01-18,5427.46484375,5427.75,5610.0498046875,5384.5,5605.0498046875,0
2018-01-19,5469.26220703125,5469.5498046875,5479.10009765625,5398.9501953125,5436.25,0
2018-01-22,5510.51025390625,5510.7998046875,5514.75,5446.89990234375,5467.89990234375,0
2018-01-23,5573.10693359375,5573.39990234375,5588.10009765625,5520.10009765625,5529.85009765625,0
2018-01-24,5530.65966796875,5530.9501953125,5573.75,5508.2001953125,5564.4501953125,0
2018-01-25,5468.3623046875,5468.64990234375,5551.35009765625,5463.2998046875,5540.25,0
2018-01-29,5437.064453125,5437.35009765625,5505.14990234375,5426.7998046875,5490.89990234375,0
2018-01-30,5410.3154296875,5410.60009765625,5436.0,5381.60009765625,5426.89990234375,0
2018-01-31,5353.6689453125,5353.9501953125,5420.25,5310.7001953125,5405.4501953125,0
2018-02-01,5349.7685546875,5350.0498046875,5389.25,5243.7001953125,5363.5,0
2018-02-02,5065.583984375,5065.85009765625,5290.85009765625,5029.2001953125,5290.7998046875,0
2018-02-05,5083.93310546875,5084.2001953125,5104.60009765625,4899.7998046875,4951.4501953125,0
2018-02-06,5009.13671875,5009.39990234375,5074.14990234375,4787.89990234375,4831.0,0
2018-02-07,5041.5849609375,5041.85009765625,5115.7998046875,5026.35009765625,5096.14990234375,0
2018-02-08,5171.67822265625,5171.9501953125,5179.64990234375,5059.5,5067.0498046875,0
2018-02-09,5171.77783203125,5172.0498046875,5193.89990234375,5061.2001953125,5065.75,0
2018-02-12,5257.12353515625,5257.39990234375,5272.85009765625,5208.2998046875,5216.0,0
2018-02-14,5254.4736328125,5254.75,5308.85009765625,5237.10009765625,5295.5,0
2018-02-15,5200.12646484375,5200.39990234375,5273.9501953125,5165.75,5268.9501953125,0
2018-02-16,5130.98046875,5131.25,5243.14990234375,5116.2998046875,5223.10009765625,0
2018-02-19,5071.43359375,5071.7001953125,5140.5,5018.2001953125,5137.7998046875,271900
2018-02-20,5065.083984375,5065.35009765625,5106.5,5045.89990234375,5071.7998046875,0
2018-02-21,5077.3330078125,5077.60009765625,5095.5,5033.2998046875,5088.4501953125,0
2018-02-22,5052.6845703125,5052.9501953125,5084.7001953125,5045.89990234375,5057.35009765625,0
2018-02-23,5185.37744140625,5185.64990234375,5191.60009765625,5075.64990234375,5082.2998046875,0
2018-02-26,5233.27490234375,5233.5498046875,5246.25,5186.2998046875,5217.75,0
2018-02-27,5195.42724609375,5195.7001953125,5259.89990234375,5186.35009765625,5254.5498046875,0
2018-02-28,5192.67724609375,5192.9501953125,5212.14990234375,5130.35009765625,5159.7001953125,0
2018-03-01,5162.4287109375,5162.7001953125,5225.7001953125,5154.10009765625,5185.10009765625,0
2018-03-05,5105.83154296875,5106.10009765625,5158.7001953125,5074.60009765625,5158.7001953125,324800
2018-03-06,5045.78466796875,5046.0498046875,5162.4501953125,5026.25,5137.60009765625,0
2018-03-07,4953.33984375,4953.60009765625,5036.39990234375,4943.5498046875,5034.39990234375,0
2018-03-08,4996.4375,4996.7001953125,5008.39990234375,4898.0498046875,4993.14990234375,0
2018-03-09,4959.58935546875,4959.85009765625,5025.2001953125,4944.35009765625,5022.0,0
2018-03-12,5006.8369140625,5007.10009765625,5012.7001953125,4932.7998046875,5002.25,0
2018-03-13,5056.734375,5057.0,5089.14990234375,4995.2001953125,5004.5498046875,0
2018-03-14,5080.53271484375,5080.7998046875,5088.5498046875,5024.25,5029.89990234375,0
2018-03-15,5090.63232421875,5090.89990234375,5126.4501953125,5077.2001953125,5084.25,0
2018-03-16,5036.7353515625,5037.0,5108.75,5026.35009765625,5092.64990234375,0
2018-03-19,4941.9404296875,4942.2001953125,5054.25,4927.4501953125,5046.0,0
2018-03-20,4965.8388671875,4966.10009765625,4978.35009765625,4889.39990234375,4909.35009765625,0
2018-03-21,4969.68896484375,4969.9501953125,5027.75,4960.64990234375,4993.7001953125,0
2018-03-22,4922.44140625,4922.7001953125,4984.75,4912.25,4979.25,0
2018-03-23,4842.54541015625,4842.7998046875,4849.75,4795.10009765625,4828.25,0
2018-03-26,4930.69091796875,4930.9501953125,4941.64990234375,4809.5,4838.0,0
2018-03-27,5013.236328125,5013.5,5028.25,4968.9501953125,4970.35009765625,0
2018-03-28,4975.0380859375,4975.2998046875,4997.60009765625,4963.2998046875,4986.60009765625,0
2018-04-02,5077.8330078125,5078.10009765625,5080.10009765625,4991.9501953125,4999.4501953125,0
2018-04-03,5141.07958984375,5141.35009765625,5144.35009765625,5068.39990234375,5070.5,0
2018-04-04,5083.93310546875,5084.2001953125,5195.60009765625,5075.64990234375,5170.85009765625,0
2018-04-05,5210.1259765625,5210.39990234375,5216.10009765625,5147.4501953125,5148.2998046875,0
2018-04-06,5246.32421875,5246.60009765625,5253.10009765625,5193.39990234375,5216.35009765625,0
2018-04-09,5276.37255859375,5276.64990234375,5297.64990234375,5258.85009765625,5261.9501953125,0
2018-04-10,5290.07177734375,5290.35009765625,5313.0498046875,5263.5,5301.25,0
2018-04-11,5288.1220703125,5288.39990234375,5309.2001953125,5252.0498046875,5308.7998046875,0
2018-04-12,5280.22216796875,5280.5,5310.9501953125,5259.5,5289.64990234375,0
2018-04-13,5328.86962890625,5329.14990234375,5342.5,5295.7001953125,5303.4501953125,0
2018-04-16,5375.51708984375,5375.7998046875,5379.14990234375,5287.0498046875,5298.75,0
2018-04-17,5376.01708984375,5376.2998046875,5399.0498046875,5350.2998046875,5393.7998046875,0
2018-04-18,5361.66845703125,5361.9501953125,5401.39990234375,5345.75,5396.64990234375,0
2018-04-19,5401.015625,5401.2998046875,5407.5498046875,5362.7998046875,5380.75,0
2018-04-20,5372.8173828125,5373.10009765625,5388.75,5339.7998046875,5388.10009765625,0
2018-04-23,5385.7666015625,5386.0498046875,5403.10009765625,5358.89990234375,5374.14990234375,0
2018-04-24,5374.01708984375,5374.2998046875,5410.14990234375,5361.75,5402.2998046875,0
2018-04-25,5350.96875,5351.25,5383.4501953125,5333.4501953125,5367.10009765625,0
2018-04-26,5371.61767578125,5371.89990234375,5378.7998046875,5341.85009765625,5374.2998046875,0
2018-04-27,5424.21484375,5424.5,5449.0,5388.85009765625,5392.60009765625,0
2018-04-30,5460.962890625,5461.25,5469.25,5434.35009765625,5444.0498046875,0
2018-05-02,5365.11767578125,5365.39990234375,5474.14990234375,5340.7001953125,5474.14990234375,304600
2018-05-03,5293.421875,5293.7001953125,5362.75,5267.2001953125,5361.89990234375,356800
2018-05-04,5286.17236328125,5286.4501953125,5318.5498046875,5263.64990234375,5291.10009765625,322200
2018-05-07,5344.46923828125,5344.75,5351.4501953125,5282.2998046875,5307.5498046875,0
2018-05-08,5341.26904296875,5341.5498046875,5364.7001953125,5323.5,5364.39990234375,0
2018-05-09,5294.921875,5295.2001953125,5341.10009765625,5288.89990234375,5334.35009765625,0
2018-05-10,5194.67724609375,5194.9501953125,5292.2001953125,5186.10009765625,5288.60009765625,0
2018-05-11,5230.77490234375,5231.0498046875,5237.4501953125,5178.89990234375,5213.14990234375,0
2018-05-14,5166.978515625,5167.25,5229.9501953125,5157.0498046875,5223.0498046875,0
2018-05-15,5111.4814453125,5111.75,5215.60009765625,5074.39990234375,5153.7001953125,0
2018-05-16,5093.4326171875,5093.7001953125,5125.2998046875,5058.2001953125,5087.14990234375,0
2018-05-17,5102.83203125,5103.10009765625,5120.85009765625,5082.0,5109.85009765625,0
2018-05-18,5014.0361328125,5014.2998046875,5097.14990234375,4999.7998046875,5094.25,0
2018-05-21,4935.99072265625,4936.25,5016.0498046875,4915.0,5008.10009765625,0
2018-05-22,4956.88916015625,4957.14990234375,4964.0,4895.85009765625,4941.4501953125,0
2018-05-23,4924.291015625,4924.5498046875,4974.5498046875,4916.14990234375,4952.14990234375,0
2018-05-24,4895.74267578125,4896.0,4944.14990234375,4863.5498046875,4934.60009765625,0
2018-05-25,5018.486328125,5018.75,5031.9501953125,4897.39990234375,4908.7001953125,0
2018-05-28,5085.482421875,5085.75,5096.75,5031.0,5052.14990234375,0
2018-05-29,5047.0849609375,5047.35009765625,5101.89990234375,5021.60009765625,5085.25,0
2018-05-30,5041.43505859375,5041.7001953125,5051.64990234375,5001.35009765625,5007.5498046875,0
2018-05-31,5012.7861328125,5013.0498046875,5064.60009765625,5004.85009765625,5063.14990234375,0
2018-06-01,4953.1396484375,4953.39990234375,5024.5,4923.5,5013.89990234375,0
2018-06-04,4906.7919921875,4907.0498046875,4976.2001953125,4893.0498046875,4972.2998046875,0
2018-06-05,4861.49462890625,4861.75,4921.4501953125,4797.0498046875,4921.2001953125,0
2018-06-06,4924.44140625,4924.7001953125,4936.2998046875,4835.10009765625,4867.14990234375,0
2018-06-07,4992.9873046875,4993.25,5002.10009765625,4943.5,4957.14990234375,0
2018-06-08,5018.38623046875,5018.64990234375,5022.39990234375,4967.85009765625,4982.25,0
2018-06-11,5006.63671875,5006.89990234375,5056.0,4999.39990234375,5034.0,0
2018-06-12,5053.1845703125,5053.4501953125,5060.25,5005.5,5010.35009765625,0
2018-06-13,5038.2353515625,5038.5,5098.39990234375,5032.9501953125,5072.64990234375,0
2018-06-14,5045.134765625,5045.39990234375,5048.89990234375,5009.5498046875,5029.7001953125,0
2018-06-15,5025.8857421875,5026.14990234375,5068.64990234375,5002.25,5052.35009765625,0
2018-06-18,5012.2861328125,5012.5498046875,5050.0,4998.35009765625,5028.60009765625,0
2018-06-19,4944.7900390625,4945.0498046875,5004.0,4927.25,4995.5,0
2018-06-20,4977.1884765625,4977.4501953125,4979.75,4933.5498046875,4948.64990234375,0
2018-06-21,4943.14013671875,4943.39990234375,4993.7998046875,4935.2998046875,4991.25,0
2018-06-22,4961.83935546875,4962.10009765625,4965.5498046875,4904.0498046875,4945.39990234375,0
2018-06-25,4940.990234375,4941.25,4987.60009765625,4931.0,4961.89990234375,0
2018-06-26,4941.89013671875,4942.14990234375,4955.9501953125,4909.89990234375,4926.4501953125,0
2018-06-27,4856.8447265625,4857.10009765625,4948.4501953125,4832.7998046875,4948.4501953125,0
2018-06-28,4754.14990234375,4754.39990234375,4852.2001953125,4741.7998046875,4847.5,0
2018-06-29,4850.4453125,4850.7001953125,4856.10009765625,4778.0,4779.0,0
2018-07-02,4820.49658203125,4820.75,4874.10009765625,4777.35009765625,4874.10009765625,0
2018-07-03,4883.54296875,4883.7998046875,4892.25,4796.2001953125,4811.85009765625,0
2018-07-04,4898.79248046875,4899.0498046875,4904.7998046875,4860.35009765625,4891.2001953125,0
2018-07-05,4843.544921875,4843.7998046875,4911.0,4835.0,4909.0,0
2018-07-06,4877.59375,4877.85009765625,4905.14990234375,4835.2998046875,4839.64990234375,0
2018-07-09,4968.53857421875,4968.7998046875,4973.7998046875,4906.10009765625,4910.0,0
2018-07-10,4999.537109375,4999.7998046875,5010.5498046875,4978.85009765625,4990.9501953125,0
2018-07-11,4955.58935546875,4955.85009765625,5005.89990234375,4942.7998046875,4993.75,0
2018-07-12,4930.54052734375,4930.7998046875,5005.10009765625,4919.89990234375,4985.5,0
2018-07-13,4864.2939453125,4864.5498046875,4947.0,4853.5498046875,4946.0,0
2018-07-16,4729.1015625,4729.35009765625,4857.60009765625,4725.0498046875,4857.60009765625,0
2018-07-17,4882.443359375,4882.7001953125,4886.39990234375,4706.7998046875,4727.60009765625,0
2018-07-18,4801.49755859375,4801.75,4923.2998046875,4754.60009765625,4908.75,0
2018-07-19,4760.79931640625,4761.0498046875,4810.7998046875,4713.4501953125,4808.2001953125,0
2018-07-20,4797.84765625,4798.10009765625,4807.85009765625,4734.75,4753.35009765625,0
2018-07-23,4844.294921875,4844.5498046875,4849.25,4754.25,4813.0498046875,0
2018-07-24,4898.74267578125,4899.0,4909.10009765625,4836.2998046875,4851.2001953125,0
2018-07-25,4890.79248046875,4891.0498046875,4932.0,4880.25,4912.35009765625,0
2018-07-26,4932.8408203125,4933.10009765625,4944.39990234375,4893.2001953125,4900.39990234375,0
2018-07-27,4982.837890625,4983.10009765625,5003.39990234375,4953.85009765625,4953.89990234375,0
2018-07-30,4996.08740234375,4996.35009765625,5003.7998046875,4957.5498046875,4993.0498046875,0
2018-07-31,5010.63623046875,5010.89990234375,5021.64990234375,4981.5498046875,5002.5498046875,0
2018-08-01,4996.7373046875,4997.0,5043.14990234375,4979.85009765625,5027.0498046875,0
2018-08-02,4997.537109375,4997.7998046875,5031.0498046875,4937.0498046875,4993.14990234375,0
2018-08-03,5039.134765625,5039.39990234375,5064.75,5017.85009765625,5020.2998046875,0
2018-08-06,5049.734375,5050.0,5078.39990234375,5028.25,5066.85009765625,0
2018-08-07,5019.7861328125,5020.0498046875,5069.85009765625,4992.35009765625,5066.10009765625,0
2018-08-08,5025.6357421875,5025.89990234375,5042.5,5009.7998046875,5029.85009765625,0
2018-08-09,5065.48388671875,5065.75,5076.89990234375,5036.5,5052.5498046875,0
2018-08-10,5037.38525390625,5037.64990234375,5083.2001953125,5027.2998046875,5076.5,0
2018-08-13,5021.43603515625,5021.7001953125,5057.60009765625,4974.7001953125,5001.25,0
2018-08-14,5094.73193359375,5095.0,5103.14990234375,5029.14990234375,5038.5498046875,0
2018-08-16,5102.23193359375,5102.5,5131.2001953125,5066.4501953125,5078.5498046875,232800
2018-08-17,5162.62841796875,5162.89990234375,5166.85009765625,5125.7001953125,5129.64990234375,294100
2018-08-20,5223.67578125,5223.9501953125,5227.4501953125,5178.7001953125,5183.2001953125,296300
2018-08-21,5228.77490234375,5229.0498046875,5246.2001953125,5214.0498046875,5240.9501953125,224600
2018-08-23,5222.87548828125,5223.14990234375,5243.89990234375,5180.89990234375,5243.89990234375,0
2018-08-24,5219.82568359375,5220.10009765625,5253.7001953125,5183.0498046875,5222.9501953125,0
2018-08-27,5280.47216796875,5280.75,5290.89990234375,5240.0498046875,5250.64990234375,0
2018-08-28,5272.2724609375,5272.5498046875,5304.75,5252.39990234375,5294.7001953125,0
2018-08-29,5321.1201171875,5321.39990234375,5349.0,5279.39990234375,5281.25,0
2018-08-30,5330.169921875,5330.4501953125,5350.9501953125,5307.5,5331.14990234375,0
2018-08-31,5345.1689453125,5345.4501953125,5366.85009765625,5302.9501953125,5330.10009765625,0
2018-09-03,5311.0205078125,5311.2998046875,5387.89990234375,5298.64990234375,5375.85009765625,253300
2018-09-04,5147.279296875,5147.5498046875,5322.75,5133.85009765625,5317.85009765625,0
2018-09-05,5139.43017578125,5139.7001953125,5172.60009765625,5041.4501953125,5139.5498046875,0
2018-09-06,5154.77880859375,5155.0498046875,5179.2998046875,5099.64990234375,5170.60009765625,0
2018-09-07,5233.62451171875,5233.89990234375,5241.0,5130.60009765625,5160.75,0
2018-09-10,5119.880859375,5120.14990234375,5248.64990234375,5109.2001953125,5225.5498046875,0
2018-09-11,5051.83447265625,5052.10009765625,5152.85009765625,5043.10009765625,5132.9501953125,0
2018-09-12,5083.3828125,5083.64990234375,5098.14990234375,4982.5,5060.5498046875,0
2018-09-14,5182.77734375,5183.0498046875,5188.7998046875,5117.39990234375,5117.39990234375,0
2018-09-17,5153.52880859375,5153.7998046875,5184.2998046875,5115.35009765625,5163.7001953125,0
2018-09-18,5076.73291015625,5077.0,5181.25,5069.0498046875,5157.89990234375,0
2018-09-19,5042.884765625,5043.14990234375,5120.2001953125,5013.7001953125,5106.85009765625,0
2018-09-21,4892.392578125,4892.64990234375,5096.5498046875,4624.89990234375,5082.25,0
2018-09-24,4780.1484375,4780.39990234375,4920.5,4756.5498046875,4913.10009765625,0
2018-09-25,4807.697265625,4807.9501953125,4832.2001953125,4702.7998046875,4770.64990234375,0
2018-09-26,4837.29541015625,4837.5498046875,4862.39990234375,4791.0498046875,4846.0498046875,0
2018-09-27,4729.1513671875,4729.39990234375,4844.85009765625,4722.85009765625,4840.2998046875,0
2018-09-28,4622.60693359375,4622.85009765625,4764.75,4571.64990234375,4753.2001953125,0
2018-10-01,4711.45263671875,4711.7001953125,4721.64990234375,4502.7001953125,4611.9501953125,0
2018-10-03,4650.20556640625,4650.4501953125,4733.14990234375,4638.0498046875,4696.60009765625,292900
2018-10-04,4553.060546875,4553.2998046875,4624.7001953125,4504.2998046875,4584.2001953125,0
2018-10-05,4407.26806640625,4407.5,4553.75,4382.4501953125,4530.14990234375,0
2018-10-08,4366.87060546875,4367.10009765625,4433.4501953125,4288.7998046875,4379.9501953125,0
2018-10-09,4368.3203125,4368.5498046875,4414.2998046875,4307.7998046875,4377.2001953125,0
2018-10-10,4574.609375,4574.85009765625,4584.85009765625,4380.5498046875,4380.75,0
2018-10-11,4434.31689453125,4434.5498046875,4539.39990234375,4382.0,4399.4501953125,0
2018-10-12,4561.16015625,4561.39990234375,4583.35009765625,4479.89990234375,4480.64990234375,0
2018-10-15,4592.05859375,4592.2998046875,4606.5498046875,4526.7998046875,4586.85009765625,0
2018-10-16,4648.9052734375,4649.14990234375,4653.0498046875,4602.75,4616.39990234375,0
2018-10-17,4538.4111328125,4538.64990234375,4704.0498046875,4531.35009765625,4699.7998046875,0
2018-10-19,4490.01416015625,4490.25,4552.25,4428.2998046875,4503.9501953125,0
2018-10-22,4446.56591796875,4446.7998046875,4528.64990234375,4436.2998046875,4519.7998046875,0
2018-10-23,4412.1181640625,4412.35009765625,4464.0,4367.0,4407.85009765625,0
2018-10-24,4481.6142578125,4481.85009765625,4490.89990234375,4420.64990234375,4456.7998046875,0
2018-10-25,4462.11572265625,4462.35009765625,4495.25,4410.25,4432.5,0
2018-10-26,4444.166015625,4444.39990234375,4510.7998046875,4384.89990234375,4459.7998046875,0
2018-10-29,4614.20751953125,4614.4501953125,4620.75,4439.7001953125,4457.7998046875,0
2018-10-30,4653.1552734375,4653.39990234375,4682.39990234375,4604.85009765625,4619.7001953125,0
2018-10-31,4730.6513671875,4730.89990234375,4734.89990234375,4618.9501953125,4678.89990234375,0
2018-11-01,4758.25,4758.5,4785.75,4730.75,4742.85009765625,0
2018-11-02,4781.24853515625,4781.5,4875.10009765625,4765.89990234375,4810.35009765625,0
2018-11-05,4765.99951171875,4766.25,4806.0498046875,4736.85009765625,4775.2998046875,0
2018-11-06,4745.20068359375,4745.4501953125,4796.14990234375,4733.7998046875,4777.64990234375,0
2018-11-07,4772.7490234375,4773.0,4783.9501953125,4763.85009765625,4780.35009765625,0
2018-11-09,4830.34619140625,4830.60009765625,4838.0498046875,4760.7998046875,4775.75,0
2018-11-12,4782.49853515625,4782.75,4864.0498046875,4770.35009765625,4839.89990234375,0
2018-11-13,4807.84716796875,4808.10009765625,4813.25,4714.10009765625,4765.9501953125,0
2018-11-14,4801.3974609375,4801.64990234375,4851.10009765625,4783.7001953125,4844.85009765625,0
2018-11-15,4833.39599609375,4833.64990234375,4841.25,4762.10009765625,4806.5498046875,0
2018-11-16,4806.697265625,4806.9501953125,4850.64990234375,4777.5,4839.4501953125,0
2018-11-19,4840.44580078125,4840.7001953125,4849.0,4790.2001953125,4818.7998046875,0
2018-11-20,4786.44873046875,4786.7001953125,4857.64990234375,4776.75,4823.4501953125,0
2018-11-21,4835.345703125,4835.60009765625,4841.25,4776.60009765625,4798.10009765625,0
2018-11-22,4779.8486328125,4780.10009765625,4855.0498046875,4772.7001953125,4846.4501953125,0
2018-11-26,4791.84814453125,4792.10009765625,4810.60009765625,4749.10009765625,4798.39990234375,0
2018-11-27,4813.4970703125,4813.75,4818.35009765625,4779.2998046875,4788.75,0
2018-11-28,4740.65087890625,4740.89990234375,4822.7998046875,4734.14990234375,4816.25,0
2018-11-29,4760.99951171875,4761.25,4768.25,4731.9501953125,4762.39990234375,0
2018-11-30,4779.74853515625,4780.0,4796.64990234375,4762.39990234375,4775.85009765625,0
2018-12-03,4815.646484375,4815.89990234375,4841.2998046875,4779.35009765625,4801.2998046875,0
2018-12-04,4795.248046875,4795.5,4826.9501953125,4789.7001953125,4818.60009765625,0
2018-12-05,4706.30224609375,4706.5498046875,4774.5,4681.39990234375,4763.7998046875,0
2018-12-06,4620.70703125,4620.9501953125,4678.7998046875,4613.89990234375,4678.7998046875,0
2018-12-07,4630.6064453125,4630.85009765625,4655.25,4579.2998046875,4638.60009765625,0
2018-12-10,4552.41064453125,4552.64990234375,4582.10009765625,4525.35009765625,4541.0498046875,0
2018-12-11,4634.20654296875,4634.4501953125,4646.25,4485.75,4486.5498046875,0
2018-12-12,4753.25,4753.5,4759.64990234375,4651.89990234375,4653.25,0
2018-12-13,4772.39892578125,4772.64990234375,4817.4501953125,4742.75,4781.25,0
2018-12-14,4791.748046875,4792.0,4804.5,4752.25,4771.14990234375,0
2018-12-17,4824.396484375,4824.64990234375,4833.7998046875,4798.85009765625,4807.0498046875,0
2018-12-18,4846.6953125,4846.9501953125,4852.2001953125,4806.39990234375,4811.10009765625,0
2018-12-19,4929.04052734375,4929.2998046875,4937.35009765625,4872.35009765625,4874.7998046875,0
2018-12-20,4944.84033203125,4945.10009765625,4960.4501953125,4887.0,4899.5498046875,0
2018-12-21,4844.4453125,4844.7001953125,4980.85009765625,4837.35009765625,4958.64990234375,0
2018-12-24,4815.646484375,4815.89990234375,4861.7998046875,4803.0,4858.5,0
2018-12-26,4825.6962890625,4825.9501953125,4836.4501953125,4720.25,4802.85009765625,0
2018-12-27,4853.64453125,4853.89990234375,4869.0498046875,4820.0498046875,4863.64990234375,0
2018-12-28,4911.6416015625,4911.89990234375,4920.5498046875,4873.85009765625,4875.35009765625,0
2018-12-31,4930.69091796875,4930.9501953125,4954.39990234375,4923.9501953125,4936.10009765625,0
2019-01-02,4859.79443359375,4860.0498046875,4938.14990234375,4849.5,4917.5498046875,0
2019-01-03,4805.74755859375,4806.0,4884.2998046875,4798.5,4863.75,0
2019-01-04,4847.4453125,4847.7001953125,4853.39990234375,4785.2998046875,4817.14990234375,0
2019-01-07,4848.89501953125,4849.14990234375,4885.35009765625,4838.0498046875,4879.7998046875,0
2019-01-08,4862.244140625,4862.5,4865.7001953125,4833.25,4854.4501953125,179900
2019-01-09,4862.84423828125,4863.10009765625,4887.0,4827.35009765625,4880.39990234375,0
2019-01-10,4880.3935546875,4880.64990234375,4891.2001953125,4854.5,4862.9501953125,0
2019-01-11,4875.44384765625,4875.7001953125,4888.7998046875,4851.35009765625,4882.64990234375,0
2019-01-14,4858.8447265625,4859.10009765625,4865.7998046875,4825.35009765625,4864.60009765625,0
2019-01-15,4894.8427734375,4895.10009765625,4899.0498046875,4870.0,4871.75,0
2019-01-16,4889.892578125,4890.14990234375,4923.9501953125,4883.0498046875,4894.5,0
2019-01-17,4875.34375,4875.60009765625,4909.5498046875,4849.14990234375,4902.60009765625,0
2019-01-18,4853.04443359375,4853.2998046875,4888.9501953125,4844.64990234375,4888.35009765625,0
2019-01-21,4828.0458984375,4828.2998046875,4878.5,4817.7998046875,4860.5498046875,0
2019-01-22,4815.69677734375,4815.9501953125,4820.4501953125,4765.25,4818.5498046875,0
2019-01-23,4795.59814453125,4795.85009765625,4838.25,4789.10009765625,4821.10009765625,0
2019-01-24,4790.84814453125,4791.10009765625,4813.7001953125,4778.4501953125,4802.64990234375,0
2019-01-25,4712.3525390625,4712.60009765625,4815.9501953125,4691.39990234375,4806.2998046875,0
2019-01-28,4613.857421875,4614.10009765625,4717.0,4605.39990234375,4715.75,0
2019-01-29,4645.4560546875,4645.7001953125,4664.35009765625,4586.39990234375,4594.64990234375,0
2019-01-30,4661.15478515625,4661.39990234375,4672.5,4622.0,4655.4501953125,0
2019-01-31,4688.853515625,4689.10009765625,4703.39990234375,4627.35009765625,4681.60009765625,0
2019-02-01,4719.60205078125,4719.85009765625,4764.10009765625,4665.4501953125,4701.64990234375,317300
2019-02-04,4680.4541015625,4680.7001953125,4710.7001953125,4640.25,4710.7001953125,0
2019-02-05,4631.75634765625,4632.0,4707.89990234375,4611.14990234375,4681.39990234375,0
2019-02-06,4622.35693359375,4622.60009765625,4637.7001953125,4561.0498046875,4629.0498046875,0
2019-02-07,4658.0048828125,4658.25,4683.5498046875,4615.89990234375,4622.2998046875,0
2019-02-08,4568.509765625,4568.75,4655.14990234375,4560.10009765625,4640.9501953125,0
2019-02-11,4491.86376953125,4492.10009765625,4564.5498046875,4481.39990234375,4561.64990234375,0
2019-02-12,4503.61328125,4503.85009765625,4524.4501953125,4483.64990234375,4497.39990234375,0
2019-02-14,4506.76318359375,4507.0,4514.85009765625,4450.64990234375,4468.4501953125,0
2019-02-15,4445.01611328125,4445.25,4506.5,4409.2001953125,4506.5,0
2019-02-18,4405.11865234375,4405.35009765625,4453.7001953125,4401.89990234375,4448.10009765625,0
2019-02-19,4429.01708984375,4429.25,4473.10009765625,4406.2001953125,4406.2001953125,0
2019-02-20,4467.81494140625,4468.0498046875,4473.25,4432.7001953125,4451.0,0
2019-02-21,4512.41259765625,4512.64990234375,4520.25,4470.7001953125,4489.4501953125,0
2019-02-22,4540.71142578125,4540.9501953125,4543.9501953125,4508.5498046875,4512.5498046875,0
2019-02-25,4564.46044921875,4564.7001953125,4573.5,4539.7001953125,4555.7998046875,0
2019-02-26,4565.009765625,4565.25,4588.89990234375,4458.60009765625,4524.0,0
2019-02-27,4582.80908203125,4583.0498046875,4653.85009765625,4551.39990234375,4591.7001953125,0
2019-02-28,4608.65771484375,4608.89990234375,4616.64990234375,4568.7001953125,4602.7001953125,0
2019-03-01,4697.0029296875,4697.25,4700.2001953125,4622.60009765625,4625.35009765625,0
2019-03-05,4811.89697265625,4812.14990234375,4815.0498046875,4695.39990234375,4703.35009765625,0
2019-03-06,4846.9951171875,4847.25,4868.5498046875,4819.89990234375,4840.2001953125,0
2019-03-07,4820.19677734375,4820.4501953125,4861.7001953125,4812.7998046875,4861.7001953125,0
2019-03-08,4795.248046875,4795.5,4828.0498046875,4773.4501953125,4816.0498046875,0
2019-03-11,4911.841796875,4912.10009765625,4916.89990234375,4810.9501953125,4812.2998046875,0
2019-03-12,4917.69189453125,4917.9501953125,4957.5498046875,4904.14990234375,4940.25,0
2019-03-13,4884.34326171875,4884.60009765625,4927.4501953125,4877.64990234375,4921.25,0
2019-03-14,4889.84326171875,4890.10009765625,4915.5,4860.10009765625,4898.5498046875,0
2019-03-15,4932.54052734375,4932.7998046875,4948.14990234375,4904.75,4906.2001953125,0
2019-03-18,4922.7412109375,4923.0,4968.39990234375,4907.0,4955.2001953125,0
2019-03-19,4962.689453125,4962.9501953125,4975.64990234375,4922.9501953125,4946.85009765625,0
2019-03-20,4933.99072265625,4934.25,4971.7998046875,4924.75,4971.64990234375,0
2019-03-22,4897.19287109375,4897.4501953125,4965.89990234375,4891.5498046875,4945.0498046875,0
2019-03-25,4884.443359375,4884.7001953125,4894.14990234375,4839.5,4860.9501953125,0
2019-03-26,4956.189453125,4956.4501953125,4964.5,4893.0,4897.35009765625,0
2019-03-27,4973.83837890625,4974.10009765625,5015.35009765625,4968.0498046875,4978.0498046875,0
2019-03-28,5024.5859375,5024.85009765625,5044.39990234375,4983.2998046875,4986.7998046875,0
2019-04-01,5096.6318359375,5096.89990234375,5134.2998046875,5084.89990234375,5098.0,0
2019-04-02,5102.58203125,5102.85009765625,5122.89990234375,5071.4501953125,5109.2998046875,0
2019-04-03,5035.88525390625,5036.14990234375,5137.4501953125,5025.25,5119.0498046875,0
2019-04-04,5026.23583984375,5026.5,5061.2998046875,5007.4501953125,5045.2998046875,0
2019-04-05,5078.98291015625,5079.25,5085.60009765625,5043.25,5044.2998046875,0
2019-04-08,5037.38525390625,5037.64990234375,5101.60009765625,5018.9501953125,5101.14990234375,0
2019-04-09,5066.38330078125,5066.64990234375,5070.7998046875,4996.9501953125,5040.75,0
2019-04-10,5039.0849609375,5039.35009765625,5078.64990234375,5031.5498046875,5053.60009765625,0
2019-04-11,5030.435546875,5030.7001953125,5052.4501953125,5006.7001953125,5040.5498046875,0
2019-04-12,5061.93408203125,5062.2001953125,5068.0,5031.5,5035.60009765625,0
2019-04-15,5083.3828125,5083.64990234375,5094.75,5066.75,5074.9501953125,0
2019-04-16,5087.6826171875,5087.9501953125,5104.5498046875,5083.9501953125,5092.5498046875,0
2019-04-18,5033.7353515625,5034.0,5102.7001953125,5018.5498046875,5102.5,0
2019-04-22,4927.29052734375,4927.5498046875,5016.4501953125,4918.14990234375,5016.35009765625,0
2019-04-23,4928.99072265625,4929.25,4962.2998046875,4902.7001953125,4930.0498046875,0
2019-04-24,4941.990234375,4942.25,4951.25,4905.0498046875,4940.10009765625,0
2019-04-25,4914.54150390625,4914.7998046875,4970.39990234375,4907.14990234375,4949.9501953125,0
2019-04-26,4916.99169921875,4917.25,4937.4501953125,4878.5,4933.60009765625,0
2019-04-30,4862.1943359375,4862.4501953125,4917.25,4831.75,4917.25,0
2019-05-02,4823.396484375,4823.64990234375,4880.89990234375,4812.5,4843.7001953125,0
2019-05-03,4841.69580078125,4841.9501953125,4855.9501953125,4819.4501953125,4830.5498046875,0
2019-05-06,4808.197265625,4808.4501953125,4830.39990234375,4793.75,4810.10009765625,0
2019-05-07,4741.70068359375,4741.9501953125,4839.5,4733.9501953125,4832.9501953125,0
2019-05-08,4695.703125,4695.9501953125,4746.14990234375,4684.2001953125,4726.7001953125,0
2019-05-09,4695.302734375,4695.5498046875,4712.89990234375,4662.39990234375,4685.9501953125,0
2019-05-10,4708.15234375,4708.39990234375,4726.9501953125,4688.10009765625,4696.25,0
2019-05-13,4588.708984375,4588.9501953125,4694.7001953125,4580.2001953125,4690.60009765625,0
2019-05-14,4621.806640625,4622.0498046875,4642.5498046875,4533.2998046875,4578.85009765625,0
2019-05-15,4584.7587890625,4585.0,4649.2998046875,4574.85009765625,4630.85009765625,0
2019-05-16,4602.60791015625,4602.85009765625,4613.89990234375,4546.85009765625,4595.5,0
2019-05-17,4673.75439453125,4674.0,4676.60009765625,4594.14990234375,4605.35009765625,0
2019-05-20,4881.943359375,4882.2001953125,4885.9501953125,4788.64990234375,4798.60009765625,0
2019-05-21,4804.54736328125,4804.7998046875,4895.7001953125,4789.9501953125,4895.7001953125,0
2019-05-22,4793.09814453125,4793.35009765625,4813.85009765625,4740.4501953125,4804.14990234375,0
2019-05-23,4788.2978515625,4788.5498046875,4945.5,4770.4501953125,4867.14990234375,0
2019-05-24,4909.341796875,4909.60009765625,4919.25,4796.4501953125,4815.85009765625,0
2019-05-27,5000.9375,5001.2001953125,5006.7998046875,4911.35009765625,4919.89990234375,278200
2019-05-28,4991.78759765625,4992.0498046875,5028.85009765625,4979.2998046875,5015.5,0
2019-05-29,4936.24072265625,4936.5,4986.5,4928.0,4984.35009765625,0
2019-05-30,4965.98876953125,4966.25,4973.85009765625,4935.35009765625,4945.64990234375,0
2019-05-31,4962.5390625,4962.7998046875,5012.2998046875,4917.4501953125,4979.2001953125,0
2019-06-03,5004.5869140625,5004.85009765625,5009.5,4941.2001953125,4966.0498046875,0
2019-06-04,5011.33642578125,5011.60009765625,5052.60009765625,4991.39990234375,4996.85009765625,0
2019-06-06,4917.24169921875,4917.5,5011.35009765625,4906.4501953125,5009.9501953125,354600
2019-06-07,4920.44140625,4920.7001953125,4946.5,4863.5498046875,4917.0498046875,0
2019-06-10,4922.39111328125,4922.64990234375,4965.35009765625,4900.25,4946.14990234375,0
2019-06-11,4958.9892578125,4959.25,4967.7001953125,4903.75,4936.4501953125,0
2019-06-12,4918.041015625,4918.2998046875,4966.85009765625,4913.5498046875,4953.0,0
2019-06-13,4897.19287109375,4897.4501953125,4913.85009765625,4841.5,4905.75,0
2019-06-14,4853.5947265625,4853.85009765625,4902.0,4845.10009765625,4894.5,0
2019-06-17,4791.6982421875,4791.9501953125,4858.14990234375,4787.75,4856.89990234375,0
2019-06-18,4797.29736328125,4797.5498046875,4832.0498046875,4776.25,4795.10009765625,0
2019-06-19,4753.7001953125,4753.9501953125,4840.9501953125,4727.5,4820.75,0
2019-06-20,4838.69580078125,4838.9501953125,4845.5498046875,4731.4501953125,4758.64990234375,0
2019-06-21,4812.9970703125,4813.25,4837.7998046875,4787.0498046875,4833.5,0
2019-06-24,4802.69775390625,4802.9501953125,4824.0498046875,4786.5,4809.2001953125,0
2019-06-25,4838.8955078125,4839.14990234375,4842.7001953125,4788.25,4795.5,0
2019-06-26,4885.943359375,4886.2001953125,4890.39990234375,4827.5498046875,4834.4501953125,0
2019-06-27,4904.9921875,4905.25,4919.75,4877.2001953125,4896.2998046875,0
2019-06-28,4871.74365234375,4872.0,4918.0,4862.0498046875,4910.14990234375,0
2019-07-01,4891.69287109375,4891.9501953125,4903.2998046875,4867.7998046875,4889.25,0
2019-07-02,4913.54150390625,4913.7998046875,4917.2001953125,4870.7998046875,4905.0498046875,0
2019-07-03,4938.89013671875,4939.14990234375,4945.0,4908.85009765625,4920.7998046875,0
2019-07-04,4928.69091796875,4928.9501953125,4958.39990234375,4922.5498046875,4943.60009765625,247053000
2019-07-05,4837.69580078125,4837.9501953125,4943.7998046875,4826.10009765625,4941.14990234375,0
2019-07-08,4704.6025390625,4704.85009765625,4804.5,4690.7001953125,4800.39990234375,0
2019-07-09,4733.0009765625,4733.25,4741.2001953125,4665.7001953125,4686.64990234375,0
2019-07-10,4674.8544921875,4675.10009765625,4752.85009765625,4669.7998046875,4735.2001953125,0
2019-07-11,4707.80224609375,4708.0498046875,4712.10009765625,4675.5498046875,4695.9501953125,0
2019-07-12,4738.35107421875,4738.60009765625,4763.25,4706.89990234375,4714.60009765625,0
2019-07-15,4693.00341796875,4693.25,4751.0,4659.75,4747.25,0
2019-07-16,4739.10107421875,4739.35009765625,4741.89990234375,4683.5498046875,4690.64990234375,0
2019-07-17,4731.4013671875,4731.64990234375,4759.89990234375,4702.75,4742.0,0
2019-07-18,4619.9072265625,4620.14990234375,4721.2001953125,4614.75,4720.89990234375,0
2019-07-19,4503.86328125,4504.10009765625,4650.60009765625,4493.85009765625,4639.10009765625,0
2019-07-22,4491.11376953125,4491.35009765625,4502.2001953125,4439.39990234375,4496.4501953125,270900
2019-07-23,4453.8154296875,4454.0498046875,4508.9501953125,4436.25,4500.25,0
2019-07-24,4369.919921875,4370.14990234375,4465.2001953125,4360.39990234375,4446.0498046875,0
2019-07-25,4385.16943359375,4385.39990234375,4409.85009765625,4366.89990234375,4369.0498046875,0
2019-07-26,4420.86767578125,4421.10009765625,4437.2001953125,4369.4501953125,4378.9501953125,0
2019-07-29,4371.77001953125,4372.0,4423.9501953125,4361.85009765625,4420.2001953125,0
2019-07-30,4272.92529296875,4273.14990234375,4402.60009765625,4266.60009765625,4379.4501953125,0
2019-07-31,4355.02099609375,4355.25,4360.4501953125,4226.9501953125,4249.75,0
2019-08-01,4301.673828125,4301.89990234375,4362.7001953125,4252.60009765625,4332.9501953125,0
2019-08-02,4294.07421875,4294.2998046875,4340.2998046875,4223.25,4275.35009765625,324500
2019-08-05,4226.82763671875,4227.0498046875,4263.60009765625,4173.9501953125,4259.35009765625,0
2019-08-06,4317.1728515625,4317.39990234375,4329.2001953125,4205.14990234375,4205.14990234375,0
2019-08-07,4257.42626953125,4257.64990234375,4359.75,4250.0498046875,4324.14990234375,0
2019-08-08,4293.92431640625,4294.14990234375,4307.35009765625,4225.2998046875,4270.5498046875,0
2019-08-09,4335.671875,4335.89990234375,4375.5,4316.25,4316.25,0
2019-08-13,4209.82861328125,4210.0498046875,4341.60009765625,4203.25,4341.0,0
2019-08-14,4271.525390625,4271.75,4279.2001953125,4210.35009765625,4231.5498046875,0
2019-08-16,4308.8232421875,4309.0498046875,4315.5498046875,4224.4501953125,4253.0498046875,0
2019-08-19,4318.07275390625,4318.2998046875,4350.35009765625,4313.25,4325.2001953125,0
2019-08-20,4276.275390625,4276.5,4281.5,4259.5,4280.4501953125,0
2019-08-21,4201.529296875,4201.75,4273.7001953125,4193.85009765625,4272.5498046875,0
2019-08-22,4120.13330078125,4120.35009765625,4195.2001953125,4104.64990234375,4187.10009765625,0
2019-08-23,4205.4287109375,4205.64990234375,4221.7001953125,4077.39990234375,4109.4501953125,0
2019-08-26,4279.6748046875,4279.89990234375,4289.14990234375,4175.75,4281.4501953125,0
2019-08-27,4301.77392578125,4302.0,4331.5,4289.14990234375,4297.10009765625,0
2019-08-28,4237.02734375,4237.25,4325.14990234375,4217.5498046875,4306.9501953125,0
2019-08-29,4220.578125,4220.7998046875,4237.5498046875,4167.2998046875,4225.60009765625,0
2019-08-30,4261.32568359375,4261.5498046875,4269.89990234375,4196.0498046875,4234.14990234375,0
2019-09-03,4174.08056640625,4174.2998046875,4232.85009765625,4165.35009765625,4225.5,0
2019-09-04,4196.9794921875,4197.2001953125,4201.39990234375,4133.35009765625,4170.10009765625,0
2019-09-05,4206.87890625,4207.10009765625,4229.4501953125,4192.14990234375,4204.0,0
2019-09-06,4254.7763671875,4255.0,4259.35009765625,4207.89990234375,4222.89990234375,0
2019-09-09,4314.623046875,4314.85009765625,4320.85009765625,4237.35009765625,4255.10009765625,0
2019-09-11,4364.87060546875,4365.10009765625,4369.75,4320.7001953125,4320.85009765625,0
2019-09-12,4345.67138671875,4345.89990234375,4399.4501953125,4340.85009765625,4382.89990234375,0
2019-09-13,4366.720703125,4366.9501953125,4371.2998046875,4287.5498046875,4358.2001953125,0
2019-09-16,4341.671875,4341.89990234375,4378.35009765625,4332.25,4340.7998046875,0
2019-09-17,4247.77685546875,4248.0,4357.10009765625,4240.85009765625,4345.5498046875,0
2019-09-18,4255.5263671875,4255.75,4280.0,4228.5,4264.4501953125,0
2019-09-19,4183.2802734375,4183.5,4262.85009765625,4169.5498046875,4259.7001953125,0
2019-09-20,4452.666015625,4452.89990234375,4484.5498046875,4148.35009765625,4192.39990234375,0
2019-09-23,4581.359375,4581.60009765625,4616.5498046875,4507.75,4510.7001953125,0
2019-09-24,4554.7109375,4554.9501953125,4623.5,4526.0498046875,4601.4501953125,0
2019-09-25,4458.66552734375,4458.89990234375,4541.85009765625,4443.75,4539.2998046875,0
2019-09-26,4503.9130859375,4504.14990234375,4514.25,4458.85009765625,4467.75,0
2019-09-27,4460.91552734375,4461.14990234375,4517.64990234375,4454.25,4504.85009765625,0
2019-09-30,4393.76904296875,4394.0,4467.5498046875,4351.89990234375,4467.14990234375,0
2019-10-01,4304.92333984375,4305.14990234375,4433.9501953125,4231.85009765625,4408.2001953125,369500
2019-10-03,4303.423828125,4303.64990234375,4332.9501953125,4259.5498046875,4282.89990234375,0
2019-10-04,4237.02734375,4237.25,4334.39990234375,4228.39990234375,4324.2001953125,0
2019-10-07,4221.77783203125,4222.0,4241.7998046875,4189.14990234375,4236.9501953125,0
2019-10-09,4306.2734375,4306.5,4312.14990234375,4189.60009765625,4225.7998046875,0
2019-10-10,4254.92626953125,4255.14990234375,4309.2998046875,4249.14990234375,4289.9501953125,0
2019-10-11,4254.37646484375,4254.60009765625,4294.0498046875,4223.75,4267.2998046875,0
2019-10-14,4268.525390625,4268.75,4306.25,4258.5,4263.5,0
2019-10-15,4290.42431640625,4290.64990234375,4300.9501953125,4244.2001953125,4275.0498046875,0
2019-10-16,4275.17529296875,4275.39990234375,4313.7001953125,4255.64990234375,4301.4501953125,0
2019-10-17,4367.8203125,4368.0498046875,4376.5498046875,4261.25,4275.64990234375,0
2019-10-18,4464.76513671875,4465.0,4478.10009765625,4362.0,4367.5,0
2019-10-22,4457.3154296875,4457.5498046875,4502.75,4450.5498046875,4461.4501953125,0
2019-10-23,4460.2158203125,4460.4501953125,4486.0,4418.35009765625,4451.64990234375,0
2019-10-24,4445.51611328125,4445.75,4487.4501953125,4421.7001953125,4474.4501953125,0
2019-10-25,4447.06591796875,4447.2998046875,4469.9501953125,4419.39990234375,4456.14990234375,0
2019-10-29,4538.81103515625,4539.0498046875,4558.10009765625,4459.25,4473.2998046875,0
2019-10-30,4578.609375,4578.85009765625,4589.5,4543.9501953125,4562.39990234375,0
2019-10-31,4639.4560546875,4639.7001953125,4659.2998046875,4591.2998046875,4596.5,0
2019-11-01,4657.20556640625,4657.4501953125,4685.75,4640.75,4648.2001953125,0
2019-11-04,4654.70556640625,4654.9501953125,4708.64990234375,4644.9501953125,4670.7998046875,0
2019-11-05,4596.908203125,4597.14990234375,4676.64990234375,4590.10009765625,4664.4501953125,0
2019-11-06,4599.20849609375,4599.4501953125,4625.0,4566.0,4595.0498046875,0
2019-11-07,4630.3564453125,4630.60009765625,4635.2998046875,4604.7998046875,4627.5498046875,362200
2019-11-08,4595.408203125,4595.64990234375,4663.7998046875,4589.14990234375,4629.2998046875,0
2019-11-11,4625.306640625,4625.5498046875,4630.75,4580.39990234375,4592.75,0
2019-11-13,4547.810546875,4548.0498046875,4631.14990234375,4541.85009765625,4626.60009765625,0
2019-11-14,4572.009765625,4572.25,4587.0498046875,4527.10009765625,4550.39990234375,0
2019-11-15,4596.45849609375,4596.7001953125,4618.5,4584.10009765625,4588.0,0
2019-11-18,4638.90625,4639.14990234375,4648.25,4603.64990234375,4611.0498046875,0
2019-11-19,4648.255859375,4648.5,4657.9501953125,4630.75,4647.2998046875,0
2019-11-20,4668.654296875,4668.89990234375,4692.60009765625,4654.89990234375,4664.0,0
2019-11-21,4616.607421875,4616.85009765625,4692.14990234375,4611.75,4674.89990234375,0
2019-11-22,4618.607421875,4618.85009765625,4621.5,4589.2001953125,4618.89990234375,0
2019-11-25,4679.00390625,4679.25,4682.60009765625,4620.7998046875,4625.5498046875,0
2019-11-26,4638.40625,4638.64990234375,4714.9501953125,4620.2998046875,4694.4501953125,0
2019-11-27,4685.15380859375,4685.39990234375,4692.9501953125,4650.2998046875,4655.9501953125,0
2019-11-28,4751.5498046875,4751.7998046875,4755.2001953125,4690.39990234375,4693.5498046875,335800
2019-11-29,4722.5517578125,4722.7998046875,4778.4501953125,4699.2001953125,4751.85009765625,0
2019-12-02,4689.20361328125,4689.4501953125,4726.2001953125,4659.85009765625,4725.9501953125,0
2019-12-03,4619.857421875,4620.10009765625,4696.7001953125,4605.0498046875,4692.64990234375,0
2019-12-04,4652.50537109375,4652.75,4656.14990234375,4587.5498046875,4605.5,252800
2019-12-05,4643.65576171875,4643.89990234375,4672.60009765625,4635.0498046875,4660.64990234375,214300
2019-12-06,4556.1103515625,4556.35009765625,4655.10009765625,4540.14990234375,4654.75,269600
2019-12-09,4565.8095703125,4566.0498046875,4615.10009765625,4527.0498046875,4559.14990234375,222700
2019-12-10,4503.6630859375,4503.89990234375,4578.14990234375,4495.0498046875,4565.5498046875,210300
2019-12-11,4542.06103515625,4542.2998046875,4546.9501953125,4502.9501953125,4512.75,211400
2019-12-12,4596.25830078125,4596.5,4609.2998046875,4554.0498046875,4558.9501953125,208400
2019-12-13,4641.4560546875,4641.7001953125,4645.7001953125,4608.14990234375,4609.75,292400
2019-12-16,4607.4580078125,4607.7001953125,4657.7998046875,4603.64990234375,4652.64990234375,211700
2019-12-17,4641.65576171875,4641.89990234375,4645.60009765625,4599.7998046875,4619.0,263900
2019-12-18,4620.556640625,4620.7998046875,4651.0498046875,4598.2001953125,4648.2998046875,236700
2019-12-19,4635.75634765625,4636.0,4642.0,4602.0498046875,4619.64990234375,220900
2019-12-20,4641.0556640625,4641.2998046875,4657.60009765625,4633.0498046875,4636.64990234375,259700
2019-12-23,4628.806640625,4629.0498046875,4666.35009765625,4614.5,4638.7998046875,223800
2019-12-24,4624.90673828125,4625.14990234375,4643.9501953125,4618.60009765625,4636.25,187500
2019-12-26,4617.4072265625,4617.64990234375,4635.35009765625,4613.64990234375,4628.75,246200
2019-12-27,4674.654296875,4674.89990234375,4678.2001953125,4630.75,4630.75,209600
2019-12-30,4701.203125,4701.4501953125,4705.60009765625,4677.7998046875,4682.85009765625,0
2019-12-31,4700.85302734375,4701.10009765625,4725.7998046875,4696.0498046875,4702.0498046875,167700
2020-01-02,4796.4482421875,4796.7001953125,4800.4501953125,4714.89990234375,4718.7001953125,334200
2020-01-03,4755.5,4755.75,4794.0498046875,4737.7001953125,4793.10009765625,264100
2020-01-06,4639.00634765625,4639.25,4737.2001953125,4633.60009765625,4731.9501953125,250600
2020-01-07,4674.404296875,4674.64990234375,4722.5498046875,4647.5498046875,4672.0498046875,261800
2020-01-08,4686.603515625,4686.85009765625,4693.7998046875,4617.35009765625,4627.5498046875,278800
2020-01-09,4765.849609375,4766.10009765625,4771.10009765625,4730.75,4733.2001953125,289200
2020-01-10,4787.44873046875,4787.7001953125,4815.25,4769.5,4781.0498046875,262300
2020-01-13,4826.7958984375,4827.0498046875,4831.25,4803.89990234375,4805.85009765625,201600
2020-01-14,4865.34423828125,4865.60009765625,4868.2998046875,4823.7998046875,4834.0498046875,255800
2020-01-15,4923.541015625,4923.7998046875,4929.14990234375,4847.0498046875,4862.7998046875,308500
2020-01-16,4968.638671875,4968.89990234375,4975.85009765625,4938.14990234375,4942.14990234375,297400
2020-01-17,4986.28759765625,4986.5498046875,5007.0,4948.5498046875,4965.60009765625,229900
2020-01-20,4944.59033203125,4944.85009765625,5002.5,4937.60009765625,5001.75,249200
2020-01-21,4940.34033203125,4940.60009765625,4970.0,4918.39990234375,4922.35009765625,246800
2020-01-22,4921.39111328125,4921.64990234375,4966.2001953125,4910.2998046875,4966.2001953125,208100
2020-01-23,4994.037109375,4994.2998046875,5006.14990234375,4916.89990234375,4919.60009765625,270000
2020-01-24,5037.685546875,5037.9501953125,5055.2998046875,4982.39990234375,4999.85009765625,230800
2020-01-27,5012.58642578125,5012.85009765625,5073.9501953125,5004.14990234375,5019.10009765625,224800
2020-01-28,4994.4375,4994.7001953125,5037.5498046875,4977.2001953125,5018.0498046875,223500
2020-01-29,5015.486328125,5015.75,5054.60009765625,5006.2001953125,5027.5498046875,262900
2020-01-30,4976.48828125,4976.75,5020.10009765625,4961.14990234375,5018.2998046875,306500
2020-01-31,4915.44189453125,4915.7001953125,4997.75,4908.64990234375,4988.39990234375,280600
2020-02-03,4836.845703125,4837.10009765625,4858.85009765625,4738.0498046875,4755.25,262600
2020-02-04,4906.59228515625,4906.85009765625,4920.10009765625,4853.85009765625,4856.7001953125,255300
2020-02-05,4967.18896484375,4967.4501953125,4987.2998046875,4924.0498046875,4928.2001953125,294200
2020-02-06,4998.13720703125,4998.39990234375,5023.75,4953.5,4988.25,272400
2020-02-07,5015.1865234375,5015.4501953125,5024.60009765625,4987.14990234375,5008.75,221500
2020-02-10,4957.0390625,4957.2998046875,5017.60009765625,4932.5,5017.60009765625,211100
2020-02-11,4950.18994140625,4950.4501953125,5001.7998046875,4942.0,4976.60009765625,223400
2020-02-12,4944.990234375,4945.25,4982.9501953125,4928.0,4966.85009765625,229500
2020-02-13,4929.890625,4930.14990234375,4950.7001953125,4913.64990234375,4949.10009765625,201200
2020-02-14,4887.29296875,4887.5498046875,4966.4501953125,4878.0,4941.4501953125,219700
2020-02-17,4847.2451171875,4847.5,4900.0498046875,4837.7001953125,4896.9501953125,0
2020-02-18,4822.99658203125,4823.25,4836.60009765625,4762.2001953125,4836.0,297400
2020-02-19,4900.9423828125,4901.2001953125,4905.5498046875,4840.60009765625,4856.0498046875,225500
2020-02-20,4927.49072265625,4927.75,4965.2998046875,4897.39990234375,4907.2998046875,303200
2020-02-24,4813.546875,4813.7998046875,4900.14990234375,4805.7001953125,4899.2998046875,287600
2020-02-25,4807.64697265625,4807.89990234375,4865.0498046875,4795.7001953125,4828.14990234375,264900
2020-02-26,4745.1005859375,4745.35009765625,4803.60009765625,4729.25,4781.2001953125,257500
2020-02-27,4702.65283203125,4702.89990234375,4744.64990234375,4663.60009765625,4744.64990234375,268400
2020-02-28,4518.0625,4518.2998046875,4598.35009765625,4491.75,4594.2998046875,371700
2020-03-02,4469.01513671875,4469.25,4636.7998046875,4437.35009765625,4589.35009765625,333200
2020-03-03,4561.96044921875,4562.2001953125,4583.14990234375,4469.9501953125,4513.7998046875,281100
2020-03-04,4499.96337890625,4500.2001953125,4577.89990234375,4416.60009765625,4563.64990234375,322900
2020-03-05,4507.1630859375,4507.39990234375,4547.0498046875,4464.35009765625,4523.85009765625,280600
2020-03-06,4379.9697265625,4380.2001953125,4395.75,4282.64990234375,4329.75,307100
2020-03-09,4156.68115234375,4156.89990234375,4281.75,4097.75,4272.25,361100
2020-03-11,4123.43310546875,4123.64990234375,4222.35009765625,4105.9501953125,4139.9501953125,362200
2020-03-12,3774.551513671875,3774.75,3958.85009765625,3736.300048828125,3948.050048828125,586200
2020-03-13,3920.0439453125,3920.25,3946.25,3382.14990234375,3436.64990234375,540900
2020-03-16,3646.558349609375,3646.75,3794.64990234375,3630.75,3747.10009765625,366000
2020-03-17,3559.912841796875,3560.10009765625,3741.449951171875,3545.949951171875,3666.300048828125,349100
2020-03-18,3370.4228515625,3370.60009765625,3622.89990234375,3324.550048828125,3600.75,457200
2020-03-19,3233.580078125,3233.75,3356.60009765625,3096.60009765625,3180.199951171875,480300
2020-03-20,3413.37060546875,3413.550048828125,3445.300048828125,3213.5,3258.0,486100
2020-03-23,2904.9970703125,2905.14990234375,3185.0,2897.0,3124.449951171875,233400
2020-03-24,2974.993408203125,2975.14990234375,3069.10009765625,2855.35009765625,3013.550048828125,297200
2020-03-25,3110.33642578125,3110.5,3125.300048828125,2911.14990234375,2917.25,262700
2020-03-26,3219.730712890625,3219.89990234375,3288.699951171875,3088.300048828125,3135.35009765625,340900
2020-03-27,3206.33154296875,3206.5,3383.300048828125,3160.60009765625,3327.89990234375,356000
2020-03-30,3121.3359375,3121.5,3160.800048828125,3069.050048828125,3121.550048828125,236100
2020-03-31,3180.432861328125,3180.60009765625,3193.64990234375,3111.14990234375,3182.199951171875,278000
2020-04-01,3095.287109375,3095.449951171875,3183.050048828125,3067.85009765625,3170.449951171875,246600
2020-04-03,3036.84033203125,3037.0,3113.75,3030.5,3110.199951171875,287700
2020-04-07,3231.93017578125,3232.10009765625,3238.14990234375,3102.550048828125,3144.10009765625,386100
2020-04-08,3287.627197265625,3287.800048828125,3416.39990234375,3178.89990234375,3208.699951171875,456200
2020-04-09,3420.77001953125,3420.949951171875,3427.75,3349.449951171875,3355.050048828125,369000
2020-04-13,3371.622802734375,3371.800048828125,3437.550048828125,3318.75,3435.449951171875,320900
2020-04-15,3419.370361328125,3419.550048828125,3511.0,3382.050048828125,3414.5,418800
2020-04-16,3499.31591796875,3499.5,3513.949951171875,3386.550048828125,3403.14990234375,345400
2020-04-17,3593.760986328125,3593.949951171875,3653.10009765625,3533.60009765625,3601.10009765625,438700
2020-04-20,3600.560791015625,3600.75,3661.5,3578.10009765625,3631.300048828125,465700
2020-04-21,3472.46728515625,3472.64990234375,3529.10009765625,3454.64990234375,3529.10009765625,314200
2020-04-22,3521.514892578125,3521.699951171875,3533.10009765625,3415.800048828125,3458.85009765625,339200
2020-04-23,3570.962158203125,3571.14990234375,3631.39990234375,3543.64990234375,3548.39990234375,345700
2020-04-24,3470.167724609375,3470.35009765625,3562.050048828125,3461.199951171875,3526.300048828125,402100
2020-04-27,3531.064453125,3531.25,3547.85009765625,3514.449951171875,3519.35009765625,312400
2020-04-28,3597.61083984375,3597.800048828125,3606.949951171875,3528.449951171875,3570.14990234375,357900
2020-04-29,3648.9580078125,3649.14990234375,3663.39990234375,3609.39990234375,3623.300048828125,381500
2020-04-30,3722.2041015625,3722.39990234375,3752.699951171875,3695.10009765625,3707.5,573600
2020-05-04,3548.46337890625,3548.64990234375,3608.550048828125,3530.949951171875,3605.35009765625,469400
2020-05-05,3518.614990234375,3518.800048828125,3626.300048828125,3511.199951171875,3608.39990234375,406200
2020-05-06,3567.46240234375,3567.64990234375,3581.949951171875,3470.60009765625,3531.449951171875,404800
2020-05-07,3542.313720703125,3542.5,3614.39990234375,3536.89990234375,3558.699951171875,340200
2020-05-08,3537.31396484375,3537.5,3603.5,3525.64990234375,3593.050048828125,0
2020-05-11,3566.96240234375,3567.14990234375,3606.199951171875,3558.89990234375,3568.25,341600
2020-05-12,3547.3134765625,3547.5,3567.949951171875,3487.5,3549.64990234375,361200
2020-05-13,3647.408447265625,3647.60009765625,3688.300048828125,3581.300048828125,3688.300048828125,838700
2020-05-14,3625.909423828125,3626.10009765625,3665.64990234375,3600.75,3621.10009765625,718000
2020-05-15,3618.309814453125,3618.5,3658.050048828125,3601.39990234375,3643.0,494500
2020-05-18,3430.61962890625,3430.800048828125,3631.35009765625,3424.199951171875,3631.0,527500
2020-05-19,3451.61865234375,3451.800048828125,3510.85009765625,3437.10009765625,3477.35009765625,496900
2020-05-20,3505.11572265625,3505.300048828125,3520.35009765625,3443.35009765625,3455.449951171875,467500
2020-05-21,3528.96435546875,3529.14990234375,3568.75,3512.75,3526.75,381000
2020-05-22,3496.666259765625,3496.85009765625,3550.699951171875,3468.25,3512.75,415700
2020-05-26,3567.012451171875,3567.199951171875,3573.60009765625,3512.39990234375,3527.10009765625,470500
2020-05-27,3603.41064453125,3603.60009765625,3611.64990234375,3529.75,3581.199951171875,510300
2020-05-28,3663.00732421875,3663.199951171875,3669.949951171875,3610.85009765625,3619.60009765625,543200
2020-05-29,3713.354736328125,3713.550048828125,3739.60009765625,3623.699951171875,3638.75,976200
2020-06-01,3838.697998046875,3838.89990234375,3852.85009765625,3755.14990234375,3758.14990234375,661500
2020-06-02,3882.39599609375,3882.60009765625,3897.64990234375,3843.35009765625,3861.89990234375,536000
2020-06-03,3880.14599609375,3880.35009765625,3959.25,3864.300048828125,3926.64990234375,623800
2020-06-04,3880.745849609375,3880.949951171875,3930.75,3842.39990234375,3884.5,556500
2020-06-05,3946.242431640625,3946.449951171875,3953.35009765625,3891.85009765625,3909.800048828125,585900
2020-06-08,3955.39208984375,3955.60009765625,4020.050048828125,3939.699951171875,4004.60009765625,667100
2020-06-09,3940.392822265625,3940.60009765625,4024.300048828125,3917.949951171875,3984.14990234375,726000
2020-06-10,3992.39013671875,3992.60009765625,4005.14990234375,3936.949951171875,3958.25,647400
2020-06-11,3944.3427734375,3944.550048828125,4051.800048828125,3934.050048828125,4001.800048828125,687100
2020-06-12,4019.838623046875,4020.050048828125,4031.699951171875,3776.85009765625,3777.14990234375,591300
2020-06-15,3952.692138671875,3952.89990234375,4043.300048828125,3944.5,4017.0,0
2020-06-16,3975.291015625,3975.5,4035.5,3903.550048828125,4024.550048828125,0
2020-06-17,3984.340576171875,3984.550048828125,4011.60009765625,3955.39990234375,3967.14990234375,0
2020-06-18,4035.387939453125,4035.60009765625,4042.199951171875,3972.89990234375,3980.85009765625,0
2020-06-19,4087.93505859375,4088.14990234375,4096.64990234375,4043.449951171875,4055.75,0
2020-06-22,4167.630859375,4167.85009765625,4192.0498046875,4116.64990234375,4121.35009765625,833900
2020-06-23,4209.27880859375,4209.5,4216.4501953125,4160.2001953125,4196.75,649000
2020-06-24,4131.8828125,4132.10009765625,4273.75,4118.85009765625,4237.10009765625,871300
2020-06-25,4168.73095703125,4168.9501953125,4181.89990234375,4086.64990234375,4110.0498046875,711600
2020-06-26,4171.53076171875,4171.75,4229.75,4159.89990234375,4210.2001953125,493600
2020-06-29,4095.734619140625,4095.949951171875,4164.64990234375,4076.300048828125,4160.60009765625,1508500
2020-06-30,4094.03466796875,4094.25,4154.85009765625,4082.39990234375,4143.60009765625,1457900
2020-07-01,4115.58349609375,4115.7998046875,4123.5,4073.699951171875,4100.39990234375,961200
2020-07-02,4170.630859375,4170.85009765625,4176.60009765625,4125.7998046875,4146.60009765625,920500
2020-07-03,4208.52880859375,4208.75,4218.89990234375,4169.60009765625,4199.75,907500
2020-07-06,4289.32421875,4289.5498046875,4293.7998046875,4228.2998046875,4240.39990234375,964700
2020-07-07,4312.42333984375,4312.64990234375,4322.25,4254.5498046875,4297.64990234375,939900
2020-07-08,4284.82470703125,4285.0498046875,4353.7001953125,4273.64990234375,4327.39990234375,1368500
2020-07-09,4307.87353515625,4308.10009765625,4321.2998046875,4287.10009765625,4306.7001953125,850500
2020-07-10,4265.82568359375,4266.0498046875,4323.9501953125,4238.2998046875,4289.5498046875,1429700
2020-07-13,4256.076171875,4256.2998046875,4318.2998046875,4240.0498046875,4301.0,847500
2020-07-14,4179.93017578125,4180.14990234375,4235.85009765625,4158.60009765625,4234.2001953125,821100
2020-07-15,4141.18212890625,4141.39990234375,4225.4501953125,4127.4501953125,4211.75,941700
2020-07-16,4171.9306640625,4172.14990234375,4183.39990234375,4083.85009765625,4163.4501953125,1476200
2020-07-17,4247.9267578125,4248.14990234375,4255.60009765625,4186.5,4189.85009765625,1298500
2020-07-20,4282.4248046875,4282.64990234375,4301.2998046875,4265.85009765625,4277.7001953125,1534100
2020-07-21,4282.875,4283.10009765625,4329.0498046875,4276.60009765625,4313.39990234375,1033100
2020-07-22,4288.57421875,4288.7998046875,4329.60009765625,4252.2001953125,4291.2001953125,1063800
2020-07-23,4319.4228515625,4319.64990234375,4329.10009765625,4290.2998046875,4300.5,557700
2020-07-24,4285.97509765625,4286.2001953125,4324.60009765625,4251.2998046875,4296.5,728500
2020-07-27,4224.72802734375,4224.9501953125,4297.25,4216.9501953125,4295.25,546800
2020-07-28,4280.4248046875,4280.64990234375,4285.0,4227.25,4231.2001953125,629600
2020-07-29,4305.62353515625,4305.85009765625,4346.7001953125,4280.60009765625,4290.85009765625,888200
2020-07-30,4256.7265625,4256.9501953125,4332.0498046875,4244.7998046875,4319.89990234375,750900
2020-07-31,4248.82666015625,4249.0498046875,4278.89990234375,4225.2001953125,4269.85009765625,755700
2020-08-03,4231.0771484375,4231.2998046875,4286.25,4227.2998046875,4250.75,822900
2020-08-04,4288.42431640625,4288.64990234375,4294.60009765625,4250.89990234375,4253.7001953125,0
2020-08-05,4318.32275390625,4318.5498046875,4354.10009765625,4295.64990234375,4321.60009765625,760400
2020-08-06,4356.1708984375,4356.39990234375,4365.7001953125,4321.2001953125,4339.25,678400
2020-08-07,4437.5166015625,4437.75,4447.0498046875,4352.25,4364.2001953125,1241400
2020-08-10,4478.2646484375,4478.5,4495.35009765625,4453.35009765625,4480.2001953125,906600
2020-08-11,4479.91455078125,4480.14990234375,4510.25,4473.7998046875,4502.2001953125,684600
2020-08-12,4505.4130859375,4505.64990234375,4516.7998046875,4450.25,4472.2001953125,644900
2020-08-13,4604.35791015625,4604.60009765625,4612.7001953125,4529.0498046875,4532.5,1006700
2020-08-14,4537.56103515625,4537.7998046875,4637.2001953125,4501.60009765625,4623.7001953125,958700
2020-08-17,4567.9599609375,4568.2001953125,4585.39990234375,4529.14990234375,4581.5,504800
2020-08-18,4633.40625,4633.64990234375,4640.75,4575.39990234375,4580.2998046875,0
2020-08-19,4659.7548828125,4660.0,4683.5,4650.25,4657.39990234375,0
2020-08-20,4702.7529296875,4703.0,4714.60009765625,4608.2998046875,4625.4501953125,0
2020-08-21,4710.80224609375,4711.0498046875,4763.2001953125,4705.2998046875,4744.4501953125,0
2020-08-24,4740.85107421875,4741.10009765625,4767.2001953125,4734.2001953125,4739.60009765625,0
2020-08-25,4756.14990234375,4756.39990234375,4797.39990234375,4732.5,4777.2998046875,0
2020-08-26,4787.44873046875,4787.7001953125,4805.2001953125,4770.10009765625,4777.64990234375,0
2020-08-27,4787.84814453125,4788.10009765625,4828.10009765625,4781.5498046875,4817.2998046875,0
2020-08-28,4829.2958984375,4829.5498046875,4862.0498046875,4817.85009765625,4823.85009765625,0
2020-08-31,4636.70654296875,4636.9501953125,4890.2001953125,4608.60009765625,4868.85009765625,0
2020-09-01,4683.0537109375,4683.2998046875,4727.64990234375,4580.7998046875,4658.64990234375,0
2020-09-02,4753.64990234375,4753.89990234375,4767.5498046875,4662.7998046875,4700.0,0
2020-09-03,4815.79638671875,4816.0498046875,4824.14990234375,4770.7001953125,4775.39990234375,0
2020-09-04,4719.85205078125,4720.10009765625,4789.75,4702.39990234375,4722.39990234375,0
2020-09-07,4665.60498046875,4665.85009765625,4764.9501953125,4638.64990234375,4746.85009765625,1707700
2020-09-08,4586.7587890625,4587.0,4680.0498046875,4566.7998046875,4679.60009765625,0
2020-09-09,4567.259765625,4567.5,4581.64990234375,4493.9501953125,4539.14990234375,0
2020-09-10,4602.8076171875,4603.0498046875,4627.2001953125,4544.35009765625,4604.9501953125,0
2020-09-11,4644.60595703125,4644.85009765625,4650.85009765625,4602.2001953125,4608.10009765625,0
2020-09-14,4739.85107421875,4740.10009765625,4773.7998046875,4689.25,4691.5,0
2020-09-15,4769.798828125,4770.0498046875,4784.75,4743.75,4763.39990234375,0
2020-09-16,4783.49853515625,4783.75,4807.14990234375,4764.9501953125,4781.75,0
2020-09-17,4788.4482421875,4788.7001953125,4797.2998046875,4746.75,4759.7001953125,0
2020-09-18,4767.49951171875,4767.75,4826.0498046875,4752.7001953125,4809.0,0
2020-09-21,4572.60986328125,4572.85009765625,4782.35009765625,4544.7998046875,4772.5,0
2020-09-22,4496.3134765625,4496.5498046875,4574.2001953125,4419.89990234375,4569.5498046875,0
2020-09-23,4486.21435546875,4486.4501953125,4553.7998046875,4433.10009765625,4526.5,0
2020-09-24,4355.07080078125,4355.2998046875,4439.7001953125,4349.64990234375,4439.7001953125,0
2020-09-25,4534.7119140625,4534.9501953125,4545.64990234375,4368.0,4409.10009765625,0
2020-09-28,4699.453125,4699.7001953125,4705.2001953125,4574.7001953125,4581.85009765625,0
2020-09-29,4678.4541015625,4678.7001953125,4738.2998046875,4644.9501953125,4728.9501953125,0
2020-09-30,4666.3046875,4666.5498046875,4708.7998046875,4656.5498046875,4693.39990234375,0
2020-10-01,4721.90185546875,4722.14990234375,4737.25,4699.60009765625,4701.4501953125,0
2020-10-05,4707.6025390625,4707.85009765625,4762.0498046875,4692.35009765625,4743.0498046875,0
2020-10-06,4738.40087890625,4738.64990234375,4755.60009765625,4712.85009765625,4742.5,0
2020-10-07,4716.9521484375,4717.2001953125,4746.0,4693.35009765625,4739.39990234375,0
2020-10-08,4734.80078125,4735.0498046875,4773.2001953125,4704.7998046875,4745.7998046875,0
2020-10-09,4730.8515625,4731.10009765625,4773.25,4720.9501953125,4745.85009765625,0
2020-10-12,4688.4033203125,4688.64990234375,4760.35009765625,4664.35009765625,4738.85009765625,0
2020-10-13,4643.5556640625,4643.7998046875,4700.64990234375,4635.89990234375,4686.9501953125,0
2020-10-14,4649.20556640625,4649.4501953125,4659.9501953125,4599.10009765625,4637.75,0
2020-10-15,4549.86083984375,4550.10009765625,4691.64990234375,4537.2001953125,4664.4501953125,0
2020-10-16,4613.30712890625,4613.5498046875,4618.75,4540.9501953125,4578.10009765625,0
2020-10-19,4656.55517578125,4656.7998046875,4661.60009765625,4605.9501953125,4643.2001953125,0
2020-10-20,4690.25341796875,4690.5,4695.5498046875,4625.85009765625,4641.4501953125,0
2020-10-21,4700.90283203125,4701.14990234375,4749.5,4637.0498046875,4707.0498046875,0
2020-10-22,4724.9013671875,4725.14990234375,4733.5,4680.4501953125,4689.25,0
2020-10-23,4757.14990234375,4757.39990234375,4781.10009765625,4729.60009765625,4747.10009765625,0
2020-10-26,4650.25537109375,4650.5,4765.5,4635.0498046875,4765.5,0
2020-10-27,4712.90234375,4713.14990234375,4725.0,4601.85009765625,4657.35009765625,0
2020-10-28,4648.55517578125,4648.7998046875,4732.60009765625,4638.2998046875,4713.4501953125,0
2020-10-29,4624.95703125,4625.2001953125,4638.25,4579.64990234375,4613.0,0
2020-10-30,4665.8046875,4666.0498046875,4707.85009765625,4603.39990234375,4640.25,0
2020-11-02,4716.65185546875,4716.89990234375,4728.7998046875,4647.25,4686.25,0
2020-11-03,4748.20068359375,4748.4501953125,4767.7998046875,4736.60009765625,4742.2001953125,0
2020-11-04,4772.89892578125,4773.14990234375,4777.85009765625,4713.10009765625,4749.39990234375,0
2020-11-05,4882.193359375,4882.4501953125,4891.2001953125,4795.10009765625,4814.9501953125,0
2020-11-06,4926.2412109375,4926.5,4950.7001953125,4881.7998046875,4891.0498046875,0
2020-11-09,4979.08837890625,4979.35009765625,4984.75,4906.35009765625,4965.39990234375,0
2020-11-10,5019.7861328125,5020.0498046875,5029.64990234375,4955.85009765625,5003.7998046875,0
2020-11-11,5048.2841796875,5048.5498046875,5073.7998046875,4994.7001953125,5034.4501953125,0
2020-11-12,5068.93359375,5069.2001953125,5080.5498046875,5033.85009765625,5048.25,0
2020-11-13,5105.431640625,5105.7001953125,5111.2001953125,5048.2998046875,5062.14990234375,0
2020-11-17,5187.77685546875,5188.0498046875,5193.0498046875,5134.85009765625,5144.7998046875,0
2020-11-18,5275.6728515625,5275.9501953125,5282.5498046875,5171.2998046875,5177.14990234375,0
2020-11-19,5245.52392578125,5245.7998046875,5377.4501953125,5223.25,5250.60009765625,0
2020-11-20,5291.171875,5291.4501953125,5324.85009765625,5230.75,5277.5498046875,0
2020-11-23,5365.267578125,5365.5498046875,5373.14990234375,5314.60009765625,5334.5,0
2020-11-24,5410.26513671875,5410.5498046875,5417.7001953125,5381.5498046875,5399.0,0
2020-11-25,5334.169921875,5334.4501953125,5459.2001953125,5319.35009765625,5446.9501953125,0
2020-11-26,5411.3154296875,5411.60009765625,5421.10009765625,5313.0,5355.7001953125,777900
2020-11-27,5557.60791015625,5557.89990234375,5580.10009765625,5440.64990234375,5441.60009765625,0
2020-12-01,5590.505859375,5590.7998046875,5604.35009765625,5543.14990234375,5604.35009765625,0
2020-12-02,5613.30517578125,5613.60009765625,5641.39990234375,5555.10009765625,5611.64990234375,0
2020-12-03,5665.40234375,5665.7001953125,5678.75,5639.9501953125,5656.39990234375,0
2020-12-04,5695.70068359375,5696.0,5737.4501953125,5628.64990234375,5698.10009765625,0
2020-12-07,5755.34716796875,5755.64990234375,5765.35009765625,5705.64990234375,5710.2998046875,0
2020-12-08,5757.9970703125,5758.2998046875,5805.0,5682.7001953125,5789.7001953125,0
2020-12-09,5783.49560546875,5783.7998046875,5816.2998046875,5770.2001953125,5798.2001953125,0
2020-12-10,5724.1494140625,5724.4501953125,5776.2998046875,5672.14990234375,5776.2998046875,0
2020-12-11,5742.4482421875,5742.75,5786.89990234375,5699.2001953125,5741.64990234375,0
2020-12-14,5789.595703125,5789.89990234375,5799.5498046875,5757.35009765625,5779.7001953125,684500
2020-12-15,5834.443359375,5834.75,5845.75,5726.75,5792.2998046875,701600
2020-12-16,5905.58935546875,5905.89990234375,5921.0,5864.0,5868.2001953125,0
2020-12-17,5882.89111328125,5883.2001953125,5954.5498046875,5866.7998046875,5911.5498046875,0
2020-12-18,5861.19189453125,5861.5,5915.75,5799.75,5895.4501953125,0
2020-12-21,5536.35888671875,5536.64990234375,5856.14990234375,5427.5,5836.5498046875,0
2020-12-22,5598.20556640625,5598.5,5621.0,5358.85009765625,5535.75,0
2020-12-23,5757.1474609375,5757.4501953125,5772.14990234375,5596.10009765625,5614.0498046875,0
2020-12-24,5741.1484375,5741.4501953125,5821.2998046875,5724.5,5786.14990234375,0
2020-12-28,5822.49365234375,5822.7998046875,5835.10009765625,5776.25,5780.7998046875,0
2020-12-29,5813.84423828125,5814.14990234375,5876.64990234375,5770.85009765625,5856.0498046875,0
2020-12-30,5830.2431640625,5830.5498046875,5844.2001953125,5775.2998046875,5841.25,0
2020-12-31,5872.29150390625,5872.60009765625,5882.39990234375,5810.35009765625,5828.7998046875,0
2021-01-04,6085.93017578125,6086.25,6091.7001953125,5974.10009765625,6016.14990234375,0
2021-01-05,6141.0771484375,6141.39990234375,6151.35009765625,6020.2001953125,6051.0498046875,0
2021-01-06,6191.37451171875,6191.7001953125,6233.14990234375,6098.14990234375,6165.10009765625,0
2021-01-07,6320.36767578125,6320.7001953125,6357.5,6245.0,6252.25,0
2021-01-08,6389.3642578125,6389.7001953125,6410.0,6351.25,6384.14990234375,0
2021-01-11,6359.41552734375,6359.75,6428.35009765625,6302.2998046875,6420.0,0
2021-01-12,6427.3623046875,6427.7001953125,6460.10009765625,6322.64990234375,6347.0498046875,0
2021-01-13,6384.814453125,6385.14990234375,6504.75,6275.2998046875,6472.35009765625,0
2021-01-14,6390.56396484375,6390.89990234375,6424.5498046875,6345.75,6398.7998046875,0
2021-01-15,6327.96728515625,6328.2998046875,6438.0,6252.4501953125,6404.2001953125,0
2021-01-18,6164.07568359375,6164.39990234375,6331.60009765625,6106.5498046875,6330.14990234375,1068800
2021-01-19,6346.96630859375,6347.2998046875,6361.85009765625,6207.7001953125,6209.0498046875,761400
2021-01-20,6436.8115234375,6437.14990234375,6444.10009765625,6352.14990234375,6367.14990234375,0
2021-01-21,6331.4169921875,6331.75,6512.60009765625,6291.5,6486.39990234375,0
2021-01-22,6243.671875,6244.0,6399.89990234375,6209.2001953125,6346.5498046875,0
2021-01-25,6183.27490234375,6183.60009765625,6352.2001953125,6120.4501953125,6326.10009765625,0
2021-01-27,6068.8310546875,6069.14990234375,6181.14990234375,6055.10009765625,6180.2001953125,0
2021-01-28,6045.98193359375,6046.2998046875,6096.9501953125,5968.85009765625,5971.5,0
2021-01-29,6002.33447265625,6002.64990234375,6160.75,5977.5,6119.89990234375,0
2021-02-01,6279.1201171875,6279.4501953125,6293.75,5946.5,6041.5498046875,0
2021-02-02,6468.3603515625,6468.7001953125,6489.14990234375,6345.60009765625,6349.4501953125,997100
2021-02-03,6584.25390625,6584.60009765625,6642.89990234375,6457.10009765625,6518.35009765625,1095600
2021-02-04,6697.998046875,6698.35009765625,6713.39990234375,6559.7998046875,6596.7001953125,0
2021-02-05,6581.0537109375,6581.39990234375,6771.39990234375,6550.7998046875,6745.2001953125,0
2021-02-08,6695.5478515625,6695.89990234375,6710.2001953125,6632.35009765625,6634.5498046875,0
2021-02-09,6673.798828125,6674.14990234375,6748.60009765625,6642.0498046875,6721.4501953125,0
2021-02-10,6749.59521484375,6749.9501953125,6769.14990234375,6650.0498046875,6693.60009765625,0
2021-02-11,6758.0947265625,6758.4501953125,6782.4501953125,6723.5,6732.7001953125,0
2021-02-12,6738.74560546875,6739.10009765625,6795.60009765625,6702.25,6761.39990234375,0
2021-02-15,6859.2890625,6859.64990234375,6876.89990234375,6765.5498046875,6781.85009765625,0
2021-02-16,6885.13818359375,6885.5,6922.25,6821.60009765625,6883.4501953125,0
2021-02-17,6907.23681640625,6907.60009765625,6945.75,6862.14990234375,6876.0498046875,0
2021-02-18,6926.78564453125,6927.14990234375,6972.64990234375,6895.10009765625,6939.4501953125,0
2021-02-19,6767.39404296875,6767.75,6945.5498046875,6688.75,6916.2001953125,0
2021-02-22,6665.49951171875,6665.85009765625,6812.64990234375,6627.4501953125,6785.4501953125,0
2021-02-23,6762.5947265625,6762.9501953125,6782.14990234375,6638.2001953125,6698.9501953125,0
2021-02-24,6815.04150390625,6815.39990234375,6828.2001953125,6746.60009765625,6800.25,649900
2021-02-25,6959.234375,6959.60009765625,6976.0,6890.64990234375,6893.0,1133400
2021-02-26,6796.142578125,6796.5,6934.7001953125,6744.5498046875,6853.89990234375,0
2021-03-01,6913.63671875,6914.0,6929.60009765625,6827.14990234375,6859.2998046875,0
2021-03-02,7032.68017578125,7033.0498046875,7046.4501953125,6951.25,6964.75,0
2021-03-03,7150.673828125,7151.0498046875,7162.60009765625,7081.4501953125,7097.64990234375,0
2021-03-04,7164.62353515625,7165.0,7208.89990234375,7047.0,7075.7001953125,0
2021-03-05,6964.48388671875,6964.85009765625,7149.85009765625,6913.14990234375,7138.2998046875,0
2021-03-08,6977.2333984375,6977.60009765625,7061.10009765625,6965.2001953125,7027.35009765625,0
2021-03-09,6931.28564453125,6931.64990234375,7047.75,6870.89990234375,7020.4501953125,0
2021-03-10,6996.58251953125,6996.9501953125,7019.7998046875,6945.64990234375,6992.75,0
2021-03-12,6964.3837890625,6964.75,7089.7001953125,6931.4501953125,7059.39990234375,0
2021-03-15,6926.5859375,6926.9501953125,7004.2001953125,6812.75,7004.2001953125,0
2021-03-16,6936.68505859375,6937.0498046875,6976.85009765625,6905.0,6952.64990234375,0
2021-03-17,6741.49560546875,6741.85009765625,6953.85009765625,6722.7001953125,6940.14990234375,0
2021-03-18,6650.150390625,6650.5,6850.25,6580.2001953125,6808.89990234375,0
2021-03-19,6752.89501953125,6753.25,6772.2998046875,6468.0498046875,6596.25,0
2021-03-22,6796.74267578125,6797.10009765625,6815.60009765625,6713.9501953125,6752.2998046875,0
2021-03-23,6862.33935546875,6862.7001953125,6882.4501953125,6817.25,6824.5498046875,0
2021-03-24,6694.2978515625,6694.64990234375,6877.85009765625,6678.89990234375,6833.10009765625,0
2021-03-25,6550.60595703125,6550.9501953125,6720.14990234375,6475.5498046875,6715.9501953125,0
2021-03-26,6680.84912109375,6681.2001953125,6726.0498046875,6628.85009765625,6632.89990234375,0
2021-03-30,6761.4443359375,6761.7998046875,6779.5,6706.35009765625,6755.2998046875,600900
2021-03-31,6771.744140625,6772.10009765625,6802.35009765625,6732.4501953125,6766.5498046875,0
2021-04-01,6916.986328125,6917.35009765625,6930.25,6789.39990234375,6832.0498046875,0
2021-04-05,6767.34423828125,6767.7001953125,6906.0498046875,6654.25,6905.9501953125,0
2021-04-06,6816.04150390625,6816.39990234375,6855.4501953125,6732.89990234375,6807.25,0
2021-04-07,6908.23681640625,6908.60009765625,6932.5498046875,6814.0,6833.14990234375,0
2021-04-08,6941.43505859375,6941.7998046875,7007.35009765625,6916.5,6944.2998046875,0
2021-04-09,6906.3369140625,6906.7001953125,6987.2998046875,6880.89990234375,6946.75,0
2021-04-12,6417.3125,6417.64990234375,6769.0498046875,6364.7001953125,6765.2001953125,0
2021-04-13,6597.203125,6597.5498046875,6611.75,6423.2001953125,6454.60009765625,0
2021-04-15,6562.2548828125,6562.60009765625,6620.2998046875,6452.5498046875,6566.75,0
2021-04-16,6613.2021484375,6613.5498046875,6664.60009765625,6552.2001953125,6574.85009765625,0
2021-04-19,6441.361328125,6441.7001953125,6455.64990234375,6325.0498046875,6413.64990234375,0
2021-04-20,6468.90966796875,6469.25,6576.0498046875,6417.10009765625,6520.60009765625,0
2021-04-22,6506.60791015625,6506.9501953125,6514.0498046875,6398.5,6413.5,560900
2021-04-23,6512.5576171875,6512.89990234375,6583.7998046875,6462.25,6503.25,0
2021-04-26,6564.70458984375,6565.0498046875,6581.85009765625,6536.35009765625,6549.35009765625,0
2021-04-27,6659.5498046875,6659.89990234375,6670.60009765625,6581.0,6588.7001953125,0
2021-04-28,6773.19384765625,6773.5498046875,6785.10009765625,6690.60009765625,6702.5,0
2021-04-29,6765.14453125,6765.5,6852.25,6728.5,6825.5,0
2021-04-30,6724.8466796875,6725.2001953125,6821.5,6677.14990234375,6710.9501953125,0
2021-05-03,6687.1982421875,6687.5498046875,6698.85009765625,6604.2998046875,6657.25,757700
2021-05-04,6685.49853515625,6685.85009765625,6823.39990234375,6668.5,6742.64990234375,969100
2021-05-05,6744.845703125,6745.2001953125,6760.7001953125,6681.60009765625,6748.0,0
2021-05-06,6830.34130859375,6830.7001953125,6839.10009765625,6735.35009765625,6781.0,0
2021-05-07,6818.29150390625,6818.64990234375,6866.35009765625,6795.9501953125,6857.4501953125,0
2021-05-10,6917.736328125,6918.10009765625,6932.39990234375,6849.5,6868.75,0
2021-05-11,6982.3330078125,6982.7001953125,7001.39990234375,6826.0498046875,6859.35009765625,0
2021-05-12,6904.7373046875,6905.10009765625,7028.39990234375,6865.5498046875,7008.5498046875,0
2021-05-14,6784.7431640625,6785.10009765625,6960.2998046875,6731.4501953125,6957.5498046875,0
2021-05-17,6911.3369140625,6911.7001953125,6924.89990234375,6766.4501953125,6833.64990234375,0
2021-05-18,7049.62939453125,7050.0,7076.0498046875,6981.9501953125,6988.5,0
2021-05-19,7046.2294921875,7046.60009765625,7094.89990234375,7027.0,7042.5,0
2021-05-20,7026.13037109375,7026.5,7069.9501953125,6974.0,7053.2998046875,0
2021-05-21,7092.626953125,7093.0,7110.14990234375,7053.64990234375,7082.7001953125,0
2021-05-24,7151.27392578125,7151.64990234375,7182.39990234375,7070.64990234375,7123.0498046875,0
2021-05-25,7132.125,7132.5,7208.25,7111.5498046875,7193.0,0
2021-05-26,7123.9755859375,7124.35009765625,7180.0498046875,7119.5498046875,7159.10009765625,0
2021-05-27,7174.22314453125,7174.60009765625,7192.35009765625,7100.14990234375,7138.60009765625,0
2021-05-28,7199.62158203125,7200.0,7232.5498046875,7180.0,7219.89990234375,0
2021-05-31,7205.47119140625,7205.85009765625,7233.4501953125,7171.7001953125,7215.35009765625,0
2021-06-01,7163.62353515625,7164.0,7250.10009765625,7116.0498046875,7242.5498046875,0
2021-06-02,7280.01708984375,7280.39990234375,7294.9501953125,7145.5,7155.75,0
2021-06-03,7346.9638671875,7347.35009765625,7355.64990234375,7310.5498046875,7322.0,0
2021-06-04,7414.1103515625,7414.5,7421.0,7338.14990234375,7363.10009765625,0
2021-06-07,7513.15478515625,7513.5498046875,7537.2001953125,7448.0,7473.89990234375,0
2021-06-08,7521.3046875,7521.7001953125,7558.14990234375,7441.5498046875,7547.35009765625,0
2021-06-09,7469.3076171875,7469.7001953125,7626.7001953125,7413.2998046875,7558.0498046875,0
2021-06-10,7588.90087890625,7589.2998046875,7595.10009765625,7500.60009765625,7517.4501953125,0
2021-06-11,7604.35009765625,7604.75,7653.39990234375,7564.75,7627.14990234375,0
2021-06-14,7571.60205078125,7572.0,7600.4501953125,7384.64990234375,7600.0,0
2021-06-15,7623.39892578125,7623.7998046875,7656.14990234375,7593.0,7603.64990234375,0
2021-06-16,7538.353515625,7538.75,7640.5,7517.75,7625.2001953125,0
2021-06-17,7432.00927734375,7432.39990234375,7568.2001953125,7400.7001953125,7471.25,0
2021-06-18,7347.2138671875,7347.60009765625,7470.64990234375,7144.14990234375,7467.0,0
2021-06-21,7409.76025390625,7410.14990234375,7421.10009765625,7221.7998046875,7246.7001953125,0
2021-06-22,7393.46142578125,7393.85009765625,7480.0498046875,7375.7998046875,7467.2001953125,0
2021-06-23,7384.01171875,7384.39990234375,7452.75,7378.25,7443.4501953125,0
2021-06-24,7352.11328125,7352.5,7424.14990234375,7335.2001953125,7409.7998046875,0
2021-06-25,7476.90673828125,7477.2998046875,7485.5,7398.85009765625,7400.9501953125,0
2021-06-28,7519.8544921875,7520.25,7535.64990234375,7480.35009765625,7519.35009765625,0
2021-06-29,7473.80712890625,7474.2001953125,7558.7001953125,7455.0498046875,7530.64990234375,0
2021-06-30,7474.40673828125,7474.7998046875,7522.39990234375,7465.75,7509.25,0
2021-07-01,7439.15869140625,7439.5498046875,7496.0498046875,7430.2998046875,7496.0498046875,1025500
2021-07-02,7438.40869140625,7438.7998046875,7463.9501953125,7418.0498046875,7461.5,682400
2021-07-05,7517.0048828125,7517.39990234375,7523.2001953125,7457.5,7474.89990234375,0
2021-07-06,7511.10498046875,7511.5,7591.5498046875,7493.89990234375,7532.7998046875,0
2021-07-07,7578.25146484375,7578.64990234375,7592.39990234375,7493.75,7517.2998046875,0
2021-07-08,7523.20458984375,7523.60009765625,7624.10009765625,7490.4501953125,7589.60009765625,0
2021-07-09,7583.40087890625,7583.7998046875,7591.2001953125,7489.5498046875,7521.89990234375,0
2021-07-12,7622.59912109375,7623.0,7669.35009765625,7600.2001953125,7635.75,0
2021-07-13,7640.6982421875,7641.10009765625,7663.7998046875,7613.25,7663.0,0
2021-07-14,7654.09765625,7654.5,7672.5,7642.0498046875,7657.5,0
2021-07-15,7671.796875,7672.2001953125,7685.60009765625,7654.85009765625,7667.25,0
2021-07-16,7707.544921875,7707.9501953125,7718.2001953125,7668.0,7701.10009765625,0
2021-07-19,7630.1484375,7630.5498046875,7693.2001953125,7580.35009765625,7664.39990234375,0
2021-07-20,7503.00537109375,7503.39990234375,7647.25,7462.14990234375,7642.89990234375,0
2021-07-22,7587.85107421875,7588.25,7600.9501953125,7560.2998046875,7564.9501953125,0
2021-07-23,7573.95166015625,7574.35009765625,7639.0,7564.7001953125,7618.0498046875,0
2021-07-26,7548.65283203125,7549.0498046875,7614.5,7537.5498046875,7592.60009765625,0
2021-07-27,7495.55615234375,7495.9501953125,7609.4501953125,7475.64990234375,7577.5498046875,0
2021-07-28,7470.50732421875,7470.89990234375,7515.5,7377.25,7511.7998046875,0
2021-07-29,7553.453125,7553.85009765625,7567.7998046875,7501.14990234375,7511.4501953125,0
2021-07-30,7657.9970703125,7658.39990234375,7705.0,7564.4501953125,7578.14990234375,0
2021-08-02,7778.44091796875,7778.85009765625,7785.2998046875,7688.0498046875,7704.10009765625,0
2021-08-03,7778.14111328125,7778.5498046875,7803.7998046875,7742.35009765625,7790.0498046875,0
2021-08-04,7685.6455078125,7686.0498046875,7822.0,7673.64990234375,7807.39990234375,0
2021-08-05,7693.69580078125,7694.10009765625,7703.39990234375,7598.5498046875,7698.0,0
2021-08-06,7682.59619140625,7683.0,7753.25,7675.0,7712.2998046875,0
2021-08-09,7583.65087890625,7584.0498046875,7691.0,7544.85009765625,7680.9501953125,0
2021-08-10,7458.0078125,7458.39990234375,7619.60009765625,7400.75,7612.4501953125,0
2021-08-11,7477.70703125,7478.10009765625,7493.5498046875,7311.14990234375,7470.2001953125,0
2021-08-12,7560.25244140625,7560.64990234375,7573.25,7483.75,7491.64990234375,0
2021-08-13,7514.2548828125,7514.64990234375,7574.0498046875,7496.89990234375,7573.7998046875,0
2021-08-16,7485.25634765625,7485.64990234375,7535.10009765625,7474.35009765625,7516.0498046875,0
2021-08-17,7462.2080078125,7462.60009765625,7502.89990234375,7388.9501953125,7485.4501953125,0
2021-08-18,7464.70751953125,7465.10009765625,7510.85009765625,7449.10009765625,7489.2998046875,0
2021-08-20,7238.01953125,7238.39990234375,7422.14990234375,7218.0498046875,7385.64990234375,0
2021-08-23,7186.421875,7186.7998046875,7333.0,7118.89990234375,7310.2998046875,0
2021-08-24,7315.0654296875,7315.4501953125,7324.5498046875,7198.9501953125,7211.60009765625,0
2021-08-25,7309.4658203125,7309.85009765625,7364.2998046875,7283.5,7338.4501953125,0
2021-08-26,7291.16650390625,7291.5498046875,7355.4501953125,7266.10009765625,7320.35009765625,0
2021-08-27,7357.5634765625,7357.9501953125,7379.64990234375,7286.25,7305.89990234375,0
2021-08-30,7500.70556640625,7501.10009765625,7510.89990234375,7385.39990234375,7387.5498046875,0
2021-08-31,7502.5556640625,7502.9501953125,7542.4501953125,7436.10009765625,7519.85009765625,0
2021-09-01,7584.7509765625,7585.14990234375,7594.2998046875,7489.0498046875,7538.14990234375,0
2021-09-02,7689.595703125,7690.0,7697.85009765625,7586.85009765625,7603.0498046875,0
2021-09-03,7733.39306640625,7733.7998046875,7771.14990234375,7679.64990234375,7730.0498046875,0
2021-09-06,7757.34228515625,7757.75,7803.10009765625,7746.7998046875,7771.2001953125,545800
2021-09-07,7774.29150390625,7774.7001953125,7804.39990234375,7688.0498046875,7782.9501953125,0
2021-09-08,7807.63916015625,7808.0498046875,7840.5498046875,7747.0,7804.7001953125,0
2021-09-09,7828.58837890625,7829.0,7836.39990234375,7777.5,7790.2998046875,0
2021-09-13,7863.736328125,7864.14990234375,7872.0498046875,7789.85009765625,7833.60009765625,0
2021-09-14,8016.77880859375,8017.2001953125,8029.60009765625,7907.39990234375,7913.60009765625,0
2021-09-15,8123.72265625,8124.14990234375,8129.7001953125,8035.75,8041.10009765625,0
2021-09-16,8188.5693359375,8189.0,8194.9501953125,8098.0498046875,8157.4501953125,0
2021-09-17,8091.1748046875,8091.60009765625,8245.0,8014.0498046875,8236.4501953125,0
2021-09-20,7886.4853515625,7886.89990234375,8099.9501953125,7863.39990234375,8030.4501953125,0
2021-09-21,7949.0322265625,7949.4501953125,7964.2998046875,7797.4501953125,7905.0498046875,0
2021-09-22,8166.9208984375,8167.35009765625,8198.5,8002.0498046875,8007.10009765625,0
2021-09-23,8271.2158203125,8271.650390625,8294.7998046875,8232.0498046875,8245.349609375,0
2021-09-24,8183.669921875,8184.10009765625,8332.349609375,8146.35009765625,8315.849609375,0
2021-09-27,8210.91796875,8211.349609375,8230.2001953125,8120.9501953125,8217.099609375,0
2021-09-28,8165.27099609375,8165.7001953125,8263.099609375,8092.35009765625,8246.650390625,0
2021-09-29,8257.515625,8257.9501953125,8303.5498046875,8097.35009765625,8143.9501953125,0
2021-09-30,8278.1142578125,8278.5498046875,8318.75,8260.5,8274.5498046875,0
2021-10-01,8261.3154296875,8261.75,8283.599609375,8198.9501953125,8256.4501953125,0
2021-10-04,8413.0078125,8413.4501953125,8421.9501953125,8298.0498046875,8305.099609375,0
2021-10-05,8470.3544921875,8470.7998046875,8480.599609375,8384.75,8419.099609375,0
2021-10-06,8357.6103515625,8358.0498046875,8521.4501953125,8338.4501953125,8512.7001953125,0
2021-10-07,8553.0009765625,8553.4501953125,8575.599609375,8430.7998046875,8434.900390625,0
2021-10-08,8591.6982421875,8592.150390625,8614.4501953125,8556.75,8607.7998046875,0
2021-10-11,8655.044921875,8655.5,8700.2001953125,8574.650390625,8622.9501953125,0
2021-10-12,8728.791015625,8729.25,8737.650390625,8619.0498046875,8684.599609375,0
2021-10-13,8850.7353515625,8851.2001953125,8890.7001953125,8770.75,8783.400390625,0
2021-10-14,8935.6806640625,8936.150390625,9002.849609375,8913.0,8944.4501953125,0
2021-10-18,9079.322265625,9079.7998046875,9134.7001953125,8987.150390625,9036.650390625,0
2021-10-19,8877.93359375,8878.400390625,9196.75,8819.7001953125,9167.599609375,0
2021-10-20,8708.6923828125,8709.150390625,8867.9501953125,8624.5,8855.900390625,0
2021-10-21,8683.2939453125,8683.75,8772.650390625,8583.75,8757.75,0
2021-10-22,8634.595703125,8635.0498046875,8781.7001953125,8556.5498046875,8705.349609375,0
2021-10-25,8458.10546875,8458.5498046875,8686.099609375,8342.25,8681.9501953125,0
2021-10-26,8641.1962890625,8641.650390625,8656.599609375,8473.849609375,8476.2001953125,0
2021-10-27,8659.794921875,8660.25,8709.400390625,8642.150390625,8693.599609375,0
2021-10-28,8514.0029296875,8514.4501953125,8676.7001953125,8489.400390625,8671.7001953125,0
2021-10-29,8513.052734375,8513.5,8625.2001953125,8323.7001953125,8468.9501953125,0
2021-11-01,8679.7939453125,8680.25,8692.099609375,8531.349609375,8579.2001953125,0
2021-11-02,8763.138671875,8763.599609375,8784.5498046875,8712.7001953125,8717.849609375,0
2021-11-03,8725.69140625,8726.150390625,8832.599609375,8682.650390625,8800.650390625,0
2021-11-04,8788.7880859375,8789.25,8814.849609375,8778.0498046875,8790.849609375,87700
2021-11-08,8928.580078125,8929.0498046875,8940.2001953125,8765.7998046875,8820.150390625,0
2021-11-09,9017.326171875,9017.7998046875,9067.150390625,8949.0498046875,8959.25,0
2021-11-10,8968.228515625,8968.7001953125,9017.099609375,8949.0498046875,9001.4501953125,0
2021-11-11,8882.9833984375,8883.4501953125,8973.0498046875,8823.9501953125,8972.150390625,0
2021-11-12,8926.080078125,8926.5498046875,8972.9501953125,8854.099609375,8964.9501953125,0
2021-11-15,8964.5283203125,8965.0,8976.400390625,8911.4501953125,8955.5,0
2021-11-16,8940.2802734375,8940.75,9021.849609375,8920.2998046875,8986.099609375,0
2021-11-17,8884.3330078125,8884.7998046875,8943.9501953125,8869.5498046875,8926.0,0
2021-11-18,8734.541015625,8735.0,8924.349609375,8691.2001953125,8896.349609375,0
2021-11-22,8476.0048828125,8476.4501953125,8755.5498046875,8387.650390625,8752.599609375,0
2021-11-23,8636.49609375,8636.9501953125,8650.849609375,8390.9501953125,8425.75,0
2021-11-24,8591.34765625,8591.7998046875,8708.2998046875,8559.7998046875,8677.599609375,0
2021-11-25,8630.0458984375,8630.5,8644.2001953125,8535.4501953125,8604.75,850100
2021-11-26,8302.3134765625,8302.75,8553.75,8279.650390625,8550.75,0
2021-11-29,8175.8203125,8176.25,8273.2998046875,8023.5498046875,8243.25,0
2021-11-30,8185.86962890625,8186.2998046875,8398.9501953125,8157.0498046875,8226.349609375,0
2021-12-01,8302.4130859375,8302.849609375,8317.650390625,8179.0,8238.849609375,0
2021-12-02,8401.5087890625,8401.9501953125,8416.599609375,8275.7998046875,8322.849609375,0
2021-12-03,8401.708984375,8402.150390625,8481.7998046875,8380.5,8421.849609375,0
2021-12-06,8300.013671875,8300.4501953125,8434.2001953125,8285.0,8413.900390625,0
2021-12-07,8408.9072265625,8409.349609375,8430.400390625,8318.7998046875,8361.5,0
2021-12-08,8554.25,8554.7001953125,8561.75,8469.099609375,8474.2998046875,0
2021-12-09,8592.248046875,8592.7001953125,8607.25,8526.7998046875,8589.099609375,0
2021-12-10,8650.044921875,8650.5,8659.4501953125,8571.849609375,8584.2001953125,0
2021-12-13,8628.9462890625,8629.400390625,8735.900390625,8621.900390625,8703.900390625,605200
2021-12-14,8592.6982421875,8593.150390625,8613.900390625,8519.25,8606.9501953125,0
2021-12-15,8520.0517578125,8520.5,8619.650390625,8507.099609375,8601.7001953125,0
2021-12-16,8485.7041015625,8486.150390625,8592.2998046875,8442.349609375,8579.400390625,0
2021-12-17,8267.115234375,8267.5498046875,8501.2001953125,8251.099609375,8492.7998046875,0
2021-12-20,7949.68212890625,7950.10009765625,8180.0,7815.35009765625,8164.0,0
2021-12-21,8064.17626953125,8064.60009765625,8129.4501953125,7994.5,8014.0498046875,0
2021-12-22,8201.66796875,8202.099609375,8209.400390625,8091.0498046875,8100.89990234375,0
2021-12-23,8280.4140625,8280.849609375,8291.400390625,8242.7998046875,8261.75,0
2021-12-24,8189.119140625,8189.5498046875,8319.150390625,8160.9501953125,8318.2998046875,453000
2021-12-27,8203.96875,8204.400390625,8215.849609375,8079.2998046875,8151.60009765625,0
2021-12-28,8300.4130859375,8300.849609375,8316.5,8240.5,8247.75,0
2021-12-29,8306.8134765625,8307.25,8346.25,8287.0,8298.5498046875,0
2021-12-30,8297.4638671875,8297.900390625,8310.75,8268.0498046875,8300.0498046875,0
2021-12-31,8410.3076171875,8410.75,8422.5,8312.849609375,8314.400390625,0
2022-01-03,8523.8515625,8524.2998046875,8535.599609375,8424.4501953125,8429.400390625,0
2022-01-04,8558.7001953125,8559.150390625,8583.349609375,8497.0,8558.2001953125,0
2022-01-05,8570.349609375,8570.7998046875,8588.0498046875,8518.2998046875,8565.599609375,0
2022-01-06,8595.748046875,8596.2001953125,8606.349609375,8470.0,8504.2998046875,0
2022-01-07,8646.6455078125,8647.099609375,8674.400390625,8581.7998046875,8623.75,0
2022-01-10,8725.7412109375,8726.2001953125,8732.849609375,8681.25,8684.5,0
2022-01-11,8735.140625,8735.599609375,8773.0498046875,8710.599609375,8718.5,0
2022-01-12,8839.634765625,8840.099609375,8847.400390625,8754.599609375,8781.400390625,0
2022-01-13,8896.58203125,8897.0498046875,8905.2998046875,8796.900390625,8858.75,0
2022-01-14,8889.08203125,8889.5498046875,8921.9501953125,8827.9501953125,8868.2001953125,0
2022-01-17,8900.4326171875,8900.900390625,8927.900390625,8887.4501953125,8907.150390625,0
2022-01-18,8697.443359375,8697.900390625,8946.650390625,8671.5498046875,8937.75,0
2022-01-19,8679.0439453125,8679.5,8690.849609375,8570.75,8681.9501953125,0
2022-01-20,8654.6953125,8655.150390625,8712.849609375,8611.25,8676.9501953125,0
2022-01-21,8436.3564453125,8436.7998046875,8625.900390625,8378.099609375,8610.650390625,0
2022-01-24,8104.173828125,8104.60009765625,8439.9501953125,8031.14990234375,8431.7998046875,0
2022-01-25,8213.0185546875,8213.4501953125,8223.5,7917.60009765625,8019.60009765625,0
2022-01-27,8144.27197265625,8144.7001953125,8163.5498046875,8000.4501953125,8146.89990234375,0
2022-01-28,8257.015625,8257.4501953125,8423.7998046875,8225.4501953125,8230.2998046875,0
2022-01-31,8394.958984375,8395.400390625,8415.2998046875,8338.5,8366.349609375,0
2022-02-01,8471.8544921875,8472.2998046875,8485.5498046875,8327.099609375,8481.75,0
2022-02-02,8568.9501953125,8569.400390625,8595.25,8515.2998046875,8518.0,0
2022-02-03,8469.455078125,8469.900390625,8561.4501953125,8448.349609375,8557.0498046875,0
2022-02-04,8382.009765625,8382.4501953125,8492.5498046875,8365.5498046875,8452.4501953125,0
2022-02-07,8288.064453125,8288.5,8436.650390625,8238.7001953125,8397.2998046875,0
2022-02-08,8236.767578125,8237.2001953125,8352.7001953125,8136.5498046875,8324.349609375,0
2022-02-09,8364.16015625,8364.599609375,8374.2001953125,8275.5498046875,8279.150390625,0
2022-02-10,8392.408203125,8392.849609375,8422.7998046875,8323.349609375,8396.0498046875,0
2022-02-11,8201.66796875,8202.099609375,8343.9501953125,8183.4501953125,8329.75,0
2022-02-14,7879.8359375,7880.25,8054.5498046875,7858.39990234375,8019.9501953125,0
2022-02-15,8123.6728515625,8124.10009765625,8134.60009765625,7820.0,7928.10009765625,0
2022-02-16,8097.2744140625,8097.7001953125,8198.0,8071.25,8179.64990234375,0
2022-02-17,8069.02587890625,8069.4501953125,8165.25,8052.35009765625,8137.14990234375,0
2022-02-18,7996.52978515625,7996.9501953125,8092.2998046875,7986.35009765625,8024.14990234375,0
2022-02-21,7932.18310546875,7932.60009765625,8015.2998046875,7869.9501953125,7956.64990234375,672200
2022-02-22,7867.78662109375,7868.2001953125,7881.85009765625,7719.35009765625,7720.35009765625,0
2022-02-23,7893.8349609375,7894.25,7977.10009765625,7883.4501953125,7933.25,0
2022-02-24,7407.26025390625,7407.64990234375,7715.4501953125,7394.85009765625,7650.2998046875,0
2022-02-25,7735.54345703125,7735.9501953125,7751.5498046875,7580.2998046875,7584.5498046875,0
2022-02-28,7810.03955078125,7810.4501953125,7822.10009765625,7581.5,7657.14990234375,0
2022-03-02,7792.84033203125,7793.25,7827.10009765625,7722.39990234375,7744.7001953125,0
2022-03-03,7730.6435546875,7731.0498046875,7895.35009765625,7710.5,7884.0,0
2022-03-04,7551.85302734375,7552.25,7676.2998046875,7539.35009765625,7672.35009765625,0
2022-03-07,7385.9619140625,7386.35009765625,7416.2998046875,7276.7001953125,7410.35009765625,0
2022-03-08,7503.20556640625,7503.60009765625,7517.35009765625,7326.60009765625,7379.39990234375,0
2022-03-09,7671.296875,7671.7001953125,7699.35009765625,7534.35009765625,7569.9501953125,0
2022-03-10,7724.0439453125,7724.4501953125,7839.10009765625,7682.5498046875,7833.14990234375,0
2022-03-11,7777.84130859375,7778.25,7788.14990234375,7667.85009765625,7702.35009765625,0
2022-03-14,7805.68994140625,7806.10009765625,7824.2001953125,7719.64990234375,7785.7001953125,352200
2022-03-15,7739.693359375,7740.10009765625,7873.25,7701.4501953125,7828.39990234375,474300
2022-03-16,7896.68505859375,7897.10009765625,7903.89990234375,7819.10009765625,7840.85009765625,306200
2022-03-17,8008.529296875,8008.9501953125,8035.10009765625,7990.35009765625,7996.7001953125,356400
2022-03-21,7953.33203125,7953.75,8053.75,7942.2001953125,8052.4501953125,324400
2022-03-22,7985.47998046875,7985.89990234375,7995.60009765625,7861.10009765625,7954.85009765625,0
2022-03-23,8027.1279296875,8027.5498046875,8071.10009765625,8004.5498046875,8036.25,0
2022-03-24,8087.474609375,8087.89990234375,8094.7998046875,8005.60009765625,8018.89990234375,0
2022-03-25,8055.87646484375,8056.2998046875,8130.7998046875,8019.35009765625,8125.4501953125,0
2022-03-28,8014.6787109375,8015.10009765625,8084.25,7945.14990234375,8067.7001953125,0
2022-03-29,8044.52734375,8044.9501953125,8100.4501953125,8021.4501953125,8061.2998046875,0
2022-03-30,8131.67236328125,8132.10009765625,8140.9501953125,8086.25,8107.4501953125,0
2022-03-31,8183.31982421875,8183.75,8195.349609375,8137.39990234375,8166.89990234375,0
2022-04-01,8308.263671875,8308.7001953125,8319.849609375,8171.75,8187.14990234375,0
2022-04-04,8424.056640625,8424.5,8436.150390625,8337.2998046875,8339.5498046875,0
2022-04-05,8516.0029296875,8516.4501953125,8542.5498046875,8440.150390625,8475.7001953125,0
2022-04-06,8563.5,8563.9501953125,8582.150390625,8471.0,8502.2001953125,0
2022-04-07,8510.8525390625,8511.2998046875,8611.75,8477.150390625,8562.9501953125,0
2022-04-08,8587.048828125,8587.5,8607.2998046875,8525.150390625,8562.2001953125,0
2022-04-11,8617.5966796875,8618.0498046875,8657.5,8602.650390625,8614.150390625,0
2022-04-12,8467.1044921875,8467.5498046875,8606.4501953125,8385.4501953125,8604.2001953125,0
2022-04-13,8454.9560546875,8455.400390625,8531.099609375,8442.849609375,8512.75,0
2022-04-18,8351.810546875,8352.25,8383.7001953125,8277.150390625,8373.0498046875,0
2022-04-19,8252.8662109375,8253.2998046875,8447.5498046875,8173.39990234375,8414.4501953125,344600
2022-04-20,8293.6142578125,8294.0498046875,8365.9501953125,8242.0,8283.849609375,0
2022-04-21,8386.259765625,8386.7001953125,8396.349609375,8342.7001953125,8347.7001953125,0
2022-04-22,8299.3134765625,8299.75,8388.2001953125,8287.75,8339.150390625,0
2022-04-25,8120.92333984375,8121.35009765625,8226.599609375,8086.85009765625,8223.0,0
2022-04-26,8271.3154296875,8271.75,8279.2998046875,8193.9501953125,8199.0498046875,0
2022-04-27,8194.4697265625,8194.900390625,8250.400390625,8135.60009765625,8207.2001953125,0
2022-04-28,8244.5166015625,8244.9501953125,8260.349609375,8157.2998046875,8258.0498046875,0
2022-04-29,8168.42041015625,8168.85009765625,8333.5,8148.75,8303.0,0
2022-05-02,8119.72314453125,8120.14990234375,8133.2001953125,8055.0498046875,8096.7998046875,0
2022-05-04,7933.283203125,7933.7001953125,8180.7001953125,7903.75,8167.0498046875,0
2022-05-05,7971.68115234375,7972.10009765625,8085.25,7946.64990234375,8025.39990234375,0
2022-05-06,7821.638671875,7822.0498046875,7860.85009765625,7750.14990234375,7832.14990234375,0
2022-05-09,7668.546875,7668.9501953125,7763.2998046875,7616.89990234375,7748.89990234375,0
2022-05-10,7533.25390625,7533.64990234375,7743.4501953125,7511.10009765625,7649.60009765625,0
2022-05-11,7499.10595703125,7499.5,7605.89990234375,7363.14990234375,7570.2998046875,0
2022-05-12,7316.6650390625,7317.0498046875,7450.25,7257.75,7442.89990234375,0
2022-05-13,7351.5634765625,7351.9501953125,7524.39990234375,7330.85009765625,7414.2001953125,0
2022-05-16,7468.5576171875,7468.9501953125,7484.7998046875,7315.5498046875,7392.25,0
2022-05-17,7661.7470703125,7662.14990234375,7673.89990234375,7482.0498046875,7505.7998046875,0
2022-05-18,7647.248046875,7647.64990234375,7740.64990234375,7618.39990234375,7701.39990234375,0
2022-05-19,7422.35986328125,7422.75,7516.0,7384.75,7483.85009765625,0
2022-05-20,7591.201171875,7591.60009765625,7600.0,7535.2998046875,7540.10009765625,0
2022-05-23,7568.80224609375,7569.2001953125,7682.14990234375,7553.2998046875,7629.35009765625,0
2022-05-24,7533.2041015625,7533.60009765625,7590.7998046875,7501.64990234375,7576.10009765625,0
2022-05-25,7395.3115234375,7395.7001953125,7575.35009765625,7374.9501953125,7558.60009765625,0
2022-05-26,7488.15625,7488.5498046875,7511.39990234375,7281.7998046875,7426.7998046875,0
2022-05-27,7593.75048828125,7594.14990234375,7603.39990234375,7522.75,7555.0,0
2022-05-30,7757.04248046875,7757.4501953125,7764.9501953125,7662.5,7668.60009765625,0
2022-05-31,7782.99072265625,7783.39990234375,7831.75,7741.25,7753.7001953125,0
2022-06-01,7797.33984375,7797.75,7850.4501953125,7752.39990234375,7802.7001953125,0
2022-06-02,7837.18798828125,7837.60009765625,7846.89990234375,7766.2001953125,7804.2998046875,0
2022-06-03,7711.49462890625,7711.89990234375,7909.7998046875,7702.4501953125,7894.85009765625,0
2022-06-06,7675.5966796875,7676.0,7708.75,7597.35009765625,7702.4501953125,0
2022-06-07,7620.19970703125,7620.60009765625,7652.89990234375,7577.60009765625,7644.5,0
2022-06-08,7604.35009765625,7604.75,7676.5,7560.64990234375,7632.0498046875,0
2022-06-09,7639.29833984375,7639.7001953125,7648.14990234375,7544.35009765625,7573.7998046875,0
2022-06-10,7585.2509765625,7585.64990234375,7599.10009765625,7540.4501953125,7575.5498046875,0
2022-06-13,7354.9130859375,7355.2998046875,7467.14990234375,7326.5498046875,7461.25,0
2022-06-14,7344.7138671875,7345.10009765625,7438.0498046875,7309.35009765625,7310.2001953125,0
2022-06-15,7376.26220703125,7376.64990234375,7405.64990234375,7344.10009765625,7386.60009765625,0
2022-06-16,7195.771484375,7196.14990234375,7468.0498046875,7181.2998046875,7453.85009765625,0
2022-06-17,7157.7236328125,7158.10009765625,7231.7998046875,7088.25,7150.2998046875,0
2022-06-20,7031.93017578125,7032.2998046875,7178.5,6963.14990234375,7163.64990234375,0
2022-06-21,7231.16943359375,7231.5498046875,7242.35009765625,7071.7001953125,7080.9501953125,0
2022-06-22,7119.32568359375,7119.7001953125,7209.7998046875,7103.7001953125,7209.7998046875,0
2022-06-23,7212.57080078125,7212.9501953125,7239.14990234375,7113.5498046875,7134.7998046875,0
2022-06-24,7314.01513671875,7314.39990234375,7323.4501953125,7253.7998046875,7257.89990234375,0
2022-06-27,7390.611328125,7391.0,7435.39990234375,7382.85009765625,7402.0498046875,0
2022-06-28,7399.06103515625,7399.4501953125,7408.7001953125,7332.39990234375,7358.89990234375,0
2022-06-29,7359.5634765625,7359.9501953125,7375.4501953125,7292.75,7322.75,0
2022-06-30,7297.26611328125,7297.64990234375,7387.64990234375,7280.4501953125,7357.10009765625,0
2022-07-01,7355.1630859375,7355.5498046875,7372.7001953125,7219.2001953125,7268.4501953125,0
2022-07-04,7421.60986328125,7422.0,7429.35009765625,7320.89990234375,7352.7001953125,0
2022-07-05,7399.91064453125,7400.2998046875,7494.14990234375,7388.25,7450.39990234375,0
2022-07-06,7560.90234375,7561.2998046875,7571.89990234375,7393.2998046875,7415.7998046875,0
2022-07-07,7650.59765625,7651.0,7657.35009765625,7584.0,7610.75,0
2022-07-08,7666.94677734375,7667.35009765625,7702.89990234375,7622.75,7700.5,0
2022-07-11,7690.99560546875,7691.39990234375,7700.0498046875,7624.39990234375,7638.9501953125,0
2022-07-12,7625.34912109375,7625.75,7700.5,7610.89990234375,7664.39990234375,0
2022-07-13,7660.447265625,7660.85009765625,7695.0498046875,7636.7001953125,7656.89990234375,0
2022-07-14,7649.5478515625,7649.9501953125,7693.14990234375,7595.4501953125,7671.89990234375,0
2022-07-15,7716.34423828125,7716.75,7726.4501953125,7651.35009765625,7663.89990234375,0
2022-07-18,7843.087890625,7843.5,7850.5498046875,7768.10009765625,7778.2001953125,0
2022-07-19,7891.43505859375,7891.85009765625,7901.35009765625,7803.64990234375,7814.4501953125,0
2022-07-20,7906.234375,7906.64990234375,7973.9501953125,7891.64990234375,7968.7998046875,0
2022-07-21,8024.6279296875,8025.0498046875,8037.9501953125,7901.7998046875,7911.9501953125,0
2022-07-22,8037.82763671875,8038.25,8077.35009765625,8009.7001953125,8052.60009765625,0
2022-07-25,8038.97705078125,8039.39990234375,8060.2001953125,7999.7001953125,8036.0498046875,0
2022-07-26,7939.63232421875,7940.0498046875,8049.60009765625,7931.10009765625,8047.35009765625,0
2022-07-27,8003.72900390625,8004.14990234375,8012.35009765625,7900.2998046875,7925.0,0
2022-07-28,8068.07568359375,8068.5,8086.35009765625,8012.5,8053.75,0
2022-07-29,8170.3701171875,8170.7998046875,8186.2998046875,8120.7998046875,8136.9501953125,0
2022-08-01,8300.0634765625,8300.5,8309.4501953125,8178.89990234375,8203.75,0
2022-08-02,8318.912109375,8319.349609375,8335.75,8239.900390625,8288.2998046875,0
2022-08-03,8218.6181640625,8219.0498046875,8319.7001953125,8159.85009765625,8313.599609375,0
2022-08-04,8218.16796875,8218.599609375,8293.25,8093.7001953125,8254.900390625,0
2022-08-05,8225.4677734375,8225.900390625,8253.4501953125,8200.0498046875,8244.75,0
2022-08-08,8257.9150390625,8258.349609375,8272.400390625,8195.7001953125,8224.0,0
2022-08-10,8247.416015625,8247.849609375,8287.5,8206.7001953125,8276.849609375,0
2022-08-11,8322.412109375,8322.849609375,8354.0,8297.849609375,8314.0,0
2022-08-12,8358.0107421875,8358.4501953125,8385.9501953125,8327.150390625,8348.5,0
2022-08-16,8455.7060546875,8456.150390625,8461.4501953125,8392.7001953125,8403.900390625,0
2022-08-17,8506.3525390625,8506.7998046875,8519.650390625,8478.349609375,8489.0,0
2022-08-18,8531.8515625,8532.2998046875,8553.4501953125,8480.4501953125,8505.7001953125,0
2022-08-19,8429.3564453125,8429.7998046875,8573.2001953125,8403.2001953125,8556.5498046875,0
2022-08-22,8258.9658203125,8259.400390625,8401.0498046875,8248.5,8401.0498046875,0
2022-08-23,8358.16015625,8358.599609375,8377.349609375,8183.7998046875,8196.7001953125,0
2022-08-24,8419.5078125,8419.9501953125,8427.2998046875,8331.0498046875,8361.400390625,0
2022-08-25,8431.2568359375,8431.7001953125,8508.2998046875,8418.150390625,8464.349609375,0
2022-08-26,8477.8544921875,8478.2998046875,8535.150390625,8459.5498046875,8488.900390625,0
2022-08-29,8394.158203125,8394.599609375,8402.349609375,8261.2001953125,8262.2001953125,0
2022-08-30,8555.5498046875,8556.0,8563.349609375,8445.599609375,8450.400390625,0
2022-09-01,8598.6474609375,8599.099609375,8617.5,8490.349609375,8501.2998046875,0
2022-09-02,8587.2490234375,8587.7001953125,8671.25,8575.099609375,8641.849609375,0
2022-09-05,8630.1455078125,8630.599609375,8650.7001953125,8613.099609375,8614.7998046875,366700
2022-09-06,8651.4951171875,8651.9501953125,8685.9501953125,8625.900390625,8667.5498046875,0
2022-09-07,8699.5927734375,8700.0498046875,8705.5,8614.849609375,8625.7001953125,0
2022-09-08,8713.6416015625,8714.099609375,8778.400390625,8696.7001953125,8763.0498046875,0
2022-09-09,8735.140625,8735.599609375,8784.650390625,8694.150390625,8766.2001953125,0
2022-09-12,8820.5859375,8821.0498046875,8827.7998046875,8760.5498046875,8769.599609375,0
2022-09-13,8828.5361328125,8829.0,8881.7998046875,8821.75,8862.4501953125,0
2022-09-14,8795.23828125,8795.7001953125,8817.400390625,8702.7001953125,8713.7998046875,0
2022-09-15,8832.78515625,8833.25,8869.849609375,8769.75,8843.650390625,0
2022-09-16,8572.9990234375,8573.4501953125,8843.599609375,8499.349609375,8825.150390625,0
2022-09-19,8572.44921875,8572.900390625,8627.7001953125,8506.7998046875,8597.25,0
2022-09-20,8680.1435546875,8680.599609375,8746.0498046875,8634.9501953125,8636.2998046875,0
2022-09-21,8627.4970703125,8627.9501953125,8734.7001953125,8601.5498046875,8681.0,0
2022-09-22,8660.6953125,8661.150390625,8692.5498046875,8561.150390625,8596.150390625,0
2022-09-23,8428.306640625,8428.75,8685.0498046875,8412.4501953125,8667.0,0
2022-09-26,8174.0205078125,8174.4501953125,8363.0498046875,8094.85009765625,8357.849609375,0
2022-09-27,8181.7197265625,8182.14990234375,8254.7998046875,8100.4501953125,8224.599609375,0
2022-09-28,8140.2724609375,8140.7001953125,8225.25,8106.64990234375,8127.7001953125,0
2022-09-29,8179.169921875,8179.60009765625,8248.7998046875,8112.64990234375,8215.599609375,0
2022-09-30,8332.26171875,8332.7001953125,8349.849609375,8101.75,8180.0498046875,0
2022-10-03,8225.4677734375,8225.900390625,8366.150390625,8192.75,8341.7001953125,0
2022-10-04,8480.7041015625,8481.150390625,8494.2998046875,8353.9501953125,8363.400390625,0
2022-10-06,8579.048828125,8579.5,8621.5,8551.2001953125,8555.2001953125,0
2022-10-07,8558.349609375,8558.7998046875,8586.9501953125,8487.2998046875,8580.349609375,0
2022-10-10,8482.7041015625,8483.150390625,8511.0498046875,8419.099609375,8452.4501953125,0
2022-10-11,8340.4111328125,8340.849609375,8512.4501953125,8316.099609375,8510.900390625,0
2022-10-12,8405.6572265625,8406.099609375,8421.2001953125,8289.099609375,8366.75,0
2022-10-13,8327.712890625,8328.150390625,8425.150390625,8286.0,8411.650390625,0
2022-10-14,8325.912109375,8326.349609375,8465.150390625,8315.75,8455.349609375,0
2022-10-17,8384.609375,8385.0498046875,8396.2998046875,8248.25,8313.5498046875,0
2022-10-18,8518.3515625,8518.7998046875,8527.400390625,8430.349609375,8454.7998046875,0
2022-10-19,8519.6015625,8520.0498046875,8559.9501953125,8498.4501953125,8540.4501953125,0
2022-10-20,8483.9033203125,8484.349609375,8494.0498046875,8428.5,8480.2998046875,0
2022-10-21,8457.4560546875,8457.900390625,8542.4501953125,8416.4501953125,8504.2001953125,0
2022-10-24,8496.25390625,8496.7001953125,8560.5,8486.4501953125,8560.349609375,93200
2022-10-25,8536.6005859375,8537.0498046875,8562.25,8434.0,8512.099609375,426100
2022-10-27,8602.998046875,8603.4501953125,8618.400390625,8552.9501953125,8572.0498046875,348100
2022-10-28,8580.798828125,8581.25,8635.150390625,8552.599609375,8623.7001953125,350400
2022-10-31,8689.892578125,8690.349609375,8694.9501953125,8618.349609375,8620.0498046875,276600
2022-11-01,8761.9892578125,8762.4501953125,8771.349609375,8709.650390625,8722.7001953125,343400
2022-11-02,8742.490234375,8742.9501953125,8773.099609375,8723.349609375,8758.599609375,258800
2022-11-03,8774.638671875,8775.099609375,8783.400390625,8697.150390625,8705.349609375,353100
2022-11-04,8746.5400390625,8747.0,8801.650390625,8724.349609375,8783.7998046875,327200
2022-11-07,8824.3359375,8824.7998046875,8830.2001953125,8759.150390625,8791.7998046875,369900
2022-11-09,8759.8388671875,8760.2998046875,8846.9501953125,8744.599609375,8843.099609375,609800
2022-11-10,8674.59375,8675.0498046875,8768.7998046875,8644.5498046875,8746.599609375,402900
2022-11-11,8680.1435546875,8680.599609375,8808.5498046875,8649.2998046875,8776.0498046875,420500
2022-11-14,8678.09375,8678.5498046875,8698.0498046875,8616.7001953125,8680.150390625,307200
2022-11-15,8674.994140625,8675.4501953125,8692.599609375,8636.400390625,8679.4501953125,202100
2022-11-16,8596.9482421875,8597.400390625,8685.5,8556.7001953125,8676.4501953125,281700
2022-11-17,8582.8984375,8583.349609375,8604.7001953125,8555.650390625,8584.0498046875,265400
2022-11-18,8539.400390625,8539.849609375,8613.849609375,8498.599609375,8604.900390625,358000
2022-11-21,8536.0009765625,8536.4501953125,8546.7998046875,8495.25,8532.599609375,365200
2022-11-22,8583.298828125,8583.75,8592.0498046875,8535.75,8550.5498046875,309300
2022-11-23,8627.947265625,8628.400390625,8642.400390625,8602.2998046875,8613.599609375,443400
2022-11-24,8672.994140625,8673.4501953125,8680.4501953125,8641.7998046875,8657.650390625,343200
2022-11-25,8758.0400390625,8758.5,8769.599609375,8683.349609375,8693.849609375,634500
2022-11-28,8807.537109375,8808.0,8817.25,8753.150390625,8760.349609375,343000
2022-11-29,8763.888671875,8764.349609375,8833.0498046875,8750.599609375,8812.599609375,292000
2022-11-30,8855.1337890625,8855.599609375,8874.5498046875,8775.7998046875,8778.7001953125,466300
2022-12-01,8931.6806640625,8932.150390625,8944.5498046875,8865.0,8896.650390625,328700
2022-12-02,8993.677734375,8994.150390625,8999.849609375,8924.5498046875,8936.2001953125,289200
2022-12-05,9014.2265625,9014.7001953125,9024.25,8953.2998046875,9021.9501953125,338800
2022-12-06,8967.9287109375,8968.400390625,9009.2001953125,8947.25,8995.2001953125,488500
2022-12-07,8919.53125,8920.0,9004.0498046875,8910.099609375,8979.150390625,338900
2022-12-08,8975.578125,8976.0498046875,8982.150390625,8922.400390625,8944.7001953125,311900
2022-12-09,8916.8310546875,8917.2998046875,9042.849609375,8840.75,9024.75,463300
2022-12-12,8960.12890625,8960.599609375,8965.0,8853.099609375,8920.75,285300
2022-12-13,8995.8271484375,8996.2998046875,9001.25,8960.849609375,8982.900390625,343800
2022-12-14,9069.623046875,9070.099609375,9085.599609375,9026.75,9035.2001953125,866200
2022-12-15,8981.626953125,8982.099609375,9086.75,8956.7998046875,9067.5,590000
2022-12-16,8830.9365234375,8831.400390625,8971.400390625,8824.599609375,8937.0,428800
2022-12-19,8890.232421875,8890.7001953125,8898.75,8782.400390625,8838.7001953125,264500
2022-12-20,8859.4345703125,8859.900390625,8889.75,8776.650390625,8871.900390625,339400
2022-12-21,8738.140625,8738.599609375,8931.0498046875,8708.0,8887.4501953125,396500
2022-12-22,8691.443359375,8691.900390625,8806.7001953125,8625.2998046875,8782.25,464500
2022-12-23,8399.908203125,8400.349609375,8638.099609375,8382.150390625,8616.0,455900
2022-12-27,8677.84375,8678.2998046875,8689.849609375,8593.0498046875,8644.400390625,345700
2022-12-28,8697.943359375,8698.400390625,8714.0,8624.650390625,8669.349609375,349000
2022-12-29,8697.04296875,8697.5,8723.0498046875,8589.7998046875,8662.400390625,393200
2022-12-30,8751.2900390625,8751.75,8797.4501953125,8735.150390625,8750.400390625,454700
2023-01-02,8821.7998046875,8821.7998046875,8830.599609375,8746.2001953125,8787.400390625,0
2023-01-03,8843.349609375,8843.349609375,8868.099609375,8809.400390625,8834.25,410200
2023-01-04,8745.7001953125,8745.7001953125,8863.9501953125,8713.5,8849.5498046875,379400
2023-01-05,8808.599609375,8808.599609375,8818.0,8722.9501953125,8778.349609375,330400
2023-01-06,8752.2998046875,8752.2998046875,8827.0498046875,8717.099609375,8817.7001953125,335700
2023-01-09,8826.9501953125,8826.9501953125,8841.75,8779.599609375,8816.0,409200
2023-01-10,8786.2998046875,8786.2998046875,8836.7998046875,8734.2001953125,8836.5498046875,321800
2023-01-11,8785.400390625,8785.400390625,8829.0498046875,8748.7001953125,8802.650390625,326500
2023-01-12,8748.900390625,8748.900390625,8816.5,8709.349609375,8816.400390625,254500
2023-01-13,8747.400390625,8747.400390625,8769.4501953125,8687.099609375,8768.0,324100
2023-01-16,8707.349609375,8707.349609375,8797.5498046875,8694.599609375,8766.4501953125,405300
2023-01-17,8695.650390625,8695.650390625,8728.400390625,8634.75,8723.7001953125,336500
2023-01-18,8754.099609375,8754.099609375,8773.0498046875,8700.5,8715.5,248900
2023-01-19,8755.349609375,8755.349609375,8762.75,8706.900390625,8734.5498046875,364500
2023-01-20,8687.150390625,8687.150390625,8770.4501953125,8677.5,8763.75,238300
2023-01-23,8788.5,8788.5,8797.2001953125,8690.7998046875,8717.5498046875,332600
2023-01-24,8733.4501953125,8733.4501953125,8804.25,8720.900390625,8801.9501953125,259100
2023-01-25,8604.099609375,8604.099609375,8724.349609375,8576.849609375,8724.349609375,346000
2023-01-27,8463.0,8463.0,8636.7998046875,8374.5498046875,8629.25,449200
2023-01-30,8476.9501953125,8476.9501953125,8563.849609375,8410.9501953125,8466.400390625,458900
2023-01-31,8638.0,8638.0,8654.9501953125,8473.0498046875,8511.5498046875,398500
2023-02-01,8554.7001953125,8554.7001953125,8801.599609375,8402.5498046875,8714.2998046875,511500
2023-02-02,8580.650390625,8580.650390625,8630.2001953125,8489.25,8528.5498046875,441000
2023-02-03,8604.0498046875,8604.0498046875,8632.7998046875,8469.400390625,8618.9501953125,411600
2023-02-06,8667.2998046875,8667.2998046875,8684.0498046875,8601.849609375,8611.599609375,881100
2023-02-07,8659.5,8659.5,8692.849609375,8610.599609375,8680.2001953125,413800
2023-02-08,8740.4501953125,8740.4501953125,8747.650390625,8639.7998046875,8672.25,290900
2023-02-09,8758.5498046875,8758.5498046875,8778.75,8719.2998046875,8760.2998046875,253200
2023-02-10,8771.75,8771.75,8789.599609375,8708.2998046875,8733.099609375,240400
2023-02-13,8629.5,8629.5,8756.2998046875,8617.349609375,8742.7998046875,221300
2023-02-14,8627.349609375,8627.349609375,8654.2998046875,8564.099609375,8637.7001953125,225900
2023-02-15,8688.849609375,8688.849609375,8698.2001953125,8602.849609375,8614.2998046875,169800
2023-02-16,8749.7001953125,8749.7001953125,8774.5498046875,8707.400390625,8723.150390625,213600
2023-02-17,8658.849609375,8658.849609375,8732.400390625,8644.7001953125,8722.7001953125,255800
2023-02-20,8647.2998046875,8647.2998046875,8702.400390625,8614.0,8680.849609375,303700
2023-02-21,8609.9501953125,8609.9501953125,8675.5,8599.849609375,8672.349609375,219700
2023-02-22,8519.75,8519.75,8598.849609375,8491.099609375,8580.0498046875,276400
2023-02-23,8507.4501953125,8507.4501953125,8531.2998046875,8422.25,8523.25,479700
2023-02-24,8476.9501953125,8476.9501953125,8564.7998046875,8463.9501953125,8531.849609375,329300
2023-02-27,8418.0,8418.0,8468.7001953125,8338.2001953125,8467.2998046875,274800
2023-02-28,8456.7001953125,8456.7001953125,8483.400390625,8426.4501953125,8444.400390625,267000
2023-03-01,8567.7001953125,8567.7001953125,8575.5,8470.900390625,8474.099609375,268600
2023-03-02,8549.0,8549.0,8581.5,8533.849609375,8567.099609375,185000
2023-03-03,8623.75,8623.75,8640.0,8584.400390625,8595.900390625,251200
2023-03-06,8680.650390625,8680.650390625,8724.849609375,8658.5,8660.25,225800
2023-03-08,8745.099609375,8745.099609375,8753.25,8627.4501953125,8649.5498046875,217000
2023-03-09,8690.9501953125,8690.9501953125,8785.650390625,8679.349609375,8768.2998046875,179400
2023-03-10,8627.9501953125,8627.9501953125,8636.400390625,8544.7998046875,8636.400390625,186000
2023-03-13,8455.5498046875,8455.5498046875,8649.349609375,8433.0498046875,8625.849609375,214800
2023-03-14,8423.5,8423.5,8472.0,8372.75,8457.599609375,238700
2023-03-15,8411.400390625,8411.400390625,8512.75,8397.2001953125,8493.9501953125,211500
2023-03-16,8455.0498046875,8455.0498046875,8483.7998046875,8323.7001953125,8402.349609375,294700
2023-03-17,8487.7001953125,8487.7001953125,8535.7998046875,8445.599609375,8519.599609375,298200
2023-03-20,8392.2001953125,8392.2001953125,8487.849609375,8316.5,8471.25,236900
2023-03-21,8433.599609375,8433.599609375,8447.5498046875,8382.650390625,8422.599609375,205200
2023-03-22,8451.7001953125,8451.7001953125,8490.7998046875,8445.150390625,8467.5,0
2023-03-23,8399.900390625,8399.900390625,8452.4501953125,8390.2001953125,8435.5,179800
2023-03-24,8283.75,8283.75,8402.9501953125,8266.2998046875,8399.849609375,275900
2023-03-27,8255.849609375,8255.849609375,8325.0498046875,8243.75,8278.849609375,225700
2023-03-28,8231.099609375,8231.099609375,8283.9501953125,8194.599609375,8272.900390625,239900
2023-03-29,8373.5,8373.5,8390.4501953125,8225.0498046875,8225.2001953125,278300
2023-03-31,8466.7998046875,8466.7998046875,8490.900390625,8410.75,8413.2998046875,267400
2023-04-03,8497.75,8497.75,8515.099609375,8465.400390625,8513.2998046875,264600
2023-04-05,8495.5498046875,8495.5498046875,8501.4501953125,8451.7998046875,8500.7001953125,270300
2023-04-06,8550.650390625,8550.650390625,8559.150390625,8466.7001953125,8490.349609375,243400
2023-04-10,8581.9501953125,8581.9501953125,8591.5,8537.4501953125,8573.849609375,182900
2023-04-11,8607.849609375,8607.849609375,8634.7998046875,8570.099609375,8606.0498046875,197200
2023-04-12,8646.400390625,8646.400390625,8661.25,8615.849609375,8621.0498046875,185400
2023-04-13,8677.349609375,8677.349609375,8699.0498046875,8626.4501953125,8671.75,226200
2023-04-17,8699.2001953125,8699.2001953125,8707.849609375,8610.400390625,8647.9501953125,208600
2023-04-18,8771.7001953125,8771.7001953125,8781.75,8705.7998046875,8723.150390625,233200
2023-04-19,8753.4501953125,8753.4501953125,8805.25,8741.5,8789.5498046875,187900
2023-04-20,8767.099609375,8767.099609375,8792.400390625,8752.4501953125,8773.650390625,181400
2023-04-21,8731.2998046875,8731.2998046875,8782.150390625,8700.150390625,8780.7001953125,470900
2023-04-24,8790.2998046875,8790.2998046875,8794.599609375,8721.9501953125,8743.099609375,239700
2023-04-25,8815.099609375,8815.099609375,8846.400390625,8791.2998046875,8806.2998046875,220400
2023-04-26,8834.2001953125,8834.2001953125,8839.4501953125,8770.849609375,8800.5,323300
2023-04-27,8865.150390625,8865.150390625,8874.900390625,8834.650390625,8835.900390625,479900
2023-04-28,8962.849609375,8962.849609375,8970.150390625,8861.400390625,8878.849609375,393800
2023-05-02,9062.2001953125,9062.2001953125,9080.7001953125,8996.9501953125,9010.75,395400
2023-05-03,9065.849609375,9065.849609375,9099.849609375,9032.150390625,9046.650390625,276300
2023-05-04,9122.900390625,9122.900390625,9132.150390625,9071.400390625,9080.650390625,293300
2023-05-05,9036.7998046875,9036.7998046875,9155.2998046875,9027.25,9130.4501953125,305300
2023-05-08,9149.150390625,9149.150390625,9156.25,9062.2001953125,9069.400390625,256200
2023-05-09,9152.7998046875,9152.7998046875,9222.150390625,9132.599609375,9174.25,251800
2023-05-10,9158.0,9158.0,9184.75,9101.25,9184.75,320700
2023-05-11,9194.650390625,9194.650390625,9221.7998046875,9169.099609375,9191.849609375,383000
2023-05-12,9149.599609375,9149.599609375,9194.599609375,9125.25,9186.400390625,270400
2023-05-15,9239.25,9239.25,9255.5498046875,9133.9501953125,9162.0,259600
2023-05-16,9269.7001953125,9269.7001953125,9331.599609375,9261.2001953125,9279.25,404500
2023-05-17,9244.650390625,9244.650390625,9274.2001953125,9171.7001953125,9271.150390625,323000
2023-05-18,9176.5498046875,9176.5498046875,9287.2001953125,9166.0,9280.2998046875,221700
2023-05-19,9176.099609375,9176.099609375,9200.2998046875,9095.0498046875,9199.150390625,229900
2023-05-22,9235.900390625,9235.900390625,9241.25,9140.900390625,9162.650390625,205500
2023-05-23,9286.150390625,9286.150390625,9304.5,9247.900390625,9255.75,184300
2023-05-24,9267.599609375,9267.599609375,9319.0498046875,9248.0498046875,9290.0498046875,250600
2023-05-25,9332.0,9332.0,9342.0,9254.9501953125,9264.7998046875,349300
2023-05-26,9428.599609375,9428.599609375,9435.2998046875,9340.4501953125,9342.150390625,297300
2023-05-29,9470.349609375,9470.349609375,9478.7001953125,9419.900390625,9468.599609375,275000
2023-05-30,9506.400390625,9506.400390625,9514.9501953125,9459.599609375,9480.7998046875,225300
2023-05-31,9539.900390625,9539.900390625,9547.400390625,9485.650390625,9496.849609375,321400
2023-06-01,9559.5,9559.5,9603.400390625,9541.099609375,9547.2998046875,219300
2023-06-02,9629.650390625,9629.650390625,9637.7998046875,9587.0,9590.25,204700
2023-06-05,9638.150390625,9638.150390625,9684.900390625,9629.5,9669.2001953125,209600
2023-06-06,9628.150390625,9628.150390625,9644.599609375,9571.650390625,9643.2998046875,172000
2023-06-07,9704.75,9704.75,9710.25,9644.150390625,9658.5498046875,356600
2023-06-08,9609.599609375,9609.599609375,9725.150390625,9599.400390625,9723.9501953125,313200
2023-06-09,9598.849609375,9598.849609375,9650.0498046875,9590.25,9637.599609375,229500
2023-06-12,9675.650390625,9675.650390625,9685.7998046875,9592.5498046875,9628.4501953125,221400
2023-06-13,9795.5,9795.5,9801.2998046875,9694.349609375,9696.150390625,398100
2023-06-14,9819.650390625,9819.650390625,9833.0,9793.400390625,9825.7998046875,543800
2023-06-15,9803.349609375,9803.349609375,9864.2998046875,9796.0498046875,9835.25,347400
2023-06-16,9884.2001953125,9884.2001953125,9906.349609375,9817.349609375,9831.75,386500
2023-06-19,9891.5498046875,9891.5498046875,9950.25,9880.0,9926.7998046875,315400
2023-06-20,9957.5498046875,9957.5498046875,9968.2001953125,9871.5498046875,9900.0,306200
2023-06-21,10032.400390625,10032.400390625,10081.2998046875,10003.900390625,10033.7998046875,506600
2023-06-22,9911.4501953125,9911.4501953125,10047.7001953125,9872.75,10047.5,460100
2023-06-23,9807.25,9807.25,9905.400390625,9780.2998046875,9901.0,329800
2023-06-26,9883.7998046875,9883.7998046875,9894.0,9762.650390625,9809.400390625,275500
2023-06-27,9945.099609375,9945.099609375,9957.5498046875,9900.7998046875,9910.7998046875,318700
2023-06-28,10040.0498046875,10040.0498046875,10062.25,9966.0,9994.0,434300
2023-06-30,10126.849609375,10126.849609375,10133.25,10060.400390625,10072.849609375,316900
2023-07-03,10142.9501953125,10142.9501953125,10199.2001953125,10126.0,10189.75,389700
2023-07-04,10119.599609375,10119.599609375,10184.5,10095.7998046875,10182.7998046875,585800
2023-07-05,10194.150390625,10194.150390625,10205.0498046875,10113.4501953125,10137.0498046875,434800
2023-07-06,10267.400390625,10267.400390625,10271.900390625,10182.400390625,10200.7998046875,321700
2023-07-07,10169.9501953125,10169.9501953125,10266.5,10117.900390625,10255.75,340800
2023-07-10,10141.849609375,10141.849609375,10203.9501953125,10099.099609375,10203.599609375,356200
2023-07-11,10249.25,10249.25,10275.150390625,10169.099609375,10173.2001953125,291100
2023-07-12,10286.0,10286.0,10306.0498046875,10244.900390625,10282.25,301100
2023-07-13,10193.9501953125,10193.9501953125,10327.7001953125,10161.4501953125,10321.599609375,393700
2023-07-14,10350.9501953125,10350.9501953125,10356.849609375,10218.75,10241.849609375,275300
2023-07-17,10373.75,10373.75,10423.0498046875,10361.5498046875,10382.75,471100
2023-07-18,10368.599609375,10368.599609375,10416.349609375,10314.2998046875,10411.849609375,503100
2023-07-19,10454.900390625,10454.900390625,10460.0,10384.5498046875,10396.5,480500
2023-07-20,10476.25,10476.25,10483.2998046875,10447.4501953125,10481.2998046875,340700
2023-07-21,10446.5498046875,10446.5498046875,10479.2998046875,10411.9501953125,10428.7998046875,460000
2023-07-24,10461.2001953125,10461.2001953125,10522.2998046875,10437.7001953125,10461.0498046875,498300
2023-07-25,10503.4501953125,10503.4501953125,10515.7998046875,10428.4501953125,10515.099609375,335500
2023-07-26,10562.150390625,10562.150390625,10585.7998046875,10519.4501953125,10530.849609375,780200
2023-07-27,10624.5,10624.5,10656.4501953125,10583.099609375,10615.349609375,719700
2023-07-28,10686.2998046875,10686.2998046875,10694.75,10623.75,10644.7998046875,397700
2023-07-31,10822.5,10822.5,10831.5,10689.4501953125,10704.2001953125,506500
2023-08-01,10793.9501953125,10793.9501953125,10864.150390625,10772.400390625,10854.5,277000
2023-08-02,10643.2001953125,10643.2001953125,10784.900390625,10548.849609375,10781.650390625,434500
2023-08-03,10657.5498046875,10657.5498046875,10696.5498046875,10581.900390625,10628.2001953125,322300
2023-08-04,10741.900390625,10741.900390625,10780.349609375,10666.0,10705.7998046875,388700
2023-08-07,10787.7998046875,10787.7998046875,10795.349609375,10739.5498046875,10761.900390625,366500
2023-08-08,10803.400390625,10803.400390625,10840.650390625,10708.7998046875,10818.849609375,505500
2023-08-09,10855.900390625,10855.900390625,10865.9501953125,10744.5,10834.5498046875,303700
2023-08-10,10868.150390625,10868.150390625,10900.75,10803.150390625,10875.0,469400
2023-08-11,10821.849609375,10821.849609375,10913.400390625,10807.2001953125,10909.5498046875,411100
2023-08-14,10827.4501953125,10827.4501953125,10849.0,10674.150390625,10805.900390625,329500
2023-08-16,10837.5498046875,10837.5498046875,10851.849609375,10743.2001953125,10804.9501953125,0
2023-08-17,10872.75,10872.75,10903.5498046875,10839.2998046875,10858.25,422200
2023-08-18,10824.2998046875,10824.2998046875,10896.099609375,10794.150390625,10878.900390625,274800
2023-08-21,10904.0,10904.0,10922.7001953125,10818.2998046875,10847.2998046875,230700
2023-08-22,11009.2001953125,11009.2001953125,11015.0,10918.900390625,10934.099609375,412700
2023-08-23,11081.7001953125,11081.7001953125,11106.4501953125,11026.900390625,11038.400390625,306300
2023-08-24,11131.0498046875,11131.0498046875,11185.650390625,11118.650390625,11142.2998046875,327300
2023-08-25,11021.599609375,11021.599609375,11132.349609375,11003.25,11098.900390625,656600
2023-08-28,11073.0498046875,11073.0498046875,11093.0,11031.650390625,11052.0498046875,711300
2023-08-29,11109.349609375,11109.349609375,11129.099609375,11085.9501953125,11105.849609375,552900
2023-08-30,11205.349609375,11205.349609375,11235.0498046875,11150.2001953125,11159.900390625,439100
2023-08-31,11182.650390625,11182.650390625,11261.400390625,11140.2001953125,11249.5,1366100
2023-09-01,11260.599609375,11260.599609375,11274.75,11154.25,11187.349609375,1159000
2023-09-04,11327.0498046875,11327.0498046875,11349.650390625,11260.599609375,11310.349609375,0
2023-09-05,11437.650390625,11437.650390625,11448.7001953125,11327.0498046875,11361.599609375,467000
2023-09-06,11469.650390625,11469.650390625,11489.099609375,11418.849609375,11467.150390625,663700
2023-09-07,11520.7998046875,11520.7998046875,11530.7001953125,11458.150390625,11487.599609375,513500
2023-09-08,11647.150390625,11647.150390625,11656.849609375,11520.7998046875,11559.25,678100
2023-09-11,11725.650390625,11725.650390625,11736.150390625,11685.650390625,11714.4501953125,939100
2023-09-12,11386.5,11386.5,11789.9501953125,11371.5,11789.9501953125,862100
2023-09-13,11454.9501953125,11454.9501953125,11463.099609375,11271.349609375,11381.150390625,727400
2023-09-14,11582.7998046875,11582.7998046875,11589.2001953125,11497.0498046875,11508.0498046875,435700
2023-09-15,11635.900390625,11635.900390625,11654.099609375,11585.9501953125,11638.349609375,834700
2023-09-18,11595.5,11595.5,11654.75,11579.5,11652.5,817700
2023-09-20,11594.7001953125,11594.7001953125,11648.5498046875,11509.150390625,11568.5498046875,468300
2023-09-21,11502.5,11502.5,11634.099609375,11473.150390625,11577.2998046875,452000
2023-09-22,11494.900390625,11494.900390625,11570.25,11427.849609375,11513.900390625,558200
2023-09-25,11600.650390625,11600.650390625,11618.5,11414.099609375,11513.2998046875,471100
2023-09-26,11554.7001953125,11554.7001953125,11639.4501953125,11543.849609375,11602.150390625,742600
2023-09-27,11655.0,11655.0,11672.400390625,11544.400390625,11574.9501953125,674500
2023-09-28,11453.650390625,11453.650390625,11680.650390625,11432.5,11674.7998046875,679400
2023-09-29,11611.650390625,11611.650390625,11648.5,11497.75,11529.25,419200
2023-10-03,11607.599609375,11607.599609375,11635.0,11549.25,11621.5,454400
2023-10-04,11448.900390625,11448.900390625,11580.7998046875,11350.849609375,11578.150390625,411200
2023-10-05,11453.900390625,11453.900390625,11551.9501953125,11437.0498046875,11506.2998046875,292700
2023-10-06,11543.7001953125,11543.7001953125,11548.5,11474.599609375,11505.400390625,256700
2023-10-09,11415.650390625,11415.650390625,11459.75,11373.5,11444.4501953125,535600
2023-10-10,11568.4501953125,11568.4501953125,11578.150390625,11459.349609375,11464.0,289300
2023-10-11,11607.5498046875,11607.5498046875,11685.650390625,11592.150390625,11638.150390625,566900
2023-10-12,11646.2998046875,11646.2998046875,11687.599609375,11623.849609375,11653.7998046875,420700
2023-10-13,11626.7001953125,11626.7001953125,11684.5,11583.2001953125,11613.150390625,525100
2023-10-16,11648.900390625,11648.900390625,11678.599609375,11598.2998046875,11646.7998046875,372100
2023-10-17,11672.650390625,11672.650390625,11714.0498046875,11653.75,11705.25,378200
2023-10-18,11542.75,11542.75,11695.7001953125,11529.900390625,11688.099609375,342000
2023-10-19,11537.849609375,11537.849609375,11553.0498046875,11425.0498046875,11502.400390625,390400
2023-10-20,11346.4501953125,11346.4501953125,11517.4501953125,11321.5,11503.650390625,321400
2023-10-23,11140.349609375,11140.349609375,11373.75,11103.2998046875,11336.5,437900
2023-10-25,11066.5498046875,11066.5498046875,11232.75,10982.349609375,11172.900390625,448200
2023-10-26,10893.0,10893.0,11006.2998046875,10810.75,10995.400390625,383200
2023-10-27,11033.099609375,11033.099609375,11078.7001953125,10962.2001953125,10962.2998046875,347600
2023-10-30,11022.099609375,11022.099609375,11066.7998046875,10901.5498046875,11061.400390625,602900
2023-10-31,11068.849609375,11068.849609375,11107.5,11015.0,11075.5498046875,487400
2023-11-01,11049.0498046875,11049.0498046875,11104.2998046875,11040.9501953125,11097.5,1147200
2023-11-02,11225.599609375,11225.599609375,11232.75,11129.150390625,11131.650390625,860900
2023-11-03,11311.349609375,11311.349609375,11329.75,11279.0498046875,11306.099609375,783800
2023-11-06,11380.849609375,11380.849609375,11389.5,11352.0498046875,11381.349609375,321500
2023-11-07,11403.099609375,11403.099609375,11411.0498046875,11333.349609375,11402.75,425700
2023-11-08,11501.0498046875,11501.0498046875,11513.7998046875,11455.650390625,11463.5,318800
2023-11-09,11554.5498046875,11554.5498046875,11593.5498046875,11514.25,11532.25,392900
2023-11-10,11613.75,11613.75,11625.5498046875,11481.5498046875,11550.75,440200
2023-11-13,11673.400390625,11673.400390625,11695.349609375,11620.599609375,11682.2998046875,339300
2023-11-15,11774.9501953125,11774.9501953125,11789.4501953125,11719.349609375,11775.5498046875,385100
2023-11-16,11875.349609375,11875.349609375,11909.849609375,11772.4501953125,11789.900390625,471000
2023-11-17,11905.4501953125,11905.4501953125,11938.5498046875,11847.900390625,11862.25,469500
2023-11-20,11919.7998046875,11919.7998046875,11961.650390625,11901.5,11931.900390625,535100
2023-11-21,11954.5498046875,11954.5498046875,11990.75,11922.0,11969.7998046875,390400
2023-11-22,11941.900390625,11941.900390625,12001.400390625,11881.0,11976.25,367900
2023-11-23,11960.349609375,11960.349609375,11993.650390625,11948.2001953125,11979.7998046875,285500
2023-11-24,11955.25,11955.25,11993.650390625,11937.7998046875,11987.2998046875,277600
2023-11-28,12031.599609375,12031.599609375,12041.0,11957.7001953125,11992.2001953125,332200
2023-11-29,12113.7998046875,12113.7998046875,12123.0,12069.599609375,12081.150390625,362800
2023-11-30,12200.599609375,12200.599609375,12239.650390625,12082.2998046875,12135.150390625,1021400
2023-12-01,12334.5,12334.5,12359.2001953125,12265.4501953125,12281.4501953125,464400
2023-12-04,12464.4501953125,12464.4501953125,12519.599609375,12412.900390625,12515.349609375,545600
2023-12-05,12508.0498046875,12508.0498046875,12551.4501953125,12366.099609375,12515.9501953125,541500
2023-12-06,12549.400390625,12549.400390625,12600.7998046875,12486.75,12566.7998046875,420000
2023-12-07,12631.2001953125,12631.2001953125,12647.25,12494.5,12570.7001953125,526000
2023-12-08,12624.2001953125,12624.2001953125,12711.849609375,12512.349609375,12683.5,492400
2023-12-11,12684.7001953125,12684.7001953125,12696.5,12622.599609375,12650.5498046875,505500
2023-12-12,12650.349609375,12650.349609375,12748.5,12581.400390625,12724.349609375,453600
2023-12-13,12815.5498046875,12815.5498046875,12827.2001953125,12657.7001953125,12694.900390625,673500
2023-12-14,13000.7001953125,13000.7001953125,13023.349609375,12890.400390625,12904.2001953125,859400
2023-12-15,13029.349609375,13029.349609375,13072.5,12996.900390625,13066.5,701900
2023-12-18,13039.099609375,13039.099609375,13081.7998046875,12963.75,13049.650390625,648100
2023-12-19,12977.650390625,12977.650390625,13071.25,12905.400390625,13063.650390625,512600
2023-12-20,12560.0,12560.0,13117.0,12504.099609375,13044.150390625,810200
2023-12-21,12764.849609375,12764.849609375,12785.75,12385.900390625,12459.400390625,581700
2023-12-22,12838.2001953125,12838.2001953125,12881.099609375,12744.9501953125,12836.7998046875,456800
2023-12-26,12905.599609375,12905.599609375,12950.349609375,12827.5498046875,12877.2001953125,530300
2023-12-27,12946.5,12946.5,13016.900390625,12874.25,12961.900390625,384700
2023-12-28,13066.25,13066.25,13078.0498046875,12947.9501953125,12995.150390625,564900
2023-12-29,13144.9501953125,13144.9501953125,13162.2001953125,13037.5498046875,13102.75,2013400
2024-01-02,13198.349609375,13198.349609375,13271.400390625,13046.349609375,13261.4501953125,1420700
2024-01-03,13226.099609375,13226.099609375,13274.400390625,13108.5498046875,13207.9501953125,871900
2024-01-04,13455.2001953125,13455.2001953125,13474.0,13258.7001953125,13272.599609375,778400
2024-01-05,13461.5498046875,13461.5498046875,13533.150390625,13364.099609375,13518.2998046875,947800
2024-01-08,13291.0498046875,13291.0498046875,13498.349609375,13277.099609375,13492.2001953125,545700
2024-01-09,13253.0498046875,13253.0498046875,13436.849609375,13231.25,13391.25,732000
2024-01-10,13235.849609375,13235.849609375,13275.650390625,13105.849609375,13270.7001953125,461900
2024-01-11,13271.650390625,13271.650390625,13327.400390625,13223.650390625,13271.5498046875,336500
2024-01-12,13353.7998046875,13353.7998046875,13375.849609375,13281.9501953125,13345.599609375,305500
2024-01-15,13477.5498046875,13477.5498046875,13494.900390625,13356.75,13447.7998046875,407500
2024-01-16,13410.849609375,13410.849609375,13512.900390625,13289.400390625,13502.9501953125,719900
2024-01-17,13236.9501953125,13236.9501953125,13411.150390625,13222.150390625,13300.150390625,754700
2024-01-18,13292.5,13292.5,13326.099609375,12932.349609375,13228.2998046875,591900
2024-01-19,13477.2001953125,13477.2001953125,13487.400390625,13352.599609375,13412.0,514600
2024-01-23,13049.0498046875,13049.0498046875,13577.5,12956.0498046875,13577.5,892800
2024-01-24,13356.2001953125,13356.2001953125,13368.650390625,12984.2998046875,13102.5,932300
2024-01-25,13240.0,13240.0,13411.9501953125,13160.2998046875,13405.099609375,744100
2024-01-29,13543.7998046875,13543.7998046875,13556.7998046875,13268.5498046875,13293.599609375,646200
2024-01-30,13476.349609375,13476.349609375,13649.349609375,13464.9501953125,13623.25,584100
2024-01-31,13620.599609375,13620.599609375,13633.650390625,13450.2998046875,13479.25,456400
2024-02-01,13529.349609375,13529.349609375,13672.349609375,13427.400390625,13672.349609375,619800
2024-02-02,13657.7001953125,13657.7001953125,13747.349609375,13614.2001953125,13625.2001953125,670300
2024-02-05,13700.0498046875,13700.0498046875,13799.4501953125,13625.0,13728.2998046875,642500
2024-02-06,13862.900390625,13862.900390625,13872.25,13678.150390625,13775.599609375,746600
2024-02-07,13930.7998046875,13930.7998046875,13970.849609375,13830.0498046875,13950.7001953125,922600
2024-02-08,13948.599609375,13948.599609375,14065.5,13917.650390625,14061.2998046875,598400
2024-02-09,13840.900390625,13840.900390625,13979.0,13584.349609375,13976.2998046875,942800
2024-02-12,13579.2998046875,13579.2998046875,13899.2001953125,13541.5,13896.2001953125,779400
2024-02-13,13638.4501953125,13638.4501953125,13658.75,13404.400390625,13607.7998046875,606500
2024-02-14,13776.349609375,13776.349609375,13826.7001953125,13450.400390625,13510.75,779600
2024-02-15,13914.400390625,13914.400390625,13941.0,13830.5,13871.849609375,6800
2024-02-16,14035.4501953125,14035.4501953125,14067.599609375,13931.5498046875,13979.5498046875,6600
2024-02-20,13984.0,13984.0,14027.650390625,13922.400390625,14001.2001953125,5700
2024-02-21,13813.5498046875,13813.5498046875,14033.5498046875,13777.400390625,14008.400390625,7100
2024-02-22,13961.9501953125,13961.9501953125,13984.150390625,13702.5498046875,13867.849609375,6800
2024-02-23,14062.2001953125,14062.2001953125,14141.0,14015.25,14031.599609375,20900
2024-02-26,13977.900390625,13977.900390625,14083.7998046875,13856.5498046875,14069.349609375,10000
2024-02-27,13931.9501953125,13931.9501953125,14063.75,13866.2001953125,13984.400390625,9600
2024-02-28,13618.25,13618.25,13959.9501953125,13581.4501953125,13956.849609375,18600
2024-02-29,13745.849609375,13745.849609375,13782.4501953125,13505.2998046875,13621.2998046875,13300
2024-03-01,13898.099609375,13898.099609375,13914.2001953125,13795.7998046875,13799.849609375,10500
2024-03-04,14056.75,14056.75,14075.650390625,13936.7001953125,14008.0,6100
2024-03-05,13989.0498046875,13989.0498046875,14096.2001953125,13967.5,14068.900390625,5500
2024-03-06,13915.7998046875,13915.7998046875,14014.5,13706.2001953125,14009.900390625,7100
2024-03-07,13948.400390625,13948.400390625,14008.900390625,13921.0498046875,13937.2998046875,4000
2024-03-11,13876.400390625,13876.400390625,13990.7001953125,13853.0498046875,13983.2001953125,4400
2024-03-12,13719.2998046875,13719.2998046875,13931.7998046875,13666.349609375,13897.9501953125,5500
2024-03-13,13189.0498046875,13189.0498046875,13797.75,13091.9501953125,13752.099609375,9600
2024-03-14,13407.2001953125,13407.2001953125,13435.099609375,13034.2001953125,13123.400390625,7000
2024-03-15,13345.5498046875,13345.5498046875,13436.5498046875,13131.75,13392.5498046875,6400
2024-03-18,13201.150390625,13201.150390625,13364.349609375,13120.4501953125,13332.0498046875,4000
2024-03-19,12981.900390625,12981.900390625,13209.349609375,12962.7001953125,13202.2998046875,4700
2024-03-20,12975.150390625,12975.150390625,13086.0,12837.0,13029.25,5000
2024-03-21,13305.400390625,13305.400390625,13319.7998046875,13097.9501953125,13099.349609375,4100
2024-03-22,13329.9501953125,13329.9501953125,13357.75,13210.900390625,13262.7998046875,7000
2024-03-26,13474.099609375,13474.099609375,13504.2998046875,13293.900390625,13296.5498046875,5400
2024-03-27,13460.0498046875,13460.0498046875,13553.5,13440.650390625,13516.400390625,6000
2024-03-28,13526.5,13526.5,13579.25,13450.0498046875,13541.5,6600
2024-04-01,13772.599609375,13772.599609375,13786.650390625,13602.2998046875,13640.4501953125,10155500
2024-04-02,13922.599609375,13922.599609375,13934.599609375,13744.7001953125,13824.150390625,9900
2024-04-03,13955.849609375,13955.849609375,13988.25,13839.7001953125,13889.5,11800
2024-04-04,13941.150390625,13941.150390625,14079.0,13925.099609375,14061.150390625,15000
2024-04-05,13978.349609375,13978.349609375,13988.2998046875,13891.0,13948.5498046875,11700
2024-04-08,13957.099609375,13957.099609375,14058.7001953125,13822.2998046875,14056.5,12400
2024-04-09,13941.599609375,13941.599609375,14054.650390625,13900.5,14026.4501953125,7800
2024-04-10,14097.9501953125,14097.9501953125,14112.849609375,13969.0,13984.75,10500
2024-04-12,14049.099609375,14049.099609375,14171.7001953125,14037.650390625,14095.7001953125,16700
2024-04-15,13841.2998046875,13841.2998046875,13935.4501953125,13752.650390625,13854.900390625,14000
2024-04-16,13765.5,13765.5,13889.2001953125,13707.349609375,13758.5498046875,16000
2024-04-18,13687.0498046875,13687.0498046875,13921.2001953125,13648.599609375,13847.2998046875,12800
2024-04-19,13595.4501953125,13595.4501953125,13668.2001953125,13385.0498046875,13578.4501953125,12500
2024-04-22,13681.25,13681.25,13703.75,13612.2998046875,13686.0,22800
2024-04-23,13780.650390625,13780.650390625,13817.2001953125,13727.0,13756.5498046875,33800
2024-04-24,13901.7998046875,13901.7998046875,13915.599609375,13825.849609375,13843.7998046875,22300
2024-04-25,13964.349609375,13964.349609375,13974.349609375,13838.5498046875,13886.849609375,90300
2024-04-26,14083.25,14083.25,14107.75,13985.650390625,14003.0,46200
2024-04-29,14153.0498046875,14153.0498046875,14164.4501953125,14077.650390625,14152.599609375,23000
2024-04-30,14161.900390625,14161.900390625,14277.5498046875,14144.0498046875,14209.900390625,16700
2024-05-02,14243.599609375,14243.599609375,14260.4501953125,14164.5498046875,14217.75,15000
2024-05-03,14189.2998046875,14189.2998046875,14298.75,14113.900390625,14268.9501953125,22900
2024-05-06,14157.9501953125,14157.9501953125,14294.5498046875,14083.0498046875,14292.2998046875,12400
2024-05-07,13874.7001953125,13874.7001953125,14190.2001953125,13775.099609375,14186.9501953125,20800
2024-05-08,14010.400390625,14010.400390625,14059.0,13796.400390625,13876.9501953125,12000
2024-05-09,13755.650390625,13755.650390625,14039.7001953125,13730.900390625,14034.75,11300
2024-05-10,13909.900390625,13909.900390625,13927.7001953125,13654.0498046875,13794.150390625,8600
2024-05-13,14064.7998046875,14064.7998046875,14086.0,13683.349609375,13933.099609375,9400
2024-05-14,14163.150390625,14163.150390625,14189.099609375,14004.0,14091.099609375,11700
2024-05-15,14262.5498046875,14262.5498046875,14281.25,14156.0,14213.099609375,7900
2024-05-16,14396.900390625,14396.900390625,14411.5,14263.25,14314.5498046875,8800
2024-05-17,14515.2001953125,14515.2001953125,14525.150390625,14404.25,14440.2998046875,10400
2024-05-21,14614.5,14614.5,14627.650390625,14518.349609375,14577.7001953125,11300
2024-05-22,14618.599609375,14618.599609375,14658.5498046875,14474.0498046875,14654.150390625,9500
2024-05-23,14677.4501953125,14677.4501953125,14686.400390625,14533.25,14675.9501953125,14300
2024-05-24,14662.650390625,14662.650390625,14762.2998046875,14623.7998046875,14687.849609375,35100
2024-05-27,14783.75,14783.75,14883.849609375,14669.7001953125,14717.5498046875,15700
2024-05-28,14664.7001953125,14664.7001953125,14856.9501953125,14595.099609375,14819.9501953125,11000
2024-05-29,14637.7998046875,14637.7998046875,14700.900390625,14556.2998046875,14616.25,9100
2024-05-30,14390.849609375,14390.849609375,14634.25,14358.599609375,14624.349609375,14900
2024-05-31,14443.4501953125,14443.4501953125,14492.2998046875,14325.650390625,14437.900390625,28700
2024-06-03,14919.5,14919.5,14958.0,14747.75,14951.849609375,20600
2024-06-04,13762.25,13762.25,14937.75,13284.2001953125,14937.75,42200
2024-06-05,14456.349609375,14456.349609375,14514.9501953125,13580.2001953125,13908.900390625,23800
2024-06-06,14724.25,14724.25,14824.650390625,14563.7001953125,14607.9501953125,14700
2024-06-07,14952.400390625,14952.400390625,14963.2998046875,14716.9501953125,14753.75,16900
2024-06-10,14908.0,14908.0,15045.2001953125,14817.7001953125,14992.400390625,17500
2024-06-11,15031.900390625,15031.900390625,15093.4501953125,14906.650390625,14955.5,17000
2024-06-12,15243.400390625,15243.400390625,15273.599609375,15089.25,15103.0498046875,15900
2024-06-13,15378.349609375,15378.349609375,15387.150390625,15283.349609375,15372.2998046875,11700
2024-06-14,15523.599609375,15523.599609375,15539.0498046875,15383.4501953125,15429.099609375,16100
2024-06-18,15591.5498046875,15591.5498046875,15599.7001953125,15475.400390625,15566.099609375,13100
2024-06-19,15442.9501953125,15442.9501953125,15629.900390625,15352.0498046875,15629.7001953125,30100
2024-06-20,15616.599609375,15616.599609375,15633.9501953125,15417.2998046875,15500.25,13700
2024-06-21,15623.7998046875,15623.7998046875,15748.650390625,15597.650390625,15704.650390625,23900
2024-06-24,15707.650390625,15707.650390625,15734.2001953125,15458.4501953125,15590.150390625,15100
2024-06-25,15659.849609375,15659.849609375,15816.4501953125,15629.9501953125,15757.5,10900
2024-06-26,15595.4501953125,15595.4501953125,15691.650390625,15580.150390625,15656.4501953125,20000
2024-06-27,15641.7998046875,15641.7998046875,15724.7998046875,15493.4501953125,15623.5,20700
2024-06-28,15711.150390625,15711.150390625,15763.400390625,15651.849609375,15683.099609375,25300
2024-07-01,15840.400390625,15840.400390625,15849.650390625,15689.7001953125,15745.400390625,0
2024-07-02,15711.4501953125,15711.4501953125,15886.7998046875,15621.400390625,15874.2001953125,0
2024-07-03,15862.2998046875,15862.2998046875,15879.650390625,15749.400390625,15795.5,0
2024-07-04,15976.0498046875,15976.0498046875,16001.0498046875,15881.0,15921.400390625,11100
2024-07-05,16097.349609375,16097.349609375,16118.650390625,15959.7001953125,15987.849609375,18400
2024-07-08,15988.9501953125,15988.9501953125,16146.5,15924.349609375,16145.900390625,15000
2024-07-09,16027.4501953125,16027.4501953125,16080.2998046875,15948.650390625,16039.400390625,10400
2024-07-10,15947.75,15947.75,16079.349609375,15624.400390625,16078.849609375,10000
2024-07-11,15966.150390625,15966.150390625,16033.900390625,15917.0,16026.5,13000
2024-07-12,15954.900390625,15954.900390625,16038.7998046875,15934.75,16037.650390625,11000
2024-07-15,16088.4501953125,16088.4501953125,16101.650390625,15904.099609375,16025.150390625,11700
2024-07-16,16104.599609375,16104.599609375,16177.4501953125,16068.25,16164.75,14200
2024-07-18,16002.75,16002.75,16092.900390625,15875.5498046875,16091.599609375,11800
2024-07-19,15596.400390625,15596.400390625,16001.0,15570.5,16001.0,8200
2024-07-22,15867.099609375,15867.099609375,15923.5498046875,15477.7998046875,15571.900390625,11800
2024-07-23,15843.5498046875,15843.5498046875,15977.0498046875,15274.0,15959.7001953125,19600
2024-07-24,15981.150390625,15981.150390625,16012.5498046875,15822.349609375,15849.9501953125,10300
2024-07-25,15938.849609375,15938.849609375,15973.25,15799.7001953125,15832.2998046875,12300
2024-07-26,16296.2998046875,16296.2998046875,16305.650390625,15983.349609375,15994.75,12300
2024-07-29,16455.900390625,16455.900390625,16500.099609375,16371.7001953125,16419.849609375,11900
2024-07-30,16546.55078125,16546.55078125,16585.400390625,16430.75,16465.5,8900
2024-07-31,16661.650390625,16661.650390625,16693.849609375,16579.44921875,16643.44921875,14200
2024-08-01,16505.94921875,16505.94921875,16743.599609375,16402.150390625,16735.650390625,9700
2024-08-02,16269.150390625,16269.150390625,16419.150390625,16227.400390625,16336.900390625,10200
2024-08-05,15735.9501953125,15735.9501953125,15968.7998046875,15615.2998046875,15844.2001953125,15300
2024-08-06,15654.650390625,15654.650390625,16066.400390625,15612.849609375,15852.5498046875,8000
2024-08-07,16077.7001953125,16077.7001953125,16096.2001953125,15839.9501953125,15940.099609375,7000
2024-08-08,16052.599609375,16052.599609375,16179.400390625,16008.0498046875,16098.75,8700
2024-08-09,16176.5498046875,16176.5498046875,16294.7998046875,16148.0,16220.0498046875,7300
2024-08-12,16196.75,16196.75,16230.7001953125,16013.900390625,16134.7001953125,8600
2024-08-13,16055.349609375,16055.349609375,16295.2998046875,16031.900390625,16265.400390625,10800
2024-08-14,15922.9501953125,15922.9501953125,16115.150390625,15880.400390625,16105.0498046875,8100
2024-08-16,16246.25,16246.25,16258.099609375,16002.0,16059.9501953125,7100
2024-08-19,16260.0498046875,16260.0498046875,16369.099609375,16201.7001953125,16341.4501953125,6800
2024-08-20,16394.94921875,16394.94921875,16408.30078125,16293.4501953125,16349.7001953125,6200
2024-08-21,16444.349609375,16444.349609375,16456.099609375,16358.2001953125,16408.80078125,5400
2024-08-22,16575.349609375,16575.349609375,16605.19921875,16492.849609375,16518.599609375,6100
2024-08-23,16463.099609375,16463.099609375,16612.05078125,16451.150390625,16598.349609375,7600
2024-08-26,16558.0,16558.0,16599.30078125,16508.19921875,16549.650390625,5600
2024-08-27,16581.0,16581.0,16629.55078125,16546.099609375,16603.599609375,6600
2024-08-28,16586.19921875,16586.19921875,16655.55078125,16516.5,16622.150390625,7300
2024-08-29,16514.69921875,16514.69921875,16598.0,16402.349609375,16591.900390625,11300
2024-08-30,16618.80078125,16618.80078125,16678.0,16560.650390625,16592.75,47200
2024-09-02,16588.75,16588.75,16690.599609375,16548.25,16690.599609375,11400
2024-09-03,16651.599609375,16651.599609375,16708.150390625,16607.650390625,16619.099609375,5400
2024-09-04,16627.94921875,16627.94921875,16646.0,16497.25,16524.400390625,5800
2024-09-05,16705.150390625,16705.150390625,16747.900390625,16658.900390625,16721.400390625,7100
2024-09-06,16413.94921875,16413.94921875,16711.25,16384.19921875,16703.19921875,22500
2024-09-09,16328.900390625,16328.900390625,16396.69921875,16240.2001953125,16392.599609375,10300
2024-09-10,16562.849609375,16562.849609375,16617.25,16444.599609375,16458.80078125,8200
2024-09-11,16545.849609375,16545.849609375,16713.099609375,16506.099609375,16634.80078125,8900
2024-09-12,16760.150390625,16760.150390625,16779.69921875,16625.69921875,16713.0,8500
2024-09-13,16878.0,16878.0,16926.099609375,16789.19921875,16818.900390625,5800
2024-09-16,16889.94921875,16889.94921875,16979.650390625,16861.69921875,16952.5,6000
2024-09-17,16881.0,16881.0,16925.94921875,16804.400390625,16913.0,4600
2024-09-18,16687.75,16687.75,16887.150390625,16582.0,16884.19921875,6000
2024-09-19,16584.55078125,16584.55078125,16851.099609375,16294.2998046875,16780.099609375,29700
2024-09-20,16767.44921875,16767.44921875,16813.0,16564.94921875,16669.650390625,20400
2024-09-23,16921.30078125,16921.30078125,16932.69921875,16801.69921875,16850.75,20400
2024-09-24,16990.349609375,16990.349609375,17018.849609375,16946.599609375,16974.599609375,8900
2024-09-25,16913.0,16913.0,17005.55078125,16849.80078125,17000.80078125,6600
2024-09-26,16947.30078125,16947.30078125,16965.349609375,16815.19921875,16954.19921875,12800
2024-09-27,16987.900390625,16987.900390625,17066.75,16956.44921875,16975.44921875,15100
2024-09-30,16883.349609375,16883.349609375,16992.349609375,16844.900390625,16928.30078125,8700
2024-10-01,16952.05078125,16952.05078125,16972.849609375,16827.400390625,16920.400390625,6200
2024-10-03,16563.69921875,16563.69921875,16862.55078125,16522.5,16715.25,8400
2024-10-04,16387.599609375,16387.599609375,16623.44921875,16267.5,16539.0,8700
2024-10-07,16133.150390625,16133.150390625,16509.05078125,15983.75,16455.94921875,11800
2024-10-08,16408.349609375,16408.349609375,16440.69921875,16020.0498046875,16065.0498046875,8900
2024-10-09,16549.19921875,16549.19921875,16663.55078125,16494.0,16503.19921875,8100
2024-10-10,16482.349609375,16482.349609375,16654.05078125,16438.0,16635.400390625,5300
2024-10-11,16520.900390625,16520.900390625,16530.44921875,16414.94921875,16500.19921875,4800
2024-10-14,16617.44921875,16617.44921875,16639.19921875,16482.94921875,16553.900390625,5200
2024-10-15,16658.94921875,16658.94921875,16679.05078125,16556.650390625,16668.650390625,5200
2024-10-16,16659.05078125,16659.05078125,16737.599609375,16595.69921875,16661.94921875,5500
2024-10-17,16399.19921875,16399.19921875,16685.849609375,16382.9501953125,16682.80078125,5500
2024-10-18,16460.599609375,16460.599609375,16490.349609375,16181.25,16342.650390625,5000
2024-10-21,16135.2001953125,16135.2001953125,16549.349609375,16113.099609375,16495.75,7400
2024-10-22,15739.5,15739.5,16191.25,15709.349609375,16153.5,7900
2024-10-23,15763.0,15763.0,15934.0,15582.650390625,15709.900390625,8500
2024-10-24,15656.5,15656.5,15803.650390625,15623.5498046875,15759.650390625,6300
2024-10-25,15419.599609375,15419.599609375,15709.7998046875,15245.4501953125,15704.400390625,10000
2024-10-28,15544.650390625,15544.650390625,15611.2998046875,15374.099609375,15437.25,13500
2024-10-29,15677.4501953125,15677.4501953125,15694.4501953125,15394.7001953125,15626.0498046875,8800
2024-10-30,15647.5,15647.5,15778.349609375,15578.25,15651.5,13000
2024-10-31,15539.599609375,15539.599609375,15675.900390625,15462.2998046875,15658.650390625,10300
2024-11-01,15649.2998046875,15649.2998046875,15685.0,15632.2001953125,15643.2001953125,3200
2024-11-04,15507.2001953125,15507.2001953125,15678.7998046875,15425.2001953125,15677.75,9500
2024-11-05,15591.75,15591.75,15610.099609375,15326.7001953125,15481.4501953125,8200
2024-11-06,15958.400390625,15958.400390625,15985.5498046875,15656.900390625,15680.400390625,6600
2024-11-07,15856.599609375,15856.599609375,16053.900390625,15834.7001953125,16041.849609375,6500
2024-11-08,15656.900390625,15656.900390625,15907.9501953125,15609.9501953125,15903.349609375,6600
2024-11-11,15529.2001953125,15529.2001953125,15645.099609375,15483.4501953125,15626.7001953125,7000
2024-11-12,15341.400390625,15341.400390625,15658.599609375,15303.7001953125,15582.099609375,5400
2024-11-13,14966.5,14966.5,15314.650390625,14913.75,15276.75,8800
2024-11-14,15048.099609375,15048.099609375,15150.7998046875,14986.5498046875,14991.349609375,6800
2024-11-18,15079.150390625,15079.150390625,15164.400390625,15000.5498046875,15137.650390625,7700
2024-11-19,15185.0,15185.0,15345.2001953125,15124.599609375,15139.7998046875,6500
2024-11-21,15167.5498046875,15167.5498046875,15240.7998046875,15028.650390625,15193.650390625,10700
2024-11-22,15353.7001953125,15353.7001953125,15380.0498046875,15157.599609375,15180.2001953125,9200
2024-11-25,15604.0498046875,15604.0498046875,15666.7998046875,15579.4501953125,15610.099609375,14000
2024-11-26,15635.349609375,15635.349609375,15750.9501953125,15622.099609375,15673.9501953125,21000
2024-11-27,15730.400390625,15730.400390625,15744.099609375,15571.4501953125,15684.9501953125,14100
2024-11-28,15661.849609375,15661.849609375,15815.599609375,15628.849609375,15761.400390625,13400
2024-11-29,15697.75,15697.75,15746.2998046875,15632.650390625,15670.400390625,8200
2024-12-02,15923.5498046875,15923.5498046875,15945.2998046875,15652.0,15707.349609375,5800
2024-12-03,16055.7001953125,16055.7001953125,16064.900390625,15970.5498046875,16029.2001953125,6600
2024-12-04,16217.0498046875,16217.0498046875,16232.349609375,16086.0498046875,16109.5,7800
2024-12-05,16270.9501953125,16270.9501953125,16325.2001953125,16148.150390625,16325.2001953125,12100
2024-12-06,16322.25,16322.25,16344.5,16232.9501953125,16302.25,7200
2024-12-09,16409.5,16409.5,16425.599609375,16292.5498046875,16296.2001953125,6000
2024-12-10,16483.650390625,16483.650390625,16493.94921875,16371.5,16421.19921875,6300
2024-12-11,16536.94921875,16536.94921875,16555.69921875,16460.099609375,16480.150390625,4500
2024-12-12,16463.849609375,16463.849609375,16570.400390625,16433.05078125,16540.05078125,6400
2024-12-13,16456.25,16456.25,16464.599609375,16193.900390625,16425.05078125,7900
2024-12-16,16572.900390625,16572.900390625,16585.099609375,16489.75,16505.44921875,4000
2024-12-17,16490.05078125,16490.05078125,16623.599609375,16461.44921875,16574.099609375,7200
2024-12-18,16381.349609375,16381.349609375,16499.099609375,16317.7001953125,16481.94921875,6800
2024-12-19,16322.75,16322.75,16336.75,16085.25,16120.2001953125,5300
2024-12-20,15881.099609375,15881.099609375,16393.150390625,15854.349609375,16372.349609375,7000
2024-12-23,15955.25,15955.25,16069.25,15848.25,15962.2001953125,5100
2024-12-24,15926.7998046875,15926.7998046875,16014.7998046875,15862.75,15976.2998046875,4700
2024-12-26,15962.9501953125,15962.9501953125,15995.0498046875,15815.7001953125,15957.5,500
2024-12-27,15919.400390625,15919.400390625,16025.0498046875,15911.400390625,16002.0,3500
2024-12-30,16030.349609375,16030.349609375,16065.5,15817.849609375,15915.2001953125,11000
2024-12-31,15974.099609375,15974.099609375,16042.0,15788.4501953125,15933.099609375,6700
2025-01-02,16241.9501953125,16241.9501953125,16264.599609375,16033.2998046875,16090.25,6900
2025-01-03,16181.599609375,16181.599609375,16299.2998046875,16155.4501953125,16265.25,7300
2025-01-06,15748.2998046875,15748.2998046875,16230.7998046875,15698.5498046875,16227.900390625,7800
2025-01-07,15868.0498046875,15868.0498046875,15959.650390625,15778.7001953125,15780.9501953125,6300
2025-01-08,15692.2001953125,15692.2001953125,15909.5,15506.599609375,15905.75,5800
2025-01-09,15574.75,15574.75,15776.900390625,15552.150390625,15720.349609375,5700
2025-01-10,15266.4501953125,15266.4501953125,15577.9501953125,15247.650390625,15549.900390625,6300
2025-01-13,14650.099609375,14650.099609375,15111.2998046875,14618.2998046875,15076.9501953125,10200
2025-01-14,14970.099609375,14970.099609375,15019.7001953125,14703.5,14705.150390625,8800
2025-01-15,15038.400390625,15038.400390625,15169.150390625,14914.7001953125,15037.400390625,16900
2025-01-16,15131.5,15131.5,15243.599609375,15111.7001953125,15189.849609375,7900
2025-01-17,15139.650390625,15139.650390625,15192.900390625,15034.2998046875,15147.7998046875,7200
2025-01-20,15298.4501953125,15298.4501953125,15344.25,15059.900390625,15242.2001953125,20500
2025-01-21,14963.0,14963.0,15328.4501953125,14944.400390625,15324.2998046875,8500
2025-01-22,14774.75,14774.75,15019.0,14570.599609375,14992.5,6700
2025-01-23,15008.2001953125,15008.2001953125,15059.25,14759.5,14795.5498046875,6100
2025-01-24,14827.0,14827.0,15065.7001953125,14771.5498046875,15030.5498046875,5700
2025-01-27,14427.0498046875,14427.0498046875,14686.7998046875,14392.150390625,14682.0498046875,8500
2025-01-28,14341.400390625,14341.400390625,14501.75,14183.400390625,14445.0498046875,7800
2025-01-29,14671.25,14671.25,14684.9501953125,14366.75,14368.75,5000
2025-01-30,14674.0498046875,14674.0498046875,14796.2998046875,14635.4501953125,14738.25,5700
2025-01-31,14948.099609375,14948.099609375,14982.0,14657.0,14713.75,7000
2025-02-03,14828.5,14828.5,14864.25,14653.099609375,14835.650390625,7300
2025-02-04,15070.0,15070.0,15102.599609375,14922.7998046875,14929.25,6600
2025-02-05,15155.9501953125,15155.9501953125,15258.650390625,15111.25,15126.900390625,6000
2025-02-06,14961.900390625,14961.900390625,15238.150390625,14927.400390625,15223.650390625,4400
2025-02-07,15010.099609375,15010.099609375,15098.599609375,14840.4501953125,14984.650390625,8700
2025-02-10,14671.2001953125,14671.2001953125,15027.0498046875,14630.599609375,15012.7998046875,4700
2025-02-11,14253.599609375,14253.599609375,14689.900390625,14139.7001953125,14681.599609375,5000
2025-02-12,14218.5,14218.5,14297.0498046875,13833.4501953125,14228.2001953125,9400
2025-02-13,14257.0498046875,14257.0498046875,14438.9501953125,14212.900390625,14246.2998046875,9800
2025-02-14,13927.349609375,13927.349609375,14328.7998046875,13770.650390625,14303.650390625,7700
2025-02-17,13996.849609375,13996.849609375,14022.5498046875,13613.900390625,13832.0498046875,7200
2025-02-18,13996.75,13996.75,14037.849609375,13828.2001953125,14013.75,5800
2025-02-19,14162.75,14162.75,14208.099609375,13834.0,13911.400390625,5700
2025-02-20,14323.0498046875,14323.0498046875,14337.75,14074.849609375,14132.5,4000
2025-02-21,14142.5,14142.5,14410.650390625,14088.650390625,14315.349609375,5500
2025-02-24,14022.0498046875,14022.0498046875,14053.400390625,13895.9501953125,14017.0,4900
2025-02-25,13942.2001953125,13942.2001953125,14099.599609375,13910.5498046875,13997.849609375,3900
2025-02-27,13824.4501953125,13824.4501953125,13978.7001953125,13763.650390625,13954.349609375,6400
2025-02-28,13540.150390625,13540.150390625,13732.5498046875,13428.75,13726.0498046875,9600
2025-03-03,13602.849609375,13602.849609375,13635.599609375,13274.400390625,13553.0498046875,8300
2025-03-04,13594.5498046875,13594.5498046875,13669.599609375,13337.75,13445.400390625,7200
2025-03-05,13936.7001953125,13936.7001953125,13948.5,13546.599609375,13546.599609375,7400
2025-03-06,13983.2001953125,13983.2001953125,14106.25,13960.400390625,14067.9501953125,5800
2025-03-07,13922.099609375,13922.099609375,14066.849609375,13891.0,13975.4501953125,6200
2025-03-10,13708.400390625,13708.400390625,14027.7998046875,13661.0,13939.0498046875,7400
2025-03-11,13835.75,13835.75,13867.650390625,13544.2001953125,13590.400390625,6400
2025-03-12,13743.650390625,13743.650390625,13910.7001953125,13567.349609375,13873.2001953125,8500
2025-03-13,13632.849609375,13632.849609375,13809.2001953125,13604.7998046875,13798.25,6500
2025-03-17,13752.349609375,13752.349609375,13797.650390625,13640.75,13646.0498046875,5800
2025-03-18,14041.2998046875,14041.2998046875,14059.900390625,13794.150390625,13827.4501953125,5700
2025-03-19,14389.75,14389.75,14412.25,14087.7001953125,14109.900390625,10700
2025-03-20,14479.75,14479.75,14501.2998046875,14333.150390625,14483.400390625,7700
2025-03-21,14630.150390625,14630.150390625,14652.2998046875,14428.75,14474.2998046875,11500
2025-03-24,14829.7998046875,14829.7998046875,14897.7001953125,14691.7001953125,14745.25,8300
2025-03-25,14659.2001953125,14659.2001953125,14929.4501953125,14594.2001953125,14921.849609375,8000
2025-03-26,14567.0498046875,14567.0498046875,14774.2998046875,14546.0498046875,14670.0498046875,9000
2025-03-27,14591.7001953125,14591.7001953125,14628.349609375,14462.7001953125,14493.5,15600
2025-03-28,14561.599609375,14561.599609375,14770.75,14490.4501953125,14669.7998046875,11600
2025-04-01,14421.7001953125,14421.7001953125,14683.4501953125,14393.5,14556.75,26400
2025-04-02,14665.9501953125,14665.9501953125,14672.5,14353.849609375,14466.650390625,12000
2025-04-03,14659.900390625,14659.900390625,14702.25,14503.650390625,14535.599609375,9200
2025-04-04,14238.75,14238.75,14637.849609375,14169.7001953125,14634.099609375,8900
2025-04-07,13756.599609375,13756.599609375,13821.2001953125,13269.650390625,13269.650390625,11600
2025-04-08,14064.25,14064.25,14162.349609375,13879.0,14058.0498046875,9200
2025-04-09,14031.599609375,14031.599609375,14080.9501953125,13825.349609375,14028.7998046875,8000
2025-04-11,14267.900390625,14267.900390625,14312.2998046875,14140.2998046875,14262.849609375,8700
2025-04-15,14660.900390625,14660.900390625,14688.099609375,14420.150390625,14520.0,7800
2025-04-16,14736.900390625,14736.900390625,14745.150390625,14622.2001953125,14694.25,6800
2025-04-17,14829.25,14829.25,14840.75,14644.25,14710.900390625,8400
2025-04-21,15191.900390625,15191.900390625,15206.4501953125,14865.9501953125,14910.75,1500
2025-04-22,15352.2001953125,15352.2001953125,15423.2001953125,15171.75,15242.4501953125,8400
2025-04-23,15540.150390625,15540.150390625,15551.75,15272.9501953125,15466.0498046875,8600
2025-04-24,15513.7998046875,15513.7998046875,15585.75,15488.75,15552.599609375,7500
2025-04-25,15137.5,15137.5,15592.7998046875,15015.5,15553.650390625,22500
2025-04-28,15404.9501953125,15404.9501953125,15414.349609375,15123.9501953125,15127.75,6300
2025-04-29,15442.2998046875,15442.2998046875,15559.2998046875,15409.7001953125,15444.900390625,7100
2025-04-30,15314.099609375,15314.099609375,15521.400390625,15247.7998046875,15458.2001953125,6400
2025-05-02,15176.349609375,15176.349609375,15441.0,15133.7001953125,15269.849609375,6100
2025-05-05,15448.900390625,15448.900390625,15463.75,15246.25,15251.25,5300
2025-05-06,15120.7001953125,15120.7001953125,15506.5498046875,15096.7998046875,15487.900390625,10300
2025-05-07,15407.400390625,15407.400390625,15418.75,14942.0,14945.5,7700
2025-05-08,15098.849609375,15098.849609375,15494.900390625,15016.349609375,15458.099609375,7900
2025-05-09,15097.5498046875,15097.5498046875,15128.2998046875,14783.900390625,14785.0498046875,13500
2025-05-12,15723.150390625,15723.150390625,15732.75,15476.5,15516.5498046875,11500
2025-05-13,15729.2001953125,15729.2001953125,15822.2001953125,15677.400390625,15746.0,8400
2025-05-14,15848.599609375,15848.599609375,15871.099609375,15698.099609375,15756.2998046875,7900
2025-05-15,15931.849609375,15931.849609375,15953.9501953125,15816.0,15902.75,11700
2025-05-16,16043.650390625,16043.650390625,16084.7001953125,15933.75,15995.25,10900
2025-05-19,16044.099609375,16044.099609375,16146.0498046875,15974.099609375,16081.2998046875,20300
2025-05-20,15797.599609375,15797.599609375,16131.25,15771.599609375,16123.4501953125,11700
2025-05-21,15888.0,15888.0,15939.5,15739.150390625,15823.75,8200
2025-05-22,15759.25,15759.25,15851.4501953125,15671.150390625,15851.25,6700
2025-05-23,15882.0,15882.0,15902.9501953125,15737.4501953125,15791.5498046875,5100
2025-05-26,15970.4501953125,15970.4501953125,16006.900390625,15929.5498046875,15940.849609375,8300
2025-05-27,15973.5498046875,15973.5498046875,16009.7001953125,15875.7001953125,15980.900390625,6600
2025-05-28,15929.7998046875,15929.7998046875,16051.400390625,15910.2998046875,16011.75,8900
2025-05-29,16041.4501953125,16041.4501953125,16071.0498046875,15923.099609375,16009.400390625,6300
2025-05-30,15998.900390625,15998.900390625,16096.75,15949.900390625,16058.7998046875,11600
2025-06-02,16114.349609375,16114.349609375,16128.9501953125,15922.650390625,15980.2001953125,12100
2025-06-03,16052.5498046875,16052.5498046875,16187.349609375,16034.2001953125,16187.25,23000
2025-06-04,16195.400390625,16195.400390625,16209.4501953125,15995.849609375,16090.900390625,9200
2025-06-05,16296.650390625,16296.650390625,16341.75,16217.0,16259.0,6100
2025-06-06,16569.599609375,16569.599609375,16582.5,16307.900390625,16348.2001953125,8000
2025-06-09,16755.25,16755.25,16767.55078125,16647.5,16675.69921875,9300
2025-06-10,16749.150390625,16749.150390625,16836.900390625,16726.900390625,16820.849609375,5500
2025-06-11,16683.30078125,16683.30078125,16810.19921875,16618.25,16789.650390625,8200
2025-06-12,16438.05078125,16438.05078125,16689.19921875,16404.150390625,16685.900390625,6700
2025-06-13,16391.900390625,16391.900390625,16417.900390625,16119.5498046875,16119.5498046875,7600
2025-06-16,16545.69921875,16545.69921875,16558.650390625,16238.099609375,16385.25,7800
2025-06-17,16447.400390625,16447.400390625,16619.400390625,16421.5,16577.94921875,5100
2025-06-18,16367.849609375,16367.849609375,16506.25,16328.2998046875,16395.80078125,5100
2025-06-19,16102.0,16102.0,16397.75,16071.5498046875,16391.55078125,9000
2025-06-20,16357.25,16357.25,16391.25,16096.9501953125,16100.599609375,9000
2025-06-23,16420.80078125,16420.80078125,16465.150390625,16215.349609375,16245.0,5400
2025-06-24,16557.5,16557.5,16649.25,16523.05078125,16609.849609375,13400
2025-06-25,16634.25,16634.25,16650.349609375,16577.650390625,16623.75,13000
2025-06-26,16745.05078125,16745.05078125,16753.44921875,16590.75,16679.900390625,12100
2025-06-27,16760.94921875,16760.94921875,16877.55078125,16746.75,16798.400390625,11800
2025-06-30,16846.19921875,16846.19921875,16863.400390625,16768.599609375,16844.80078125,8000
2025-07-01,16851.55078125,16851.55078125,16894.900390625,16754.44921875,16881.0,10400
2025-07-02,16840.19921875,16840.19921875,16883.849609375,16739.69921875,16841.25,9700
2025-07-03,16860.80078125,16860.80078125,16941.099609375,16838.650390625,16884.75,9600
2025-07-04,16841.150390625,16841.150390625,16910.650390625,16741.25,16896.94921875,6100
2025-07-07,16811.150390625,16811.150390625,16878.69921875,16778.099609375,16851.05078125,5000
2025-07-08,16776.099609375,16776.099609375,16847.80078125,16644.0,16820.150390625,6600
2025-07-09,16753.150390625,16753.150390625,16824.80078125,16721.75,16801.25,5400
2025-07-10,16675.650390625,16675.650390625,16791.05078125,16622.900390625,16776.05078125,4700
2025-07-11,16482.900390625,16482.900390625,16675.30078125,16445.150390625,16661.44921875,5300
2025-07-14,16620.30078125,16620.30078125,16639.80078125,16452.0,16528.349609375,11800
2025-07-15,16783.80078125,16783.80078125,16800.0,16616.94921875,16652.900390625,6500
2025-07-16,16776.25,16776.25,16828.05078125,16745.75,16808.5,8600
2025-07-17,16747.44921875,16747.44921875,16830.19921875,16730.69921875,16825.94921875,5200
2025-07-18,16645.400390625,16645.400390625,16776.25,16592.19921875,16764.599609375,5200
2025-07-21,16752.599609375,16752.599609375,16774.94921875,16574.75,16641.650390625,4900
2025-07-22,16621.150390625,16621.150390625,16814.150390625,16604.650390625,16808.80078125,5100
2025-07-23,16694.150390625,16694.150390625,16702.5,16544.75,16648.849609375,4800
2025-07-24,16566.849609375,16566.849609375,16686.900390625,16529.849609375,16685.05078125,4700
2025-07-25,16334.5498046875,16334.5498046875,16567.94921875,16299.7001953125,16519.0,5200
2025-07-28,16254.4501953125,16254.4501953125,16492.650390625,16203.2001953125,16300.5,6200
2025-07-29,16386.150390625,16386.150390625,16406.5,16216.599609375,16227.5498046875,4800
2025-07-30,16367.75,16367.75,16409.150390625,16295.25,16405.25,4700
2025-07-31,16212.4501953125,16212.4501953125,16315.25,16101.9501953125,16170.2998046875,6100
2025-08-01,15963.150390625,15963.150390625,16222.2001953125,15937.7998046875,16210.849609375,6900
2025-08-04,16177.75,16177.75,16187.650390625,15918.25,15958.599609375,6600
2025-08-05,16084.5,16084.5,16186.75,16020.7998046875,16180.349609375,6800
2025-08-06,15955.650390625,15955.650390625,16126.9501953125,15868.5498046875,16126.9501953125,4300
2025-08-07,16034.0498046875,16034.0498046875,16063.2001953125,15768.7998046875,15866.2998046875,5100
2025-08-08,15785.599609375,15785.599609375,16086.349609375,15763.5498046875,16085.900390625,5600
2025-08-11,15922.25,15922.25,15945.25,15717.0498046875,15775.099609375,4500
2025-08-12,15856.0498046875,15856.0498046875,15962.650390625,15844.150390625,15933.849609375,4500
2025-08-13,15996.599609375,15996.599609375,16033.0498046875,15926.599609375,15929.650390625,6700
2025-08-14,15926.150390625,15926.150390625,16061.7001953125,15885.400390625,16038.7001953125,7700
2025-08-18,16136.9501953125,16136.9501953125,16215.650390625,16076.75,16092.75,9400
2025-08-19,16299.349609375,16299.349609375,16314.150390625,16091.900390625,16177.4501953125,5500
2025-08-20,16392.349609375,16392.349609375,16419.849609375,16253.900390625,16299.400390625,7400
2025-08-21,16316.599609375,16316.599609375,16456.44921875,16308.650390625,16441.099609375,5200
2025-08-22,16306.849609375,16306.849609375,16372.150390625,16285.75,16341.5,18100
2025-08-25,16332.7001953125,16332.7001953125,16406.44921875,16322.9501953125,16364.349609375,15200
2025-08-26,16020.400390625,16020.400390625,16289.650390625,15994.849609375,16269.349609375,17000
2025-08-28,15817.349609375,15817.349609375,16034.150390625,15805.4501953125,16034.0498046875,8500
2025-08-29,15714.75,15714.75,15908.25,15696.5,15800.7001953125,10600
2025-09-01,16033.5498046875,16033.5498046875,16042.2998046875,15757.650390625,15762.349609375,6400
2025-09-02,16068.900390625,16068.900390625,16144.5498046875,15972.5498046875,16080.5,5500
2025-09-03,16156.2001953125,16156.2001953125,16172.2001953125,16039.599609375,16087.349609375,8700
2025-09-04,16069.099609375,16069.099609375,16334.400390625,16047.5498046875,16334.400390625,10700
2025-09-05,16091.900390625,16091.900390625,16198.599609375,15987.650390625,16125.7998046875,19500
2025-09-08,16163.349609375,16163.349609375,16244.0,16101.5498046875,16149.599609375,10000
2025-09-09,16208.0498046875,16208.0498046875,16227.650390625,16132.0,16198.25,10300
2025-09-10,16361.7001953125,16361.7001953125,16395.44921875,16293.349609375,16305.0498046875,11100
2025-09-11,16377.0,16377.0,16425.349609375,16337.099609375,16390.099609375,9000
2025-09-12,16430.05078125,16430.05078125,16470.349609375,16408.19921875,16443.650390625,14200
2025-09-15,16507.05078125,16507.05078125,16526.150390625,16434.19921875,16464.099609375,21500
2025-09-16,16600.44921875,16600.44921875,16614.5,16489.599609375,16533.349609375,10500
2025-09-17,16597.900390625,16597.900390625,16673.150390625,16559.349609375,16645.349609375,8000
2025-09-18,16658.900390625,16658.900390625,16672.69921875,16556.55078125,16654.849609375,8000
2025-09-19,16633.900390625,16633.900390625,16697.849609375,16622.099609375,16667.94921875,30300
2025-09-22,16511.44921875,16511.44921875,16645.75,16470.900390625,16590.150390625,11300
2025-09-23,16489.849609375,16489.849609375,16552.75,16427.650390625,16534.94921875,15500
2025-09-24,16313.75,16313.75,16499.349609375,16299.75,16476.099609375,9200
2025-09-25,16205.349609375,16205.349609375,16370.650390625,16179.0498046875,16323.75,10000
2025-09-26,15902.2998046875,15902.2998046875,16198.349609375,15889.400390625,16175.5,18300
2025-09-29,15948.599609375,15948.599609375,16051.150390625,15899.0498046875,15958.2001953125,10300
2025-09-30,15945.400390625,15945.400390625,16021.150390625,15850.9501953125,15995.900390625,8300
2025-10-01,16084.0498046875,16084.0498046875,16098.2001953125,15914.5,15961.599609375,10000
2025-10-03,16199.849609375,16199.849609375,16215.9501953125,16062.25,16105.849609375,9800
2025-10-06,16402.69921875,16402.69921875,16407.099609375,16209.900390625,16210.2998046875,15400
2025-10-07,16474.0,16474.0,16494.5,16391.400390625,16429.25,17300
2025-10-08,16352.900390625,16352.900390625,16518.150390625,16332.650390625,16468.0,13000
2025-10-09,16522.400390625,16522.400390625,16536.099609375,16365.2001953125,16390.400390625,3400
2025-10-10,16615.150390625,16615.150390625,16655.25,16510.0,16542.55078125,7500
2025-10-13,16653.900390625,16653.900390625,16669.25,16524.650390625,16570.349609375,4300
2025-10-14,16500.25,16500.25,16721.900390625,16477.400390625,16707.30078125,3400
2025-10-15,16678.150390625,16678.150390625,16706.5,16545.05078125,16555.150390625,2800
2025-10-16,16766.599609375,16766.599609375,16795.599609375,16674.55078125,16727.650390625,2600
2025-10-17,16668.75,16668.75,16790.30078125,16623.150390625,16770.599609375,5300
2025-10-20,16812.599609375,16812.599609375,16858.69921875,16743.25,16747.19921875,4700
2025-10-21,16814.25,16814.25,16892.0,16786.0,16879.599609375,800
2025-10-23,16799.0,16799.0,16946.44921875,16770.19921875,16893.94921875,4600
2025-10-24,16736.80078125,16736.80078125,16878.30078125,16687.349609375,16824.94921875,3000
2025-10-27,16913.25,16913.25,16921.30078125,16781.05078125,16807.30078125,2800
2025-10-28,16931.25,16931.25,16946.44921875,16858.69921875,16923.19921875,4200
2025-10-29,17034.44921875,17034.44921875,17057.80078125,16897.25,16944.599609375,4000
2025-10-30,17052.25,17052.25,17093.5,16962.55078125,17092.30078125,4100
2025-10-31,17006.30078125,17006.30078125,17119.25,16992.099609375,17073.5,5600
2025-11-03,17135.650390625,17135.650390625,17173.69921875,16989.30078125,17012.30078125,400
2025-11-04,17048.80078125,17048.80078125,17145.69921875,17030.0,17137.349609375,6300
2025-11-06,16931.349609375,16931.349609375,17082.849609375,16908.5,17069.150390625,4000
2025-11-07,17030.900390625,17030.900390625,17053.94921875,16741.05078125,16887.69921875,3900
2025-11-10,17097.44921875,17097.44921875,17152.150390625,17019.349609375,17051.80078125,2700
2025-11-11,17196.599609375,17196.599609375,17208.349609375,17011.19921875,17137.150390625,2800
2025-11-12,17339.650390625,17339.650390625,17385.900390625,17276.69921875,17289.599609375,3400
2025-11-13,17281.30078125,17281.30078125,17415.94921875,17256.400390625,17362.44921875,3100
2025-11-14,17299.69921875,17299.69921875,17366.80078125,17220.349609375,17293.69921875,2700
2025-11-17,17444.5,17444.5,17454.69921875,17347.0,17374.25,3400
2025-11-18,17337.650390625,17337.650390625,17446.900390625,17327.150390625,17445.19921875,3700
2025-11-19,17376.80078125,17376.80078125,17408.599609375,17283.19921875,17349.650390625,2600
2025-11-20,17376.349609375,17376.349609375,17454.599609375,17354.400390625,17448.599609375,2500
2025-11-21,17204.349609375,17204.349609375,17367.69921875,17183.0,17364.55078125,2700
2025-11-24,17092.55078125,17092.55078125,17253.099609375,17065.349609375,17226.55078125,5900
2025-11-25,17188.94921875,17188.94921875,17205.94921875,17081.099609375,17112.05078125,3100
2025-11-26,17424.099609375,17424.099609375,17434.55078125,17196.150390625,17237.44921875,2700
2025-11-27,17451.69921875,17451.69921875,17483.75,17374.849609375,17469.25,3000
2025-11-28,17423.05078125,17423.05078125,17482.25,17402.75,17476.900390625,2700
2025-12-01,17422.69921875,17422.69921875,17498.55078125,17369.44921875,17485.599609375,2900
2025-12-02,17382.099609375,17382.099609375,17488.900390625,17339.0,17430.5,4200
2025-12-03,17215.349609375,17215.349609375,17403.599609375,17176.650390625,17396.05078125,3100
2025-12-04,17252.349609375,17252.349609375,17330.19921875,17224.650390625,17240.80078125,3300
2025-12-05,17383.0,17383.0,17400.55078125,17210.25,17253.80078125,2800
2025-12-08,17085.650390625,17085.650390625,17416.80078125,17010.650390625,17385.75,3200
2025-12-09,17110.25,17110.25,17147.5,16813.80078125,17040.75,3000
2025-12-10,16918.75,16918.75,17201.19921875,16891.80078125,17147.400390625,2300
2025-12-11,17089.75,17089.75,17110.5,16883.19921875,16916.19921875,2000
2025-12-12,17276.19921875,17276.19921875,17291.400390625,17125.05078125,17140.69921875,3300
2025-12-15,17262.69921875,17262.69921875,17274.400390625,17136.30078125,17249.5,2600
2025-12-16,17114.5,17114.5,17253.099609375,17071.75,17251.80078125,2300
2025-12-17,17006.849609375,17006.849609375,17160.80078125,16964.69921875,17109.5,1900
2025-12-18,17091.849609375,17091.849609375,17113.94921875,16895.94921875,17021.55078125,1900
2025-12-19,17265.849609375,17265.849609375,17278.400390625,17087.19921875,17116.19921875,3400
2025-12-22,17397.900390625,17397.900390625,17422.25,17275.94921875,17313.80078125,2200
2025-12-23,17389.30078125,17389.30078125,17421.69921875,17321.30078125,17413.099609375,2400
2025-12-24,17248.19921875,17248.19921875,17436.05078125,17235.599609375,17402.599609375,2100
2025-12-26,17183.30078125,17183.30078125,17327.5,17164.650390625,17245.19921875,2000
2025-12-29,17096.900390625,17096.900390625,17230.05078125,17074.75,17198.05078125,2400
2025-12-30,17059.0,17059.0,17112.30078125,17018.69921875,17092.05078125,7300
2025-12-31,17254.05078125,17254.05078125,17303.19921875,17102.75,17104.0,2700
2026-01-02,17505.69921875,17505.69921875,17514.0,17350.80078125,17390.150390625,3700
2026-01-05,17482.30078125,17482.30078125,17555.94921875,17395.05078125,17554.69921875,3600
2026-01-06,17471.349609375,17471.349609375,17519.349609375,17392.94921875,17499.5,2900
2026-01-07,17534.349609375,17534.349609375,17572.44921875,17443.55078125,17480.25,4300
2026-01-08,17215.44921875,17215.44921875,17536.150390625,17199.30078125,17530.650390625,4600
2026-01-09,17096.5,17096.5,17311.0,17031.80078125,17209.599609375,4900
2026-01-12,17085.400390625,17085.400390625,17134.94921875,16842.0,17100.55078125,3700
2026-01-13,17034.0,17034.0,17193.099609375,16886.849609375,17147.849609375,2900
2026-01-14,17054.25,17054.25,17108.80078125,16959.5,17001.849609375,3000
2026-01-16,17146.19921875,17146.19921875,17259.150390625,17078.650390625,17078.650390625,5700
2026-01-19,17103.0,17103.0,17163.0,17032.44921875,17118.349609375,4100
2026-01-20,16635.80078125,16635.80078125,17097.30078125,16582.599609375,17097.25,4000
2026-01-21,16453.55078125,16453.55078125,16679.75,16228.75,16579.900390625,4200
2026-01-22,16672.0,16672.0,16788.44921875,16540.900390625,16596.400390625,3300
2026-01-23,16348.150390625,16348.150390625,16742.400390625,16320.5,16740.900390625,3700
2026-01-27,16431.349609375,16431.349609375,16480.650390625,16208.7001953125,16401.349609375,4400
2026-01-28,16703.05078125,16703.05078125,16722.849609375,16481.55078125,16495.849609375,3500
2026-01-29,16736.25,16736.25,16749.75,16578.19921875,16731.099609375,5600
2026-01-30,16693.25,16693.25,16751.5,16542.80078125,16642.94921875,3900
2026-02-02,16549.30078125,16549.30078125,16585.849609375,16185.0498046875,16357.349609375,3200
2026-02-03,17013.19921875,17013.19921875,17368.849609375,16944.19921875,17221.150390625,4200
2026-02-04,17123.400390625,17123.400390625,17149.150390625,16848.0,16988.099609375,4100
2026-02-05,17084.94921875,17084.94921875,17120.5,16946.05078125,17120.05078125,400
2026-02-06,17023.30078125,17023.30078125,17043.5,16838.05078125,17029.099609375,2600
2026-02-09,17249.150390625,17249.150390625,17266.19921875,17084.05078125,17128.650390625,2800
2026-02-10,17303.94921875,17303.94921875,17346.44921875,17249.900390625,17344.099609375,3000
2026-02-11,17330.05078125,17330.05078125,17349.55078125,17250.349609375,17325.19921875,4200
2026-02-12,17251.5,17251.5,17325.44921875,17184.69921875,17323.30078125,3600
2026-02-13,16960.44921875,16960.44921875,17104.349609375,16880.44921875,17095.900390625,3200
2026-02-16,17025.69921875,17025.69921875,17040.849609375,16793.25,16867.900390625,2800
2026-02-17,17048.94921875,17048.94921875,17078.19921875,16969.599609375,17021.94921875,241500
2026-02-18,17123.44921875,17123.44921875,17133.400390625,17026.0,17081.099609375,207500
2026-02-19,16844.25,16844.25,17159.44921875,16796.099609375,17146.94921875,246200
2026-02-20,16912.349609375,16912.349609375,16964.5,16783.849609375,16811.349609375,268500
2026-02-23,16772.400390625,16772.400390625,16925.0,16710.05078125,16912.650390625,870700
2026-02-24,16718.75,16718.75,16758.0,16548.94921875,16720.80078125,621700
2026-02-25,16828.69921875,16828.69921875,16871.349609375,16717.44921875,16787.94921875,371800
2026-02-26,16945.05078125,16945.05078125,16965.400390625,16839.099609375,16865.44921875,560000
2026-02-27,16765.599609375,16765.599609375,16963.19921875,16737.19921875,16944.0,486300
2026-03-02,16520.349609375,16520.349609375,16705.650390625,16197.7998046875,16201.900390625,496200
2026-03-04,16198.9501953125,16198.9501953125,16310.150390625,16084.5,16290.900390625,423000
2026-03-05,16441.55078125,16441.55078125,16490.25,16234.849609375,16332.349609375,355500
2026-03-06,16300.849609375,16300.849609375,16529.05078125,16283.5498046875,16413.30078125,307800
2026-03-09,16005.4501953125,16005.4501953125,16038.2001953125,15732.650390625,15991.25,427600
2026-03-10,16262.25,16262.25,16308.599609375,16096.849609375,16217.599609375,360400
2026-03-11,15991.650390625,15991.650390625,16359.0498046875,15961.150390625,16297.0498046875,298500
2026-03-12,15922.2001953125,15922.2001953125,16047.2998046875,15684.400390625,15896.400390625,429200
2026-03-13,15523.7001953125,15523.7001953125,15870.4501953125,15472.4501953125,15837.2998046875,384800
2026-03-16,15497.0,15497.0,15610.900390625,15259.7998046875,15487.2001953125,423600
2026-03-17,15656.75,15656.75,15692.2998046875,15444.75,15570.75,340000
2026-03-18,15983.4501953125,15983.4501953125,16042.2998046875,15685.5498046875,15686.9501953125,294300
2026-03-19,15458.0,15458.0,15730.75,15385.7001953125,15709.349609375,328900
2026-03-20,15572.599609375,15572.599609375,15759.0498046875,15549.150390625,15572.400390625,458000
2026-03-23,15000.5,15000.5,15405.4501953125,14956.150390625,15405.4501953125,430600
2026-03-24,15411.75,15411.75,15477.349609375,15079.5498046875,15322.849609375,336500
2026-03-25,15731.4501953125,15731.4501953125,15827.599609375,15543.4501953125,15556.5498046875,353300
2026-03-27,15396.099609375,15396.099609375,15638.900390625,15367.4501953125,15628.900390625,566300
2026-03-30,14983.349609375,14983.349609375,15228.900390625,14954.900390625,15194.099609375,637500
2026-04-01,15295.4501953125,15295.4501953125,15500.0,15235.349609375,15374.0498046875,460700
2026-04-02,15270.5,15270.5,15305.2001953125,14804.5498046875,15113.25,366400
2026-04-06,15507.2001953125,15507.2001953125,15525.099609375,15096.650390625,15294.7998046875,432500
2026-04-07,15573.7998046875,15573.7998046875,15595.349609375,15252.4501953125,15424.849609375,273800
2026-04-08,16210.349609375,16210.349609375,16237.2998046875,16023.2998046875,16099.150390625,574800
2026-04-09,16246.349609375,16246.349609375,16336.599609375,16056.599609375,16216.349609375,420000
2026-04-10,16452.400390625,16452.400390625,16465.5,16263.7998046875,16333.5,372900
2026-04-13,16326.2998046875,16326.2998046875,16393.150390625,16020.900390625,16128.650390625,428300
2026-04-15,16699.400390625,16699.400390625,16724.349609375,16563.5,16598.400390625,507800
2026-04-16,16804.80078125,16804.80078125,16887.349609375,16659.55078125,16832.80078125,568500
2026-04-17,17014.599609375,17014.599609375,17035.30078125,16769.349609375,16840.150390625,727200
2026-04-20,16981.80078125,16981.80078125,17117.0,16893.150390625,17055.150390625,750800
2026-04-21,17061.25,17061.25,17128.650390625,17002.099609375,17009.849609375,386500
2026-04-22,17057.19921875,17057.19921875,17113.44921875,16989.849609375,17020.25,439500
2026-04-23,16936.05078125,16936.05078125,17034.75,16907.44921875,16995.69921875,405200
2026-04-24,16741.75,16741.75,16995.30078125,16670.05078125,16961.94921875,364700
2026-04-27,16996.19921875,16996.19921875,17032.25,16796.55078125,16812.80078125,515200
2026-04-28,17039.849609375,17039.849609375,17093.55078125,16981.599609375,17017.25,435600
2026-04-29,17029.30078125,17029.30078125,17209.94921875,17001.650390625,17139.650390625,490300
2026-04-30,16882.5,16882.5,16962.349609375,16741.900390625,16959.55078125,370700
2026-05-04,16984.900390625,16984.900390625,17098.650390625,16876.44921875,17002.5,446000
2026-05-05,16997.599609375,16997.599609375,17029.30078125,16887.150390625,16984.400390625,410100
2026-05-06,17372.94921875,17372.94921875,17395.150390625,17168.0,17201.849609375,726500
2026-05-07,17617.55078125,17617.55078125,17644.099609375,17420.55078125,17470.75,601100
2026-05-08,17628.19921875,17628.19921875,17686.30078125,17555.44921875,17636.55078125,473500
2026-05-11,17481.05078125,17481.05078125,17609.30078125,17391.55078125,17543.69921875,473000
2026-05-12,17055.5,17055.5,17494.900390625,17036.30078125,17468.25,469700
2026-05-13,17156.900390625,17156.900390625,17293.849609375,17002.80078125,17082.25,439300
2026-05-14,17357.5,17357.5,17389.099609375,17093.150390625,17257.30078125,433800
2026-05-15,17273.150390625,17273.150390625,17432.69921875,17248.900390625,17404.900390625,380100
2026-05-18,17261.349609375,17261.349609375,17284.400390625,16981.55078125,17163.900390625,365900
2026-05-19,17413.75,17413.75,17549.30078125,17318.55078125,17318.69921875,287900
2026-05-20,17499.80078125,17499.80078125,17521.19921875,17248.900390625,17296.19921875,326100
2026-05-21,17454.099609375,17454.099609375,17660.0,17413.55078125,17620.44921875,346300
2026-05-22,17478.25,17478.25,17516.099609375,17393.0,17513.19921875,326200
2026-05-25,17650.599609375,17650.599609375,17672.30078125,17588.400390625,17637.849609375,391300
2026-05-26,17741.150390625,17741.150390625,17764.75,17633.75,17673.900390625,474100
2026-05-27,17754.94921875,17754.94921875,17843.0,17709.30078125,17762.599609375,499900
2026-05-29,17490.55078125,17490.55078125,17859.099609375,17448.69921875,17850.0,1446500
2026-06-01,17279.19921875,17279.19921875,17583.80078125,17253.05078125,17556.55078125,539300
2026-06-02,17287.30078125,17287.30078125,17318.69921875,17088.19921875,17162.94921875,782200
2026-06-03,17190.5,17190.5,17280.150390625,16975.099609375,17274.099609375,610000
2026-06-04,17264.650390625,17264.650390625,17362.55078125,17080.650390625,17140.0,515300
2026-06-05,17198.900390625,17198.900390625,17382.05078125,17129.0,17323.5,485800
2026-06-08,17039.150390625,17039.150390625,17208.400390625,16936.55078125,16973.05078125,432200
2026-06-09,17248.099609375,17248.099609375,17274.80078125,17123.25,17139.5,401500
2026-06-10,17005.19921875,17005.19921875,17287.099609375,16966.55078125,17264.69921875,372900
2026-06-11,16865.5,16865.5,16983.55078125,16832.900390625,16927.650390625,317400
2026-06-12,17265.900390625,17265.900390625,17281.75,16985.30078125,17083.849609375,423400
2026-06-15,17501.900390625,17501.900390625,17591.69921875,17471.30078125,17541.150390625,527500
2026-06-16,17607.150390625,17607.150390625,17615.94921875,17483.69921875,17570.75,734500
2026-06-17,17659.650390625,17659.650390625,17695.599609375,17565.849609375,17656.25,749400
2026-06-18,17716.849609375,17716.849609375,17730.44921875,17650.5,17693.25,556500
2026-06-19,17735.30078125,17735.30078125,17755.69921875,17579.55078125,17618.150390625,487100
2026-06-22,17800.44921875,17800.44921875,17843.849609375,17759.94921875,17814.099609375,429400
2026-06-23,17639.80078125,17639.80078125,17853.80078125,17611.900390625,17818.05078125,380000
2026-06-24,17690.30078125,17690.30078125,17749.900390625,17552.150390625,17637.25,464600
2026-06-25,17587.849609375,17587.849609375,17800.75,17568.099609375,17767.349609375,406800
2026-06-29,17521.0,17521.0,17635.75,17437.150390625,17573.80078125,821300
2026-06-30,17594.900390625,17594.900390625,17669.0,17475.55078125,17568.19921875,565400
2026-07-01,17716.099609375,17716.099609375,17730.80078125,17636.19921875,17643.55078125,362400
2026-07-02,17806.0,17806.0,17847.849609375,17761.5,17786.25,307000
2026-07-03,17783.25,17783.25,17905.0,17767.55078125,17905.0,406500
2026-07-06,17863.55078125,17863.55078125,17871.25,17765.150390625,17819.94921875,320900
2026-07-07,17864.05078125,17864.05078125,17909.44921875,17763.0,17904.69921875,361000
2026-07-08,17604.44921875,17604.44921875,17861.5,17506.150390625,17775.75,426500
2026-07-09,17844.5,17844.5,17892.400390625,17648.150390625,17651.94921875,298900
2026-07-10,18059.5,18059.5,18069.19921875,17954.25,17977.80078125,257400
2026-07-13,18089.55078125,18089.55078125,18106.849609375,17910.599609375,17953.849609375,279100
2026-07-14,17988.150390625,17988.150390625,18066.900390625,17944.94921875,18019.599609375,280800
2026-07-15,18036.75,18036.75,18114.44921875,17992.69921875,18034.94921875,250900
2026-07-16,17985.099609375,17985.099609375,18096.650390625,17939.80078125,18078.80078125,338300
2026-07-17,17930.849609375,17930.849609375,18018.150390625,17842.099609375,18014.650390625,433600
2026-07-20,18040.150390625,18040.150390625,18068.349609375,17867.5,17902.0,374600
2026-07-21,18091.19921875,18091.19921875,18108.44921875,18024.650390625,18052.599609375,305100
2026-07-22,17884.150390625,17884.150390625,18073.80078125,17855.650390625,18073.69921875,366700
2026-07-23,17690.5,17690.5,17862.94921875,17647.69921875,17823.599609375,285800
2026-07-24,17709.44921875,17709.44921875,17732.349609375,17478.30078125,17581.30078125,261700
2026-07-27,17935.25,17935.25,17947.30078125,17856.94921875,17857.5,413700
2026-07-28,17973.900390625,17973.900390625,18047.400390625,17936.5,17954.30078125,526700
2026-07-29,18087.69921875,18087.69921875,18120.19921875,18036.25,18065.75,497200
2026-07-30,18028.650390625,18028.650390625,18091.150390625,17959.19921875,18062.05078125,358600
2026-07-31,18105.849609375,18105.849609375,18143.099609375,17976.099609375,18061.099609375,313200
2026-08-03,18301.849609375,18301.849609375,18301.849609375,18140.599609375,18188.75,294100
2026-08-04,18215.849609375,18215.849609375,18306.55078125,18127.900390625,18306.55078125,260000
2026-08-05,18218.44921875,18218.44921875,18324.44921875,18179.349609375,18323.80078125,330300
2026-08-06,18125.25,18125.25,18258.650390625,18115.900390625,18256.900390625,260400
2026-08-07,18172.599609375,18172.599609375,18225.599609375,18083.44921875,18100.849609375,220100
2026-08-10,18298.900390625,18298.900390625,18336.75,18155.75,18208.94921875,274700
2026-08-11,18312.349609375,18312.349609375,18327.05078125,18219.150390625,18319.94921875,241300
2026-08-12,18355.94921875,18355.94921875,18355.94921875,18197.0,18333.25,275900
2026-08-13,18396.349609375,18396.349609375,18396.349609375,18288.69921875,18347.900390625,225700
2026-08-14,18260.650390625,18260.650390625,18403.5,18260.650390625,18399.55078125,217600
2026-08-17,18279.0,18279.0,18323.94921875,18185.400390625,18231.55078125,307900
2026-08-18,18216.80078125,18216.80078125,18273.05078125,18188.05078125,18257.5,243300
2026-08-19,18220.69921875,18220.69921875,18242.650390625,18148.849609375,18236.80078125,236600
2026-08-20,18300.650390625,18300.650390625,18385.849609375,18283.69921875,18319.44921875,201600
2026-08-21,18320.25,18320.25,18320.25,18226.0,18307.25,193700
2026-08-24,18331.75,18331.75,18358.80078125,18283.69921875,18334.650390625,200000
2026-08-25,18412.25,18412.25,18412.25,18265.150390625,18330.55078125,273500
2026-08-26,18380.599609375,18380.599609375,18500.94921875,18380.599609375,18446.099609375,234100
2026-08-27,18361.75,18361.75,18452.0,18348.44921875,18414.900390625,205600
2026-08-28,18405.80078125,18405.80078125,18449.25,18360.349609375,18377.650390625,221600
2026-08-31,18491.44921875,18491.44921875,18491.44921875,18207.75,18380.900390625,453600
2026-09-01,18248.80078125,18248.80078125,18418.05078125,18174.25,18416.900390625,254100
2026-09-02,18120.19921875,18120.19921875,18138.30078125,17966.55078125,18136.69921875,256400
2026-09-03,18170.25,18170.25,18181.30078125,18066.349609375,18165.19921875,305500
2026-09-04,18127.75,18127.75,18226.19921875,18114.650390625,18185.69921875,386900
2026-09-07,18051.599609375,18051.599609375,18159.69921875,18004.650390625,18126.44921875,195300
2026-09-08,18093.0,18093.0,18109.55078125,17984.900390625,18037.94921875,198400
2026-09-09,17994.099609375,17994.099609375,18046.80078125,17949.900390625,17980.5,263300
2026-09-10,17928.69921875,17928.69921875,17987.349609375,17878.25,17976.30078125,215600
2026-09-11,17929.75,17929.75,17955.5,17655.150390625,17827.69921875,451000
2026-09-15,17556.349609375,17556.349609375,18040.599609375,17556.349609375,18015.69921875,290000
2026-09-16,17560.099609375,17560.099609375,17662.650390625,17373.69921875,17607.900390625,411300
2026-09-17,17728.75,17728.75,17789.80078125,17561.599609375,17567.25,232200
2026-09-18,17882.900390625,17882.900390625,17882.900390625,17757.5,17761.349609375,357200
2026-09-21,17879.650390625,17879.650390625,17920.55078125,17825.44921875,17835.349609375,231100
2026-09-23,17979.650390625,17979.650390625,17979.650390625,17873.349609375,17902.44921875,317400
2026-09-24,17518.05078125,17518.05078125,17802.94921875,17497.69921875,17709.5,0
